Command line invocation:
    /Applications/Xcode-beta.app/Contents/Developer/usr/bin/xcodebuild -project /var/folders/42/c0cl6_w541l5dyv2jjnh0f0w0000gn/T/tessera-native-setup-rj8h6d5l/project/TesseraSetupInteractions.xcodeproj -scheme SetupInteractionTests -destination id=9108AFCE-E437-42FF-A946-C41349BE6540 -derivedDataPath /var/folders/42/c0cl6_w541l5dyv2jjnh0f0w0000gn/T/tessera-native-setup-rj8h6d5l/build -resultBundlePath /var/folders/42/c0cl6_w541l5dyv2jjnh0f0w0000gn/T/tessera-native-setup-rj8h6d5l/run.xcresult -collect-test-diagnostics never test

Writing result bundle at path:
	/var/folders/42/c0cl6_w541l5dyv2jjnh0f0w0000gn/T/tessera-native-setup-rj8h6d5l/run.xcresult

ComputePackagePrebuildTargetDependencyGraph

Prepare packages

CreateBuildRequest

SendProjectDescription

CreateBuildOperation

ComputeTargetDependencyGraph
note: Building targets in dependency order
note: Target dependency graph (1 target)
    Target 'SetupInteractionTests' in project 'TesseraSetupInteractions' (no dependencies)

GatherProvisioningInputs

CreateBuildDescription

ExecuteExternalTool /Applications/Xcode-beta.app/Contents/Developer/Toolchains/XcodeDefault.xctoolchain/usr/bin/clang -v -E -dM -isysroot /Applications/Xcode-beta.app/Contents/Developer/Platforms/iPhoneSimulator.platform/Developer/SDKs/iPhoneSimulator27.0.sdk -x c -c /dev/null

ExecuteExternalTool /Applications/Xcode-beta.app/Contents/Developer/Toolchains/XcodeDefault.xctoolchain/usr/bin/swiftc --version

ExecuteExternalTool /Applications/Xcode-beta.app/Contents/Developer/Toolchains/XcodeDefault.xctoolchain/usr/bin/ld -version_details

Build description signature: 75114a36a3e2398673dbe8a8dc192b9e
Build description path: /var/folders/42/c0cl6_w541l5dyv2jjnh0f0w0000gn/T/tessera-native-setup-rj8h6d5l/build/Build/Intermediates.noindex/XCBuildData/75114a36a3e2398673dbe8a8dc192b9e.xcbuilddata
CreateBuildDirectory /var/folders/42/c0cl6_w541l5dyv2jjnh0f0w0000gn/T/tessera-native-setup-rj8h6d5l/build/SDKExplicitPrecompiledModules
    cd /var/folders/42/c0cl6_w541l5dyv2jjnh0f0w0000gn/T/tessera-native-setup-rj8h6d5l/project/TesseraSetupInteractions.xcodeproj
    builtin-create-build-directory /var/folders/42/c0cl6_w541l5dyv2jjnh0f0w0000gn/T/tessera-native-setup-rj8h6d5l/build/SDKExplicitPrecompiledModules

CreateBuildDirectory /var/folders/42/c0cl6_w541l5dyv2jjnh0f0w0000gn/T/tessera-native-setup-rj8h6d5l/build/ModuleCache.noindex
    cd /var/folders/42/c0cl6_w541l5dyv2jjnh0f0w0000gn/T/tessera-native-setup-rj8h6d5l/project/TesseraSetupInteractions.xcodeproj
    builtin-create-build-directory /var/folders/42/c0cl6_w541l5dyv2jjnh0f0w0000gn/T/tessera-native-setup-rj8h6d5l/build/ModuleCache.noindex

CreateBuildDirectory /var/folders/42/c0cl6_w541l5dyv2jjnh0f0w0000gn/T/tessera-native-setup-rj8h6d5l/build/CompilationCache.noindex
    cd /var/folders/42/c0cl6_w541l5dyv2jjnh0f0w0000gn/T/tessera-native-setup-rj8h6d5l/project/TesseraSetupInteractions.xcodeproj
    builtin-create-build-directory /var/folders/42/c0cl6_w541l5dyv2jjnh0f0w0000gn/T/tessera-native-setup-rj8h6d5l/build/CompilationCache.noindex

CreateBuildDirectory /var/folders/42/c0cl6_w541l5dyv2jjnh0f0w0000gn/T/tessera-native-setup-rj8h6d5l/build/Build/Intermediates.noindex
    cd /var/folders/42/c0cl6_w541l5dyv2jjnh0f0w0000gn/T/tessera-native-setup-rj8h6d5l/project/TesseraSetupInteractions.xcodeproj
    builtin-create-build-directory /var/folders/42/c0cl6_w541l5dyv2jjnh0f0w0000gn/T/tessera-native-setup-rj8h6d5l/build/Build/Intermediates.noindex

ClangStatCache /Applications/Xcode-beta.app/Contents/Developer/Toolchains/XcodeDefault.xctoolchain/usr/bin/clang-stat-cache /Applications/Xcode-beta.app/Contents/Developer/Platforms/iPhoneSimulator.platform/Developer/SDKs/iPhoneSimulator27.0.sdk /var/folders/42/c0cl6_w541l5dyv2jjnh0f0w0000gn/T/tessera-native-setup-rj8h6d5l/build/SDKStatCaches.noindex/iphonesimulator27.0-24A5408c-be13878bbdcd767c5c3aec63d1bf53923243818bda632a4370e1cc7a9fd181c5.sdkstatcache
    cd /var/folders/42/c0cl6_w541l5dyv2jjnh0f0w0000gn/T/tessera-native-setup-rj8h6d5l/project/TesseraSetupInteractions.xcodeproj
    /Applications/Xcode-beta.app/Contents/Developer/Toolchains/XcodeDefault.xctoolchain/usr/bin/clang-stat-cache /Applications/Xcode-beta.app/Contents/Developer/Platforms/iPhoneSimulator.platform/Developer/SDKs/iPhoneSimulator27.0.sdk -o /var/folders/42/c0cl6_w541l5dyv2jjnh0f0w0000gn/T/tessera-native-setup-rj8h6d5l/build/SDKStatCaches.noindex/iphonesimulator27.0-24A5408c-be13878bbdcd767c5c3aec63d1bf53923243818bda632a4370e1cc7a9fd181c5.sdkstatcache

CreateBuildDirectory /var/folders/42/c0cl6_w541l5dyv2jjnh0f0w0000gn/T/tessera-native-setup-rj8h6d5l/build/Build/Products
    cd /var/folders/42/c0cl6_w541l5dyv2jjnh0f0w0000gn/T/tessera-native-setup-rj8h6d5l/project/TesseraSetupInteractions.xcodeproj
    builtin-create-build-directory /var/folders/42/c0cl6_w541l5dyv2jjnh0f0w0000gn/T/tessera-native-setup-rj8h6d5l/build/Build/Products

CreateBuildDirectory /var/folders/42/c0cl6_w541l5dyv2jjnh0f0w0000gn/T/tessera-native-setup-rj8h6d5l/build/Build/Intermediates.noindex/SwiftExplicitPrecompiledModules
    cd /var/folders/42/c0cl6_w541l5dyv2jjnh0f0w0000gn/T/tessera-native-setup-rj8h6d5l/project/TesseraSetupInteractions.xcodeproj
    builtin-create-build-directory /var/folders/42/c0cl6_w541l5dyv2jjnh0f0w0000gn/T/tessera-native-setup-rj8h6d5l/build/Build/Intermediates.noindex/SwiftExplicitPrecompiledModules

CreateBuildDirectory /var/folders/42/c0cl6_w541l5dyv2jjnh0f0w0000gn/T/tessera-native-setup-rj8h6d5l/build/Build/Intermediates.noindex/PrecompiledHeaders
    cd /var/folders/42/c0cl6_w541l5dyv2jjnh0f0w0000gn/T/tessera-native-setup-rj8h6d5l/project/TesseraSetupInteractions.xcodeproj
    builtin-create-build-directory /var/folders/42/c0cl6_w541l5dyv2jjnh0f0w0000gn/T/tessera-native-setup-rj8h6d5l/build/Build/Intermediates.noindex/PrecompiledHeaders

CreateBuildDirectory /var/folders/42/c0cl6_w541l5dyv2jjnh0f0w0000gn/T/tessera-native-setup-rj8h6d5l/build/Build/Intermediates.noindex/ExplicitPrecompiledModules
    cd /var/folders/42/c0cl6_w541l5dyv2jjnh0f0w0000gn/T/tessera-native-setup-rj8h6d5l/project/TesseraSetupInteractions.xcodeproj
    builtin-create-build-directory /var/folders/42/c0cl6_w541l5dyv2jjnh0f0w0000gn/T/tessera-native-setup-rj8h6d5l/build/Build/Intermediates.noindex/ExplicitPrecompiledModules

CreateBuildDirectory /var/folders/42/c0cl6_w541l5dyv2jjnh0f0w0000gn/T/tessera-native-setup-rj8h6d5l/build/Build/Products/Debug-iphonesimulator
    cd /var/folders/42/c0cl6_w541l5dyv2jjnh0f0w0000gn/T/tessera-native-setup-rj8h6d5l/project/TesseraSetupInteractions.xcodeproj
    builtin-create-build-directory /var/folders/42/c0cl6_w541l5dyv2jjnh0f0w0000gn/T/tessera-native-setup-rj8h6d5l/build/Build/Products/Debug-iphonesimulator

CreateBuildDirectory /var/folders/42/c0cl6_w541l5dyv2jjnh0f0w0000gn/T/tessera-native-setup-rj8h6d5l/build/Build/Intermediates.noindex/EagerLinkingTBDs/Debug-iphonesimulator
    cd /var/folders/42/c0cl6_w541l5dyv2jjnh0f0w0000gn/T/tessera-native-setup-rj8h6d5l/project/TesseraSetupInteractions.xcodeproj
    builtin-create-build-directory /var/folders/42/c0cl6_w541l5dyv2jjnh0f0w0000gn/T/tessera-native-setup-rj8h6d5l/build/Build/Intermediates.noindex/EagerLinkingTBDs/Debug-iphonesimulator

WriteAuxiliaryFile /var/folders/42/c0cl6_w541l5dyv2jjnh0f0w0000gn/T/tessera-native-setup-rj8h6d5l/build/Build/Intermediates.noindex/TesseraSetupInteractions.build/Debug-iphonesimulator/TesseraSetupInteractions-264fbe6ae0bcb119e70e1462cfee0ef5-VFS-iphonesimulator/all-product-headers.yaml
    cd /var/folders/42/c0cl6_w541l5dyv2jjnh0f0w0000gn/T/tessera-native-setup-rj8h6d5l/project/TesseraSetupInteractions.xcodeproj
    write-file /var/folders/42/c0cl6_w541l5dyv2jjnh0f0w0000gn/T/tessera-native-setup-rj8h6d5l/build/Build/Intermediates.noindex/TesseraSetupInteractions.build/Debug-iphonesimulator/TesseraSetupInteractions-264fbe6ae0bcb119e70e1462cfee0ef5-VFS-iphonesimulator/all-product-headers.yaml

WriteAuxiliaryFile /var/folders/42/c0cl6_w541l5dyv2jjnh0f0w0000gn/T/tessera-native-setup-rj8h6d5l/build/Build/Intermediates.noindex/TesseraSetupInteractions.build/Debug-iphonesimulator/SetupInteractionTests.build/SetupInteractionTests-all-target-headers.hmap (in target 'SetupInteractionTests' from project 'TesseraSetupInteractions')
    cd /var/folders/42/c0cl6_w541l5dyv2jjnh0f0w0000gn/T/tessera-native-setup-rj8h6d5l/project
    write-file /var/folders/42/c0cl6_w541l5dyv2jjnh0f0w0000gn/T/tessera-native-setup-rj8h6d5l/build/Build/Intermediates.noindex/TesseraSetupInteractions.build/Debug-iphonesimulator/SetupInteractionTests.build/SetupInteractionTests-all-target-headers.hmap

WriteAuxiliaryFile /var/folders/42/c0cl6_w541l5dyv2jjnh0f0w0000gn/T/tessera-native-setup-rj8h6d5l/build/Build/Intermediates.noindex/TesseraSetupInteractions.build/Debug-iphonesimulator/SetupInteractionTests.build/SetupInteractionTests-all-non-framework-target-headers.hmap (in target 'SetupInteractionTests' from project 'TesseraSetupInteractions')
    cd /var/folders/42/c0cl6_w541l5dyv2jjnh0f0w0000gn/T/tessera-native-setup-rj8h6d5l/project
    write-file /var/folders/42/c0cl6_w541l5dyv2jjnh0f0w0000gn/T/tessera-native-setup-rj8h6d5l/build/Build/Intermediates.noindex/TesseraSetupInteractions.build/Debug-iphonesimulator/SetupInteractionTests.build/SetupInteractionTests-all-non-framework-target-headers.hmap

WriteAuxiliaryFile /var/folders/42/c0cl6_w541l5dyv2jjnh0f0w0000gn/T/tessera-native-setup-rj8h6d5l/build/Build/Intermediates.noindex/TesseraSetupInteractions.build/Debug-iphonesimulator/SetupInteractionTests.build/SetupInteractionTests.hmap (in target 'SetupInteractionTests' from project 'TesseraSetupInteractions')
    cd /var/folders/42/c0cl6_w541l5dyv2jjnh0f0w0000gn/T/tessera-native-setup-rj8h6d5l/project
    write-file /var/folders/42/c0cl6_w541l5dyv2jjnh0f0w0000gn/T/tessera-native-setup-rj8h6d5l/build/Build/Intermediates.noindex/TesseraSetupInteractions.build/Debug-iphonesimulator/SetupInteractionTests.build/SetupInteractionTests.hmap

WriteAuxiliaryFile /var/folders/42/c0cl6_w541l5dyv2jjnh0f0w0000gn/T/tessera-native-setup-rj8h6d5l/build/Build/Intermediates.noindex/TesseraSetupInteractions.build/Debug-iphonesimulator/SetupInteractionTests.build/SetupInteractionTests-generated-files.hmap (in target 'SetupInteractionTests' from project 'TesseraSetupInteractions')
    cd /var/folders/42/c0cl6_w541l5dyv2jjnh0f0w0000gn/T/tessera-native-setup-rj8h6d5l/project
    write-file /var/folders/42/c0cl6_w541l5dyv2jjnh0f0w0000gn/T/tessera-native-setup-rj8h6d5l/build/Build/Intermediates.noindex/TesseraSetupInteractions.build/Debug-iphonesimulator/SetupInteractionTests.build/SetupInteractionTests-generated-files.hmap

WriteAuxiliaryFile /var/folders/42/c0cl6_w541l5dyv2jjnh0f0w0000gn/T/tessera-native-setup-rj8h6d5l/build/Build/Intermediates.noindex/TesseraSetupInteractions.build/Debug-iphonesimulator/SetupInteractionTests.build/ProductTypeInfoPlistAdditions.plist (in target 'SetupInteractionTests' from project 'TesseraSetupInteractions')
    cd /var/folders/42/c0cl6_w541l5dyv2jjnh0f0w0000gn/T/tessera-native-setup-rj8h6d5l/project
    write-file /var/folders/42/c0cl6_w541l5dyv2jjnh0f0w0000gn/T/tessera-native-setup-rj8h6d5l/build/Build/Intermediates.noindex/TesseraSetupInteractions.build/Debug-iphonesimulator/SetupInteractionTests.build/ProductTypeInfoPlistAdditions.plist

WriteAuxiliaryFile /var/folders/42/c0cl6_w541l5dyv2jjnh0f0w0000gn/T/tessera-native-setup-rj8h6d5l/build/Build/Intermediates.noindex/TesseraSetupInteractions.build/Debug-iphonesimulator/SetupInteractionTests.build/SetupInteractionTests.DependencyMetadataFileList (in target 'SetupInteractionTests' from project 'TesseraSetupInteractions')
    cd /var/folders/42/c0cl6_w541l5dyv2jjnh0f0w0000gn/T/tessera-native-setup-rj8h6d5l/project
    write-file /var/folders/42/c0cl6_w541l5dyv2jjnh0f0w0000gn/T/tessera-native-setup-rj8h6d5l/build/Build/Intermediates.noindex/TesseraSetupInteractions.build/Debug-iphonesimulator/SetupInteractionTests.build/SetupInteractionTests.DependencyMetadataFileList

WriteAuxiliaryFile /var/folders/42/c0cl6_w541l5dyv2jjnh0f0w0000gn/T/tessera-native-setup-rj8h6d5l/build/Build/Intermediates.noindex/TesseraSetupInteractions.build/Debug-iphonesimulator/SetupInteractionTests.build/SetupInteractionTests.DependencyStaticMetadataFileList (in target 'SetupInteractionTests' from project 'TesseraSetupInteractions')
    cd /var/folders/42/c0cl6_w541l5dyv2jjnh0f0w0000gn/T/tessera-native-setup-rj8h6d5l/project
    write-file /var/folders/42/c0cl6_w541l5dyv2jjnh0f0w0000gn/T/tessera-native-setup-rj8h6d5l/build/Build/Intermediates.noindex/TesseraSetupInteractions.build/Debug-iphonesimulator/SetupInteractionTests.build/SetupInteractionTests.DependencyStaticMetadataFileList

WriteAuxiliaryFile /var/folders/42/c0cl6_w541l5dyv2jjnh0f0w0000gn/T/tessera-native-setup-rj8h6d5l/build/Build/Intermediates.noindex/TesseraSetupInteractions.build/Debug-iphonesimulator/SetupInteractionTests.build/empty-SetupInteractionTests.plist (in target 'SetupInteractionTests' from project 'TesseraSetupInteractions')
    cd /var/folders/42/c0cl6_w541l5dyv2jjnh0f0w0000gn/T/tessera-native-setup-rj8h6d5l/project
    write-file /var/folders/42/c0cl6_w541l5dyv2jjnh0f0w0000gn/T/tessera-native-setup-rj8h6d5l/build/Build/Intermediates.noindex/TesseraSetupInteractions.build/Debug-iphonesimulator/SetupInteractionTests.build/empty-SetupInteractionTests.plist

WriteAuxiliaryFile /var/folders/42/c0cl6_w541l5dyv2jjnh0f0w0000gn/T/tessera-native-setup-rj8h6d5l/build/Build/Intermediates.noindex/TesseraSetupInteractions.build/Debug-iphonesimulator/SetupInteractionTests.build/SetupInteractionTests-project-headers.hmap (in target 'SetupInteractionTests' from project 'TesseraSetupInteractions')
    cd /var/folders/42/c0cl6_w541l5dyv2jjnh0f0w0000gn/T/tessera-native-setup-rj8h6d5l/project
    write-file /var/folders/42/c0cl6_w541l5dyv2jjnh0f0w0000gn/T/tessera-native-setup-rj8h6d5l/build/Build/Intermediates.noindex/TesseraSetupInteractions.build/Debug-iphonesimulator/SetupInteractionTests.build/SetupInteractionTests-project-headers.hmap

WriteAuxiliaryFile /var/folders/42/c0cl6_w541l5dyv2jjnh0f0w0000gn/T/tessera-native-setup-rj8h6d5l/build/Build/Intermediates.noindex/TesseraSetupInteractions.build/Debug-iphonesimulator/SetupInteractionTests.build/SetupInteractionTests-own-target-headers.hmap (in target 'SetupInteractionTests' from project 'TesseraSetupInteractions')
    cd /var/folders/42/c0cl6_w541l5dyv2jjnh0f0w0000gn/T/tessera-native-setup-rj8h6d5l/project
    write-file /var/folders/42/c0cl6_w541l5dyv2jjnh0f0w0000gn/T/tessera-native-setup-rj8h6d5l/build/Build/Intermediates.noindex/TesseraSetupInteractions.build/Debug-iphonesimulator/SetupInteractionTests.build/SetupInteractionTests-own-target-headers.hmap

WriteAuxiliaryFile /var/folders/42/c0cl6_w541l5dyv2jjnh0f0w0000gn/T/tessera-native-setup-rj8h6d5l/build/Build/Intermediates.noindex/TesseraSetupInteractions.build/Debug-iphonesimulator/SetupInteractionTests.build/Objects-normal/arm64/SetupInteractionTests.LinkFileList (in target 'SetupInteractionTests' from project 'TesseraSetupInteractions')
    cd /var/folders/42/c0cl6_w541l5dyv2jjnh0f0w0000gn/T/tessera-native-setup-rj8h6d5l/project
    write-file /var/folders/42/c0cl6_w541l5dyv2jjnh0f0w0000gn/T/tessera-native-setup-rj8h6d5l/build/Build/Intermediates.noindex/TesseraSetupInteractions.build/Debug-iphonesimulator/SetupInteractionTests.build/Objects-normal/arm64/SetupInteractionTests.LinkFileList

WriteAuxiliaryFile /var/folders/42/c0cl6_w541l5dyv2jjnh0f0w0000gn/T/tessera-native-setup-rj8h6d5l/build/Build/Intermediates.noindex/TesseraSetupInteractions.build/Debug-iphonesimulator/SetupInteractionTests.build/Objects-normal/arm64/SetupInteractionTests-OutputFileMap.json (in target 'SetupInteractionTests' from project 'TesseraSetupInteractions')
    cd /var/folders/42/c0cl6_w541l5dyv2jjnh0f0w0000gn/T/tessera-native-setup-rj8h6d5l/project
    write-file /var/folders/42/c0cl6_w541l5dyv2jjnh0f0w0000gn/T/tessera-native-setup-rj8h6d5l/build/Build/Intermediates.noindex/TesseraSetupInteractions.build/Debug-iphonesimulator/SetupInteractionTests.build/Objects-normal/arm64/SetupInteractionTests-OutputFileMap.json

WriteAuxiliaryFile /var/folders/42/c0cl6_w541l5dyv2jjnh0f0w0000gn/T/tessera-native-setup-rj8h6d5l/build/Build/Intermediates.noindex/TesseraSetupInteractions.build/Debug-iphonesimulator/SetupInteractionTests.build/Objects-normal/arm64/SetupInteractionTests_const_extract_protocols.json (in target 'SetupInteractionTests' from project 'TesseraSetupInteractions')
    cd /var/folders/42/c0cl6_w541l5dyv2jjnh0f0w0000gn/T/tessera-native-setup-rj8h6d5l/project
    write-file /var/folders/42/c0cl6_w541l5dyv2jjnh0f0w0000gn/T/tessera-native-setup-rj8h6d5l/build/Build/Intermediates.noindex/TesseraSetupInteractions.build/Debug-iphonesimulator/SetupInteractionTests.build/Objects-normal/arm64/SetupInteractionTests_const_extract_protocols.json

MkDir /var/folders/42/c0cl6_w541l5dyv2jjnh0f0w0000gn/T/tessera-native-setup-rj8h6d5l/build/Build/Products/Debug-iphonesimulator/SetupInteractionTests-Runner.app/PlugIns/SetupInteractionTests.xctest (in target 'SetupInteractionTests' from project 'TesseraSetupInteractions')
    cd /var/folders/42/c0cl6_w541l5dyv2jjnh0f0w0000gn/T/tessera-native-setup-rj8h6d5l/project
    /bin/mkdir -p /var/folders/42/c0cl6_w541l5dyv2jjnh0f0w0000gn/T/tessera-native-setup-rj8h6d5l/build/Build/Products/Debug-iphonesimulator/SetupInteractionTests-Runner.app/PlugIns/SetupInteractionTests.xctest

WriteAuxiliaryFile /var/folders/42/c0cl6_w541l5dyv2jjnh0f0w0000gn/T/tessera-native-setup-rj8h6d5l/build/Build/Intermediates.noindex/TesseraSetupInteractions.build/Debug-iphonesimulator/SetupInteractionTests.build/Objects-normal/arm64/SetupInteractionTests.SwiftFileList (in target 'SetupInteractionTests' from project 'TesseraSetupInteractions')
    cd /var/folders/42/c0cl6_w541l5dyv2jjnh0f0w0000gn/T/tessera-native-setup-rj8h6d5l/project
    write-file /var/folders/42/c0cl6_w541l5dyv2jjnh0f0w0000gn/T/tessera-native-setup-rj8h6d5l/build/Build/Intermediates.noindex/TesseraSetupInteractions.build/Debug-iphonesimulator/SetupInteractionTests.build/Objects-normal/arm64/SetupInteractionTests.SwiftFileList

WriteAuxiliaryFile /var/folders/42/c0cl6_w541l5dyv2jjnh0f0w0000gn/T/tessera-native-setup-rj8h6d5l/build/Build/Intermediates.noindex/TesseraSetupInteractions.build/Debug-iphonesimulator/SetupInteractionTests.build/Objects-normal/arm64/SetupInteractionTests.SwiftConstValuesFileList (in target 'SetupInteractionTests' from project 'TesseraSetupInteractions')
    cd /var/folders/42/c0cl6_w541l5dyv2jjnh0f0w0000gn/T/tessera-native-setup-rj8h6d5l/project
    write-file /var/folders/42/c0cl6_w541l5dyv2jjnh0f0w0000gn/T/tessera-native-setup-rj8h6d5l/build/Build/Intermediates.noindex/TesseraSetupInteractions.build/Debug-iphonesimulator/SetupInteractionTests.build/Objects-normal/arm64/SetupInteractionTests.SwiftConstValuesFileList

ProcessInfoPlistFile /var/folders/42/c0cl6_w541l5dyv2jjnh0f0w0000gn/T/tessera-native-setup-rj8h6d5l/build/Build/Products/Debug-iphonesimulator/SetupInteractionTests-Runner.app/PlugIns/SetupInteractionTests.xctest/Info.plist /var/folders/42/c0cl6_w541l5dyv2jjnh0f0w0000gn/T/tessera-native-setup-rj8h6d5l/build/Build/Intermediates.noindex/TesseraSetupInteractions.build/Debug-iphonesimulator/SetupInteractionTests.build/empty-SetupInteractionTests.plist (in target 'SetupInteractionTests' from project 'TesseraSetupInteractions')
    cd /var/folders/42/c0cl6_w541l5dyv2jjnh0f0w0000gn/T/tessera-native-setup-rj8h6d5l/project
    builtin-infoPlistUtility /var/folders/42/c0cl6_w541l5dyv2jjnh0f0w0000gn/T/tessera-native-setup-rj8h6d5l/build/Build/Intermediates.noindex/TesseraSetupInteractions.build/Debug-iphonesimulator/SetupInteractionTests.build/empty-SetupInteractionTests.plist -producttype com.apple.product-type.bundle.ui-testing -expandbuildsettings -format binary -platform iphonesimulator -additionalcontentfile /var/folders/42/c0cl6_w541l5dyv2jjnh0f0w0000gn/T/tessera-native-setup-rj8h6d5l/build/Build/Intermediates.noindex/TesseraSetupInteractions.build/Debug-iphonesimulator/SetupInteractionTests.build/ProductTypeInfoPlistAdditions.plist -o /var/folders/42/c0cl6_w541l5dyv2jjnh0f0w0000gn/T/tessera-native-setup-rj8h6d5l/build/Build/Products/Debug-iphonesimulator/SetupInteractionTests-Runner.app/PlugIns/SetupInteractionTests.xctest/Info.plist

SwiftDriver SetupInteractionTests normal arm64 com.apple.xcode.tools.swift.compiler (in target 'SetupInteractionTests' from project 'TesseraSetupInteractions')
    cd /var/folders/42/c0cl6_w541l5dyv2jjnh0f0w0000gn/T/tessera-native-setup-rj8h6d5l/project
    builtin-SwiftDriver -- /Applications/Xcode-beta.app/Contents/Developer/Toolchains/XcodeDefault.xctoolchain/usr/bin/swiftc -module-name SetupInteractionTests -Onone @/var/folders/42/c0cl6_w541l5dyv2jjnh0f0w0000gn/T/tessera-native-setup-rj8h6d5l/build/Build/Intermediates.noindex/TesseraSetupInteractions.build/Debug-iphonesimulator/SetupInteractionTests.build/Objects-normal/arm64/SetupInteractionTests.SwiftFileList -DDEBUG -module-alias Testing\=_Testing_Unavailable -plugin-path /Applications/Xcode-beta.app/Contents/Developer/Toolchains/XcodeDefault.xctoolchain/usr/lib/swift/host/plugins/testing -enable-bare-slash-regex -enable-experimental-feature DebugDescriptionMacro -sdk /Applications/Xcode-beta.app/Contents/Developer/Platforms/iPhoneSimulator.platform/Developer/SDKs/iPhoneSimulator27.0.sdk -target arm64-apple-ios18.0-simulator -g -module-cache-path /var/folders/42/c0cl6_w541l5dyv2jjnh0f0w0000gn/T/tessera-native-setup-rj8h6d5l/build/ModuleCache.noindex -Xfrontend -serialize-debugging-options -enable-testing -index-store-path /var/folders/42/c0cl6_w541l5dyv2jjnh0f0w0000gn/T/tessera-native-setup-rj8h6d5l/build/Index.noindex/DataStore -Xcc -D_LIBCPP_HARDENING_MODE\=_LIBCPP_HARDENING_MODE_DEBUG -swift-version 5 -I /var/folders/42/c0cl6_w541l5dyv2jjnh0f0w0000gn/T/tessera-native-setup-rj8h6d5l/build/Build/Products/Debug-iphonesimulator -Isystem /Applications/Xcode-beta.app/Contents/Developer/Platforms/iPhoneSimulator.platform/Developer/usr/lib -F /var/folders/42/c0cl6_w541l5dyv2jjnh0f0w0000gn/T/tessera-native-setup-rj8h6d5l/build/Build/Products/Debug-iphonesimulator -F /Applications/Xcode-beta.app/Contents/Developer/Platforms/iPhoneSimulator.platform/Developer/Library/Frameworks -F /Applications/Xcode-beta.app/Contents/Developer/Platforms/iPhoneSimulator.platform/Developer/SDKs/iPhoneSimulator27.0.sdk/Developer/Library/Frameworks -parse-as-library -c -j15 -enable-batch-mode -incremental -Xcc -ivfsstatcache -Xcc /var/folders/42/c0cl6_w541l5dyv2jjnh0f0w0000gn/T/tessera-native-setup-rj8h6d5l/build/SDKStatCaches.noindex/iphonesimulator27.0-24A5408c-be13878bbdcd767c5c3aec63d1bf53923243818bda632a4370e1cc7a9fd181c5.sdkstatcache -output-file-map /var/folders/42/c0cl6_w541l5dyv2jjnh0f0w0000gn/T/tessera-native-setup-rj8h6d5l/build/Build/Intermediates.noindex/TesseraSetupInteractions.build/Debug-iphonesimulator/SetupInteractionTests.build/Objects-normal/arm64/SetupInteractionTests-OutputFileMap.json -save-temps -no-color-diagnostics -explicit-module-build -module-cache-path /var/folders/42/c0cl6_w541l5dyv2jjnh0f0w0000gn/T/tessera-native-setup-rj8h6d5l/build/Build/Intermediates.noindex/SwiftExplicitPrecompiledModules -clang-scanner-module-cache-path /var/folders/42/c0cl6_w541l5dyv2jjnh0f0w0000gn/T/tessera-native-setup-rj8h6d5l/build/ModuleCache.noindex -sdk-module-cache-path /var/folders/42/c0cl6_w541l5dyv2jjnh0f0w0000gn/T/tessera-native-setup-rj8h6d5l/build/SDKExplicitPrecompiledModules -emit-dependencies -emit-module -emit-module-path /var/folders/42/c0cl6_w541l5dyv2jjnh0f0w0000gn/T/tessera-native-setup-rj8h6d5l/build/Build/Intermediates.noindex/TesseraSetupInteractions.build/Debug-iphonesimulator/SetupInteractionTests.build/Objects-normal/arm64/SetupInteractionTests.swiftmodule -serialize-diagnostics -dependency-scan-serialize-diagnostics-path /var/folders/42/c0cl6_w541l5dyv2jjnh0f0w0000gn/T/tessera-native-setup-rj8h6d5l/build/Build/Intermediates.noindex/TesseraSetupInteractions.build/Debug-iphonesimulator/SetupInteractionTests.build/Objects-normal/arm64/SetupInteractionTests-dependency-scan.dia -validate-clang-modules-once -clang-build-session-file /var/folders/42/c0cl6_w541l5dyv2jjnh0f0w0000gn/T/tessera-native-setup-rj8h6d5l/build/ModuleCache.noindex/Session.modulevalidation -Xcc -fmodules-prune-interval\=86400 -Xcc -fmodules-prune-after\=345600 -emit-const-values -const-gather-protocols-list /var/folders/42/c0cl6_w541l5dyv2jjnh0f0w0000gn/T/tessera-native-setup-rj8h6d5l/build/Build/Intermediates.noindex/TesseraSetupInteractions.build/Debug-iphonesimulator/SetupInteractionTests.build/Objects-normal/arm64/SetupInteractionTests_const_extract_protocols.json -Xcc -iquote -Xcc /var/folders/42/c0cl6_w541l5dyv2jjnh0f0w0000gn/T/tessera-native-setup-rj8h6d5l/build/Build/Intermediates.noindex/TesseraSetupInteractions.build/Debug-iphonesimulator/SetupInteractionTests.build/SetupInteractionTests-generated-files.hmap -Xcc -I/var/folders/42/c0cl6_w541l5dyv2jjnh0f0w0000gn/T/tessera-native-setup-rj8h6d5l/build/Build/Intermediates.noindex/TesseraSetupInteractions.build/Debug-iphonesimulator/SetupInteractionTests.build/SetupInteractionTests-own-target-headers.hmap -Xcc -I/var/folders/42/c0cl6_w541l5dyv2jjnh0f0w0000gn/T/tessera-native-setup-rj8h6d5l/build/Build/Intermediates.noindex/TesseraSetupInteractions.build/Debug-iphonesimulator/SetupInteractionTests.build/SetupInteractionTests-all-target-headers.hmap -Xcc -iquote -Xcc /var/folders/42/c0cl6_w541l5dyv2jjnh0f0w0000gn/T/tessera-native-setup-rj8h6d5l/build/Build/Intermediates.noindex/TesseraSetupInteractions.build/Debug-iphonesimulator/SetupInteractionTests.build/SetupInteractionTests-project-headers.hmap -Xcc -I/var/folders/42/c0cl6_w541l5dyv2jjnh0f0w0000gn/T/tessera-native-setup-rj8h6d5l/build/Build/Products/Debug-iphonesimulator/include -Xcc -I/var/folders/42/c0cl6_w541l5dyv2jjnh0f0w0000gn/T/tessera-native-setup-rj8h6d5l/build/Build/Intermediates.noindex/TesseraSetupInteractions.build/Debug-iphonesimulator/SetupInteractionTests.build/DerivedSources-normal/arm64 -Xcc -I/var/folders/42/c0cl6_w541l5dyv2jjnh0f0w0000gn/T/tessera-native-setup-rj8h6d5l/build/Build/Intermediates.noindex/TesseraSetupInteractions.build/Debug-iphonesimulator/SetupInteractionTests.build/DerivedSources/arm64 -Xcc -I/var/folders/42/c0cl6_w541l5dyv2jjnh0f0w0000gn/T/tessera-native-setup-rj8h6d5l/build/Build/Intermediates.noindex/TesseraSetupInteractions.build/Debug-iphonesimulator/SetupInteractionTests.build/DerivedSources -Xcc -DDEBUG\=1 -emit-objc-header -emit-objc-header-path /var/folders/42/c0cl6_w541l5dyv2jjnh0f0w0000gn/T/tessera-native-setup-rj8h6d5l/build/Build/Intermediates.noindex/TesseraSetupInteractions.build/Debug-iphonesimulator/SetupInteractionTests.build/Objects-normal/arm64/SetupInteractionTests-Swift.h -working-directory /var/folders/42/c0cl6_w541l5dyv2jjnh0f0w0000gn/T/tessera-native-setup-rj8h6d5l/project -experimental-emit-module-separately -disable-cmo

SwiftExplicitDependencyGeneratePcm arm64 /var/folders/42/c0cl6_w541l5dyv2jjnh0f0w0000gn/T/tessera-native-setup-rj8h6d5l/build/SDKExplicitPrecompiledModules/ptrauth-A2WPXY20N4G5BSD58OH5QYLJO.pcm

SwiftExplicitDependencyGeneratePcm arm64 /var/folders/42/c0cl6_w541l5dyv2jjnh0f0w0000gn/T/tessera-native-setup-rj8h6d5l/build/SDKExplicitPrecompiledModules/_Builtin_stddef-CEXGANRMBOJ6GTAN6JTNR2BDF.pcm

SwiftExplicitDependencyGeneratePcm arm64 /var/folders/42/c0cl6_w541l5dyv2jjnh0f0w0000gn/T/tessera-native-setup-rj8h6d5l/build/SDKExplicitPrecompiledModules/SwiftShims-8T7BV1K5MYQE7H7SX21IBTLSW.pcm

SwiftExplicitDependencyGeneratePcm arm64 /var/folders/42/c0cl6_w541l5dyv2jjnh0f0w0000gn/T/tessera-native-setup-rj8h6d5l/build/SDKExplicitPrecompiledModules/_Builtin_float-813EAH876CZ4J7XCDYJ1MPRJY.pcm

SwiftExplicitDependencyGeneratePcm arm64 /var/folders/42/c0cl6_w541l5dyv2jjnh0f0w0000gn/T/tessera-native-setup-rj8h6d5l/build/SDKExplicitPrecompiledModules/_SwiftConcurrencyShims-CKO20AHB5VTHEUCJTG8N6CCDA.pcm

SwiftExplicitDependencyGeneratePcm arm64 /var/folders/42/c0cl6_w541l5dyv2jjnh0f0w0000gn/T/tessera-native-setup-rj8h6d5l/build/SDKExplicitPrecompiledModules/ptrcheck-4QVP8QDU0LLQFS9XC1QC53KHM.pcm

SwiftExplicitDependencyGeneratePcm arm64 /var/folders/42/c0cl6_w541l5dyv2jjnh0f0w0000gn/T/tessera-native-setup-rj8h6d5l/build/SDKExplicitPrecompiledModules/DeveloperToolsSupport-40ZSNSS1MTR59BJTQHHUYAD6H.pcm

SwiftExplicitDependencyGeneratePcm arm64 /var/folders/42/c0cl6_w541l5dyv2jjnh0f0w0000gn/T/tessera-native-setup-rj8h6d5l/build/SDKExplicitPrecompiledModules/_Builtin_stdarg-2ABTCKRNC5QYVCUBO91M6QZUA.pcm

SwiftExplicitDependencyGeneratePcm arm64 /var/folders/42/c0cl6_w541l5dyv2jjnh0f0w0000gn/T/tessera-native-setup-rj8h6d5l/build/SDKExplicitPrecompiledModules/_AvailabilityInternal-769SUJJIVZAROD60DGIOLCGB4.pcm

SwiftExplicitDependencyGeneratePcm arm64 /var/folders/42/c0cl6_w541l5dyv2jjnh0f0w0000gn/T/tessera-native-setup-rj8h6d5l/build/SDKExplicitPrecompiledModules/_Builtin_stdbool-EO3WMF36IEC7TAGV41822S152.pcm

SwiftExplicitDependencyGeneratePcm arm64 /var/folders/42/c0cl6_w541l5dyv2jjnh0f0w0000gn/T/tessera-native-setup-rj8h6d5l/build/SDKExplicitPrecompiledModules/_DarwinFoundation1-AKNNX4DUITU4N4OBABDTJ49C3.pcm

SwiftExplicitDependencyGeneratePcm arm64 /var/folders/42/c0cl6_w541l5dyv2jjnh0f0w0000gn/T/tessera-native-setup-rj8h6d5l/build/SDKExplicitPrecompiledModules/_DarwinFoundation2-9K9APIPJEXHA0X26SZIG73T6I.pcm

SwiftExplicitDependencyGeneratePcm arm64 /var/folders/42/c0cl6_w541l5dyv2jjnh0f0w0000gn/T/tessera-native-setup-rj8h6d5l/build/SDKExplicitPrecompiledModules/_Builtin_limits-1RE1R2BDV3FX8POD0PB9KAV3T.pcm

SwiftExplicitDependencyGeneratePcm arm64 /var/folders/42/c0cl6_w541l5dyv2jjnh0f0w0000gn/T/tessera-native-setup-rj8h6d5l/build/SDKExplicitPrecompiledModules/_Builtin_stdint-CWUE843KQKQ11H4CPMIDBO969.pcm

SwiftExplicitDependencyGeneratePcm arm64 /var/folders/42/c0cl6_w541l5dyv2jjnh0f0w0000gn/T/tessera-native-setup-rj8h6d5l/build/SDKExplicitPrecompiledModules/_Builtin_tgmath-F4VLFH44PPXQGADP6ZXHO2ER1.pcm

SwiftExplicitDependencyGeneratePcm arm64 /var/folders/42/c0cl6_w541l5dyv2jjnh0f0w0000gn/T/tessera-native-setup-rj8h6d5l/build/SDKExplicitPrecompiledModules/sys_types-7W0NW2CNGIW7HHP8R22COL431.pcm

SwiftExplicitDependencyGeneratePcm arm64 /var/folders/42/c0cl6_w541l5dyv2jjnh0f0w0000gn/T/tessera-native-setup-rj8h6d5l/build/SDKExplicitPrecompiledModules/string_h-C2ZM84K4IXC5TOXS07VJRJY57.pcm

SwiftExplicitDependencyGeneratePcm arm64 /var/folders/42/c0cl6_w541l5dyv2jjnh0f0w0000gn/T/tessera-native-setup-rj8h6d5l/build/SDKExplicitPrecompiledModules/_Builtin_stdatomic-6FMS3PC3U7HQFIYXY4VPI1VO9.pcm

SwiftExplicitDependencyGeneratePcm arm64 /var/folders/42/c0cl6_w541l5dyv2jjnh0f0w0000gn/T/tessera-native-setup-rj8h6d5l/build/SDKExplicitPrecompiledModules/_DarwinFoundation3-E3EF05I1PI6333SY6REZ2VNHF.pcm

SwiftExplicitDependencyGeneratePcm arm64 /var/folders/42/c0cl6_w541l5dyv2jjnh0f0w0000gn/T/tessera-native-setup-rj8h6d5l/build/SDKExplicitPrecompiledModules/_Builtin_intrinsics-BK3XDIY9Q2M7OCKWL15VVH9ND.pcm

SwiftExplicitDependencyGeneratePcm arm64 /var/folders/42/c0cl6_w541l5dyv2jjnh0f0w0000gn/T/tessera-native-setup-rj8h6d5l/build/SDKExplicitPrecompiledModules/_Builtin_inttypes-9HL6N29VMHQJDI4T1I2W07LZL.pcm

SwiftExplicitDependencyGeneratePcm arm64 /var/folders/42/c0cl6_w541l5dyv2jjnh0f0w0000gn/T/tessera-native-setup-rj8h6d5l/build/SDKExplicitPrecompiledModules/Darwin-1X5YEQKLVON2N2NZ057PWFIV8.pcm

SwiftExplicitDependencyGeneratePcm arm64 /var/folders/42/c0cl6_w541l5dyv2jjnh0f0w0000gn/T/tessera-native-setup-rj8h6d5l/build/SDKExplicitPrecompiledModules/simd-9GHV9Z7K2A5NXRGDD2ZNFKX4J.pcm

SwiftExplicitDependencyGeneratePcm arm64 /var/folders/42/c0cl6_w541l5dyv2jjnh0f0w0000gn/T/tessera-native-setup-rj8h6d5l/build/SDKExplicitPrecompiledModules/MachO-5P1E707TE3P6XOXS4517AYN09.pcm

SwiftExplicitDependencyGeneratePcm arm64 /var/folders/42/c0cl6_w541l5dyv2jjnh0f0w0000gn/T/tessera-native-setup-rj8h6d5l/build/SDKExplicitPrecompiledModules/ObjectiveC-8GDBSJHFDCOSGLJMD8K7NKAEM.pcm

SwiftExplicitDependencyGeneratePcm arm64 /var/folders/42/c0cl6_w541l5dyv2jjnh0f0w0000gn/T/tessera-native-setup-rj8h6d5l/build/SDKExplicitPrecompiledModules/os_object-6U7FWFQNNY3YBZ0KCHHI6LIF2.pcm

SwiftExplicitDependencyGeneratePcm arm64 /var/folders/42/c0cl6_w541l5dyv2jjnh0f0w0000gn/T/tessera-native-setup-rj8h6d5l/build/SDKExplicitPrecompiledModules/Spatial-1RTDP1M8PZO5LKLU2PURJ1GTJ.pcm

SwiftExplicitDependencyGeneratePcm arm64 /var/folders/42/c0cl6_w541l5dyv2jjnh0f0w0000gn/T/tessera-native-setup-rj8h6d5l/build/SDKExplicitPrecompiledModules/os_workgroup-EG7CUFQK2J68JFQERBVQVQXEO.pcm

SwiftExplicitDependencyGeneratePcm arm64 /var/folders/42/c0cl6_w541l5dyv2jjnh0f0w0000gn/T/tessera-native-setup-rj8h6d5l/build/SDKExplicitPrecompiledModules/Dispatch-6UH8D989WI10U57USDOJBH3MQ.pcm

SwiftExplicitDependencyGeneratePcm arm64 /var/folders/42/c0cl6_w541l5dyv2jjnh0f0w0000gn/T/tessera-native-setup-rj8h6d5l/build/SDKExplicitPrecompiledModules/CoreFoundation-29IITHSNJ7XIC2WQBL81J6SDA.pcm

SwiftExplicitDependencyGeneratePcm arm64 /var/folders/42/c0cl6_w541l5dyv2jjnh0f0w0000gn/T/tessera-native-setup-rj8h6d5l/build/SDKExplicitPrecompiledModules/XPC-22L6BUC9TRFI96XWOO6JLAP1A.pcm

SwiftExplicitDependencyGeneratePcm arm64 /var/folders/42/c0cl6_w541l5dyv2jjnh0f0w0000gn/T/tessera-native-setup-rj8h6d5l/build/SDKExplicitPrecompiledModules/os-300DNKVGQQRO8OVC15YXUA2RC.pcm

SwiftExplicitDependencyGeneratePcm arm64 /var/folders/42/c0cl6_w541l5dyv2jjnh0f0w0000gn/T/tessera-native-setup-rj8h6d5l/build/SDKExplicitPrecompiledModules/CFNetwork-9OTHXGASFJFNYGRK64F9RTGGZ.pcm

SwiftExplicitDependencyGeneratePcm arm64 /var/folders/42/c0cl6_w541l5dyv2jjnh0f0w0000gn/T/tessera-native-setup-rj8h6d5l/build/SDKExplicitPrecompiledModules/Security-CIQFP7P29BDJRVSVJGC0JX1TP.pcm

SwiftExplicitDependencyGeneratePcm arm64 /var/folders/42/c0cl6_w541l5dyv2jjnh0f0w0000gn/T/tessera-native-setup-rj8h6d5l/build/SDKExplicitPrecompiledModules/CoreGraphics-9X4XPW1NN6V3NIE203KBKKQNX.pcm

SwiftExplicitDependencyGeneratePcm arm64 /var/folders/42/c0cl6_w541l5dyv2jjnh0f0w0000gn/T/tessera-native-setup-rj8h6d5l/build/SDKExplicitPrecompiledModules/Foundation-A6U2MDNN5ZTOE8PZL9EN293U0.pcm

SwiftExplicitDependencyGeneratePcm arm64 /var/folders/42/c0cl6_w541l5dyv2jjnh0f0w0000gn/T/tessera-native-setup-rj8h6d5l/build/SDKExplicitPrecompiledModules/ImageIO-6CQJ342QPKLVWY45Y57THU44U.pcm

SwiftExplicitDependencyGeneratePcm arm64 /var/folders/42/c0cl6_w541l5dyv2jjnh0f0w0000gn/T/tessera-native-setup-rj8h6d5l/build/SDKExplicitPrecompiledModules/CoreText-4G84NWW13J2ZMGV9RTGSNPTIA.pcm

SwiftExplicitDependencyGeneratePcm arm64 /var/folders/42/c0cl6_w541l5dyv2jjnh0f0w0000gn/T/tessera-native-setup-rj8h6d5l/build/SDKExplicitPrecompiledModules/UserNotifications-167GUZ86178EJXIMYP330SGAX.pcm

SwiftExplicitDependencyGeneratePcm arm64 /var/folders/42/c0cl6_w541l5dyv2jjnh0f0w0000gn/T/tessera-native-setup-rj8h6d5l/build/SDKExplicitPrecompiledModules/Symbols-30IENOK7N2XE8MQWECSXDDUPA.pcm

SwiftExplicitDependencyGeneratePcm arm64 /var/folders/42/c0cl6_w541l5dyv2jjnh0f0w0000gn/T/tessera-native-setup-rj8h6d5l/build/SDKExplicitPrecompiledModules/DataDetection-AUL8Q54L3SCEJNPL9HFTGW5FG.pcm

SwiftExplicitDependencyGeneratePcm arm64 /var/folders/42/c0cl6_w541l5dyv2jjnh0f0w0000gn/T/tessera-native-setup-rj8h6d5l/build/SDKExplicitPrecompiledModules/OSLog-EJ5KJXCVZ1SG49N17OVN33C9Y.pcm

SwiftExplicitDependencyGeneratePcm arm64 /var/folders/42/c0cl6_w541l5dyv2jjnh0f0w0000gn/T/tessera-native-setup-rj8h6d5l/build/SDKExplicitPrecompiledModules/Accessibility-BQMKZSGA80E0M0LMA2DWRLCOK.pcm

SwiftExplicitDependencyGeneratePcm arm64 /var/folders/42/c0cl6_w541l5dyv2jjnh0f0w0000gn/T/tessera-native-setup-rj8h6d5l/build/SDKExplicitPrecompiledModules/FileProvider-7XVKO4WGT2HN0VB1BYQISEA9P.pcm

SwiftExplicitDependencyGeneratePcm arm64 /var/folders/42/c0cl6_w541l5dyv2jjnh0f0w0000gn/T/tessera-native-setup-rj8h6d5l/build/SDKExplicitPrecompiledModules/IOSurface-CR4KYY0HQMXIBVXGCZXZLLUOQ.pcm

SwiftExplicitDependencyGeneratePcm arm64 /var/folders/42/c0cl6_w541l5dyv2jjnh0f0w0000gn/T/tessera-native-setup-rj8h6d5l/build/SDKExplicitPrecompiledModules/CoreTransferable-4G90F4JJZO20XM5HMISBRHCU0.pcm

SwiftExplicitDependencyGeneratePcm arm64 /var/folders/42/c0cl6_w541l5dyv2jjnh0f0w0000gn/T/tessera-native-setup-rj8h6d5l/build/SDKExplicitPrecompiledModules/OpenGLES-CUGJVA5OQ70L3YZFYXL2KC9D8.pcm

SwiftExplicitDependencyGeneratePcm arm64 /var/folders/42/c0cl6_w541l5dyv2jjnh0f0w0000gn/T/tessera-native-setup-rj8h6d5l/build/SDKExplicitPrecompiledModules/UniformTypeIdentifiers-ENS6W3SPJG8Z9B28TZFW2X9XA.pcm

SwiftExplicitDependencyGeneratePcm arm64 /var/folders/42/c0cl6_w541l5dyv2jjnh0f0w0000gn/T/tessera-native-setup-rj8h6d5l/build/SDKExplicitPrecompiledModules/UIUtilities-40EQM9IQISXDHHPDUG4B4YQL2.pcm

SwiftExplicitDependencyGeneratePcm arm64 /var/folders/42/c0cl6_w541l5dyv2jjnh0f0w0000gn/T/tessera-native-setup-rj8h6d5l/build/SDKExplicitPrecompiledModules/_LocationEssentials-1TSR70HDU87L6UHFJN6RYQA7E.pcm

SwiftExplicitDependencyGeneratePcm arm64 /var/folders/42/c0cl6_w541l5dyv2jjnh0f0w0000gn/T/tessera-native-setup-rj8h6d5l/build/SDKExplicitPrecompiledModules/CoreLocation-DYBNIAMZ78IG8TQ0DGFES19VF.pcm

SwiftExplicitDependencyGeneratePcm arm64 /var/folders/42/c0cl6_w541l5dyv2jjnh0f0w0000gn/T/tessera-native-setup-rj8h6d5l/build/SDKExplicitPrecompiledModules/Metal-6B1RH5WDZM29Y13B8MC1459VB.pcm

SwiftExplicitDependencyGeneratePcm arm64 /var/folders/42/c0cl6_w541l5dyv2jjnh0f0w0000gn/T/tessera-native-setup-rj8h6d5l/build/SDKExplicitPrecompiledModules/CoreMotion-FHJVBOOHQHBYRXFTIG5IM2OX.pcm

SwiftExplicitDependencyGeneratePcm arm64 /var/folders/42/c0cl6_w541l5dyv2jjnh0f0w0000gn/T/tessera-native-setup-rj8h6d5l/build/SDKExplicitPrecompiledModules/CoreVideo-D0ANMZJPBR7AH0HMGGPZ7X1H2.pcm

SwiftExplicitDependencyGeneratePcm arm64 /var/folders/42/c0cl6_w541l5dyv2jjnh0f0w0000gn/T/tessera-native-setup-rj8h6d5l/build/SDKExplicitPrecompiledModules/QuartzCore-4JTYZXG7ZIHJBMLIUVDE43JK6.pcm

SwiftExplicitDependencyGeneratePcm arm64 /var/folders/42/c0cl6_w541l5dyv2jjnh0f0w0000gn/T/tessera-native-setup-rj8h6d5l/build/SDKExplicitPrecompiledModules/CoreImage-6CE5NJV3ACVUSOWTPKGWWVTFU.pcm

SwiftExplicitDependencyGeneratePcm arm64 /var/folders/42/c0cl6_w541l5dyv2jjnh0f0w0000gn/T/tessera-native-setup-rj8h6d5l/build/SDKExplicitPrecompiledModules/SwiftUICore-CCENUSNKYTZWLORWLPJVYVEX0.pcm

SwiftExplicitDependencyGeneratePcm arm64 /var/folders/42/c0cl6_w541l5dyv2jjnh0f0w0000gn/T/tessera-native-setup-rj8h6d5l/build/SDKExplicitPrecompiledModules/UIKit-9UFBM0FPXJD0N60FLT9BS56FB.pcm

SwiftExplicitDependencyGeneratePcm arm64 /var/folders/42/c0cl6_w541l5dyv2jjnh0f0w0000gn/T/tessera-native-setup-rj8h6d5l/build/Build/Intermediates.noindex/SwiftExplicitPrecompiledModules/XCUIAutomation-C02RNEFN3A82FFMP3G8XW4DI9.pcm

SwiftExplicitDependencyGeneratePcm arm64 /var/folders/42/c0cl6_w541l5dyv2jjnh0f0w0000gn/T/tessera-native-setup-rj8h6d5l/build/Build/Intermediates.noindex/SwiftExplicitPrecompiledModules/XCTest-7F9SQO85A27O37W3P4U88VMZJ.pcm

SwiftExplicitDependencyCompileModuleFromInterface arm64 /var/folders/42/c0cl6_w541l5dyv2jjnh0f0w0000gn/T/tessera-native-setup-rj8h6d5l/build/Build/Intermediates.noindex/SwiftExplicitPrecompiledModules/XCUIAutomation-29COJTNF5P848.swiftmodule

SwiftExplicitDependencyCompileModuleFromInterface arm64 /var/folders/42/c0cl6_w541l5dyv2jjnh0f0w0000gn/T/tessera-native-setup-rj8h6d5l/build/Build/Intermediates.noindex/SwiftExplicitPrecompiledModules/XCTest-3HC26OKMAK4AT.swiftmodule

SwiftCompile normal arm64 Compiling\ SetupInteractionTests.swift /tmp/tessera-weather-release-source/scripts/qa/setup-uitests/SetupInteractionTests.swift (in target 'SetupInteractionTests' from project 'TesseraSetupInteractions')

SwiftCompile normal arm64 /tmp/tessera-weather-release-source/scripts/qa/setup-uitests/SetupInteractionTests.swift (in target 'SetupInteractionTests' from project 'TesseraSetupInteractions')
    cd /var/folders/42/c0cl6_w541l5dyv2jjnh0f0w0000gn/T/tessera-native-setup-rj8h6d5l/project
    builtin-SwiftPerFileCompile SetupInteractionTests.swift

SwiftEmitModule normal arm64 Emitting\ module\ for\ SetupInteractionTests (in target 'SetupInteractionTests' from project 'TesseraSetupInteractions')

SwiftCompile normal arm64 (in target 'SetupInteractionTests' from project 'TesseraSetupInteractions')
    cd /var/folders/42/c0cl6_w541l5dyv2jjnh0f0w0000gn/T/tessera-native-setup-rj8h6d5l/project
    

SwiftDriverJobDiscovery normal arm64 Emitting module for SetupInteractionTests (in target 'SetupInteractionTests' from project 'TesseraSetupInteractions')

SwiftDriver\ Compilation\ Requirements SetupInteractionTests normal arm64 com.apple.xcode.tools.swift.compiler (in target 'SetupInteractionTests' from project 'TesseraSetupInteractions')
    cd /var/folders/42/c0cl6_w541l5dyv2jjnh0f0w0000gn/T/tessera-native-setup-rj8h6d5l/project
    builtin-Swift-Compilation-Requirements -- /Applications/Xcode-beta.app/Contents/Developer/Toolchains/XcodeDefault.xctoolchain/usr/bin/swiftc -module-name SetupInteractionTests -Onone @/var/folders/42/c0cl6_w541l5dyv2jjnh0f0w0000gn/T/tessera-native-setup-rj8h6d5l/build/Build/Intermediates.noindex/TesseraSetupInteractions.build/Debug-iphonesimulator/SetupInteractionTests.build/Objects-normal/arm64/SetupInteractionTests.SwiftFileList -DDEBUG -module-alias Testing\=_Testing_Unavailable -plugin-path /Applications/Xcode-beta.app/Contents/Developer/Toolchains/XcodeDefault.xctoolchain/usr/lib/swift/host/plugins/testing -enable-bare-slash-regex -enable-experimental-feature DebugDescriptionMacro -sdk /Applications/Xcode-beta.app/Contents/Developer/Platforms/iPhoneSimulator.platform/Developer/SDKs/iPhoneSimulator27.0.sdk -target arm64-apple-ios18.0-simulator -g -module-cache-path /var/folders/42/c0cl6_w541l5dyv2jjnh0f0w0000gn/T/tessera-native-setup-rj8h6d5l/build/ModuleCache.noindex -Xfrontend -serialize-debugging-options -enable-testing -index-store-path /var/folders/42/c0cl6_w541l5dyv2jjnh0f0w0000gn/T/tessera-native-setup-rj8h6d5l/build/Index.noindex/DataStore -Xcc -D_LIBCPP_HARDENING_MODE\=_LIBCPP_HARDENING_MODE_DEBUG -swift-version 5 -I /var/folders/42/c0cl6_w541l5dyv2jjnh0f0w0000gn/T/tessera-native-setup-rj8h6d5l/build/Build/Products/Debug-iphonesimulator -Isystem /Applications/Xcode-beta.app/Contents/Developer/Platforms/iPhoneSimulator.platform/Developer/usr/lib -F /var/folders/42/c0cl6_w541l5dyv2jjnh0f0w0000gn/T/tessera-native-setup-rj8h6d5l/build/Build/Products/Debug-iphonesimulator -F /Applications/Xcode-beta.app/Contents/Developer/Platforms/iPhoneSimulator.platform/Developer/Library/Frameworks -F /Applications/Xcode-beta.app/Contents/Developer/Platforms/iPhoneSimulator.platform/Developer/SDKs/iPhoneSimulator27.0.sdk/Developer/Library/Frameworks -parse-as-library -c -j15 -enable-batch-mode -incremental -Xcc -ivfsstatcache -Xcc /var/folders/42/c0cl6_w541l5dyv2jjnh0f0w0000gn/T/tessera-native-setup-rj8h6d5l/build/SDKStatCaches.noindex/iphonesimulator27.0-24A5408c-be13878bbdcd767c5c3aec63d1bf53923243818bda632a4370e1cc7a9fd181c5.sdkstatcache -output-file-map /var/folders/42/c0cl6_w541l5dyv2jjnh0f0w0000gn/T/tessera-native-setup-rj8h6d5l/build/Build/Intermediates.noindex/TesseraSetupInteractions.build/Debug-iphonesimulator/SetupInteractionTests.build/Objects-normal/arm64/SetupInteractionTests-OutputFileMap.json -save-temps -no-color-diagnostics -explicit-module-build -module-cache-path /var/folders/42/c0cl6_w541l5dyv2jjnh0f0w0000gn/T/tessera-native-setup-rj8h6d5l/build/Build/Intermediates.noindex/SwiftExplicitPrecompiledModules -clang-scanner-module-cache-path /var/folders/42/c0cl6_w541l5dyv2jjnh0f0w0000gn/T/tessera-native-setup-rj8h6d5l/build/ModuleCache.noindex -sdk-module-cache-path /var/folders/42/c0cl6_w541l5dyv2jjnh0f0w0000gn/T/tessera-native-setup-rj8h6d5l/build/SDKExplicitPrecompiledModules -emit-dependencies -emit-module -emit-module-path /var/folders/42/c0cl6_w541l5dyv2jjnh0f0w0000gn/T/tessera-native-setup-rj8h6d5l/build/Build/Intermediates.noindex/TesseraSetupInteractions.build/Debug-iphonesimulator/SetupInteractionTests.build/Objects-normal/arm64/SetupInteractionTests.swiftmodule -serialize-diagnostics -dependency-scan-serialize-diagnostics-path /var/folders/42/c0cl6_w541l5dyv2jjnh0f0w0000gn/T/tessera-native-setup-rj8h6d5l/build/Build/Intermediates.noindex/TesseraSetupInteractions.build/Debug-iphonesimulator/SetupInteractionTests.build/Objects-normal/arm64/SetupInteractionTests-dependency-scan.dia -validate-clang-modules-once -clang-build-session-file /var/folders/42/c0cl6_w541l5dyv2jjnh0f0w0000gn/T/tessera-native-setup-rj8h6d5l/build/ModuleCache.noindex/Session.modulevalidation -Xcc -fmodules-prune-interval\=86400 -Xcc -fmodules-prune-after\=345600 -emit-const-values -const-gather-protocols-list /var/folders/42/c0cl6_w541l5dyv2jjnh0f0w0000gn/T/tessera-native-setup-rj8h6d5l/build/Build/Intermediates.noindex/TesseraSetupInteractions.build/Debug-iphonesimulator/SetupInteractionTests.build/Objects-normal/arm64/SetupInteractionTests_const_extract_protocols.json -Xcc -iquote -Xcc /var/folders/42/c0cl6_w541l5dyv2jjnh0f0w0000gn/T/tessera-native-setup-rj8h6d5l/build/Build/Intermediates.noindex/TesseraSetupInteractions.build/Debug-iphonesimulator/SetupInteractionTests.build/SetupInteractionTests-generated-files.hmap -Xcc -I/var/folders/42/c0cl6_w541l5dyv2jjnh0f0w0000gn/T/tessera-native-setup-rj8h6d5l/build/Build/Intermediates.noindex/TesseraSetupInteractions.build/Debug-iphonesimulator/SetupInteractionTests.build/SetupInteractionTests-own-target-headers.hmap -Xcc -I/var/folders/42/c0cl6_w541l5dyv2jjnh0f0w0000gn/T/tessera-native-setup-rj8h6d5l/build/Build/Intermediates.noindex/TesseraSetupInteractions.build/Debug-iphonesimulator/SetupInteractionTests.build/SetupInteractionTests-all-target-headers.hmap -Xcc -iquote -Xcc /var/folders/42/c0cl6_w541l5dyv2jjnh0f0w0000gn/T/tessera-native-setup-rj8h6d5l/build/Build/Intermediates.noindex/TesseraSetupInteractions.build/Debug-iphonesimulator/SetupInteractionTests.build/SetupInteractionTests-project-headers.hmap -Xcc -I/var/folders/42/c0cl6_w541l5dyv2jjnh0f0w0000gn/T/tessera-native-setup-rj8h6d5l/build/Build/Products/Debug-iphonesimulator/include -Xcc -I/var/folders/42/c0cl6_w541l5dyv2jjnh0f0w0000gn/T/tessera-native-setup-rj8h6d5l/build/Build/Intermediates.noindex/TesseraSetupInteractions.build/Debug-iphonesimulator/SetupInteractionTests.build/DerivedSources-normal/arm64 -Xcc -I/var/folders/42/c0cl6_w541l5dyv2jjnh0f0w0000gn/T/tessera-native-setup-rj8h6d5l/build/Build/Intermediates.noindex/TesseraSetupInteractions.build/Debug-iphonesimulator/SetupInteractionTests.build/DerivedSources/arm64 -Xcc -I/var/folders/42/c0cl6_w541l5dyv2jjnh0f0w0000gn/T/tessera-native-setup-rj8h6d5l/build/Build/Intermediates.noindex/TesseraSetupInteractions.build/Debug-iphonesimulator/SetupInteractionTests.build/DerivedSources -Xcc -DDEBUG\=1 -emit-objc-header -emit-objc-header-path /var/folders/42/c0cl6_w541l5dyv2jjnh0f0w0000gn/T/tessera-native-setup-rj8h6d5l/build/Build/Intermediates.noindex/TesseraSetupInteractions.build/Debug-iphonesimulator/SetupInteractionTests.build/Objects-normal/arm64/SetupInteractionTests-Swift.h -working-directory /var/folders/42/c0cl6_w541l5dyv2jjnh0f0w0000gn/T/tessera-native-setup-rj8h6d5l/project -experimental-emit-module-separately -disable-cmo

SwiftMergeGeneratedHeaders /var/folders/42/c0cl6_w541l5dyv2jjnh0f0w0000gn/T/tessera-native-setup-rj8h6d5l/build/Build/Intermediates.noindex/TesseraSetupInteractions.build/Debug-iphonesimulator/SetupInteractionTests.build/DerivedSources/SetupInteractionTests-Swift.h /var/folders/42/c0cl6_w541l5dyv2jjnh0f0w0000gn/T/tessera-native-setup-rj8h6d5l/build/Build/Intermediates.noindex/TesseraSetupInteractions.build/Debug-iphonesimulator/SetupInteractionTests.build/Objects-normal/arm64/SetupInteractionTests-Swift.h (in target 'SetupInteractionTests' from project 'TesseraSetupInteractions')
    cd /var/folders/42/c0cl6_w541l5dyv2jjnh0f0w0000gn/T/tessera-native-setup-rj8h6d5l/project
    builtin-swiftHeaderTool -arch arm64 /var/folders/42/c0cl6_w541l5dyv2jjnh0f0w0000gn/T/tessera-native-setup-rj8h6d5l/build/Build/Intermediates.noindex/TesseraSetupInteractions.build/Debug-iphonesimulator/SetupInteractionTests.build/Objects-normal/arm64/SetupInteractionTests-Swift.h -o /var/folders/42/c0cl6_w541l5dyv2jjnh0f0w0000gn/T/tessera-native-setup-rj8h6d5l/build/Build/Intermediates.noindex/TesseraSetupInteractions.build/Debug-iphonesimulator/SetupInteractionTests.build/DerivedSources/SetupInteractionTests-Swift.h

Copy /var/folders/42/c0cl6_w541l5dyv2jjnh0f0w0000gn/T/tessera-native-setup-rj8h6d5l/build/Build/Products/Debug-iphonesimulator/SetupInteractionTests.swiftmodule/arm64-apple-ios-simulator.swiftmodule /var/folders/42/c0cl6_w541l5dyv2jjnh0f0w0000gn/T/tessera-native-setup-rj8h6d5l/build/Build/Intermediates.noindex/TesseraSetupInteractions.build/Debug-iphonesimulator/SetupInteractionTests.build/Objects-normal/arm64/SetupInteractionTests.swiftmodule (in target 'SetupInteractionTests' from project 'TesseraSetupInteractions')
    cd /var/folders/42/c0cl6_w541l5dyv2jjnh0f0w0000gn/T/tessera-native-setup-rj8h6d5l/project
    builtin-copy -exclude .DS_Store -exclude CVS -exclude .svn -exclude .git -exclude .hg -resolve-src-symlinks -rename /var/folders/42/c0cl6_w541l5dyv2jjnh0f0w0000gn/T/tessera-native-setup-rj8h6d5l/build/Build/Intermediates.noindex/TesseraSetupInteractions.build/Debug-iphonesimulator/SetupInteractionTests.build/Objects-normal/arm64/SetupInteractionTests.swiftmodule /var/folders/42/c0cl6_w541l5dyv2jjnh0f0w0000gn/T/tessera-native-setup-rj8h6d5l/build/Build/Products/Debug-iphonesimulator/SetupInteractionTests.swiftmodule/arm64-apple-ios-simulator.swiftmodule

Copy /var/folders/42/c0cl6_w541l5dyv2jjnh0f0w0000gn/T/tessera-native-setup-rj8h6d5l/build/Build/Products/Debug-iphonesimulator/SetupInteractionTests.swiftmodule/arm64-apple-ios-simulator.abi.json /var/folders/42/c0cl6_w541l5dyv2jjnh0f0w0000gn/T/tessera-native-setup-rj8h6d5l/build/Build/Intermediates.noindex/TesseraSetupInteractions.build/Debug-iphonesimulator/SetupInteractionTests.build/Objects-normal/arm64/SetupInteractionTests.abi.json (in target 'SetupInteractionTests' from project 'TesseraSetupInteractions')
    cd /var/folders/42/c0cl6_w541l5dyv2jjnh0f0w0000gn/T/tessera-native-setup-rj8h6d5l/project
    builtin-copy -exclude .DS_Store -exclude CVS -exclude .svn -exclude .git -exclude .hg -resolve-src-symlinks -rename /var/folders/42/c0cl6_w541l5dyv2jjnh0f0w0000gn/T/tessera-native-setup-rj8h6d5l/build/Build/Intermediates.noindex/TesseraSetupInteractions.build/Debug-iphonesimulator/SetupInteractionTests.build/Objects-normal/arm64/SetupInteractionTests.abi.json /var/folders/42/c0cl6_w541l5dyv2jjnh0f0w0000gn/T/tessera-native-setup-rj8h6d5l/build/Build/Products/Debug-iphonesimulator/SetupInteractionTests.swiftmodule/arm64-apple-ios-simulator.abi.json

Copy /var/folders/42/c0cl6_w541l5dyv2jjnh0f0w0000gn/T/tessera-native-setup-rj8h6d5l/build/Build/Products/Debug-iphonesimulator/SetupInteractionTests.swiftmodule/arm64-apple-ios-simulator.swiftdoc /var/folders/42/c0cl6_w541l5dyv2jjnh0f0w0000gn/T/tessera-native-setup-rj8h6d5l/build/Build/Intermediates.noindex/TesseraSetupInteractions.build/Debug-iphonesimulator/SetupInteractionTests.build/Objects-normal/arm64/SetupInteractionTests.swiftdoc (in target 'SetupInteractionTests' from project 'TesseraSetupInteractions')
    cd /var/folders/42/c0cl6_w541l5dyv2jjnh0f0w0000gn/T/tessera-native-setup-rj8h6d5l/project
    builtin-copy -exclude .DS_Store -exclude CVS -exclude .svn -exclude .git -exclude .hg -resolve-src-symlinks -rename /var/folders/42/c0cl6_w541l5dyv2jjnh0f0w0000gn/T/tessera-native-setup-rj8h6d5l/build/Build/Intermediates.noindex/TesseraSetupInteractions.build/Debug-iphonesimulator/SetupInteractionTests.build/Objects-normal/arm64/SetupInteractionTests.swiftdoc /var/folders/42/c0cl6_w541l5dyv2jjnh0f0w0000gn/T/tessera-native-setup-rj8h6d5l/build/Build/Products/Debug-iphonesimulator/SetupInteractionTests.swiftmodule/arm64-apple-ios-simulator.swiftdoc

Copy /var/folders/42/c0cl6_w541l5dyv2jjnh0f0w0000gn/T/tessera-native-setup-rj8h6d5l/build/Build/Products/Debug-iphonesimulator/SetupInteractionTests.swiftmodule/Project/arm64-apple-ios-simulator.swiftsourceinfo /var/folders/42/c0cl6_w541l5dyv2jjnh0f0w0000gn/T/tessera-native-setup-rj8h6d5l/build/Build/Intermediates.noindex/TesseraSetupInteractions.build/Debug-iphonesimulator/SetupInteractionTests.build/Objects-normal/arm64/SetupInteractionTests.swiftsourceinfo (in target 'SetupInteractionTests' from project 'TesseraSetupInteractions')
    cd /var/folders/42/c0cl6_w541l5dyv2jjnh0f0w0000gn/T/tessera-native-setup-rj8h6d5l/project
    builtin-copy -exclude .DS_Store -exclude CVS -exclude .svn -exclude .git -exclude .hg -resolve-src-symlinks -rename /var/folders/42/c0cl6_w541l5dyv2jjnh0f0w0000gn/T/tessera-native-setup-rj8h6d5l/build/Build/Intermediates.noindex/TesseraSetupInteractions.build/Debug-iphonesimulator/SetupInteractionTests.build/Objects-normal/arm64/SetupInteractionTests.swiftsourceinfo /var/folders/42/c0cl6_w541l5dyv2jjnh0f0w0000gn/T/tessera-native-setup-rj8h6d5l/build/Build/Products/Debug-iphonesimulator/SetupInteractionTests.swiftmodule/Project/arm64-apple-ios-simulator.swiftsourceinfo

SwiftDriverJobDiscovery normal arm64 Compiling SetupInteractionTests.swift (in target 'SetupInteractionTests' from project 'TesseraSetupInteractions')

SwiftDriver\ Compilation SetupInteractionTests normal arm64 com.apple.xcode.tools.swift.compiler (in target 'SetupInteractionTests' from project 'TesseraSetupInteractions')
    cd /var/folders/42/c0cl6_w541l5dyv2jjnh0f0w0000gn/T/tessera-native-setup-rj8h6d5l/project
    builtin-Swift-Compilation -- /Applications/Xcode-beta.app/Contents/Developer/Toolchains/XcodeDefault.xctoolchain/usr/bin/swiftc -module-name SetupInteractionTests -Onone @/var/folders/42/c0cl6_w541l5dyv2jjnh0f0w0000gn/T/tessera-native-setup-rj8h6d5l/build/Build/Intermediates.noindex/TesseraSetupInteractions.build/Debug-iphonesimulator/SetupInteractionTests.build/Objects-normal/arm64/SetupInteractionTests.SwiftFileList -DDEBUG -module-alias Testing\=_Testing_Unavailable -plugin-path /Applications/Xcode-beta.app/Contents/Developer/Toolchains/XcodeDefault.xctoolchain/usr/lib/swift/host/plugins/testing -enable-bare-slash-regex -enable-experimental-feature DebugDescriptionMacro -sdk /Applications/Xcode-beta.app/Contents/Developer/Platforms/iPhoneSimulator.platform/Developer/SDKs/iPhoneSimulator27.0.sdk -target arm64-apple-ios18.0-simulator -g -module-cache-path /var/folders/42/c0cl6_w541l5dyv2jjnh0f0w0000gn/T/tessera-native-setup-rj8h6d5l/build/ModuleCache.noindex -Xfrontend -serialize-debugging-options -enable-testing -index-store-path /var/folders/42/c0cl6_w541l5dyv2jjnh0f0w0000gn/T/tessera-native-setup-rj8h6d5l/build/Index.noindex/DataStore -Xcc -D_LIBCPP_HARDENING_MODE\=_LIBCPP_HARDENING_MODE_DEBUG -swift-version 5 -I /var/folders/42/c0cl6_w541l5dyv2jjnh0f0w0000gn/T/tessera-native-setup-rj8h6d5l/build/Build/Products/Debug-iphonesimulator -Isystem /Applications/Xcode-beta.app/Contents/Developer/Platforms/iPhoneSimulator.platform/Developer/usr/lib -F /var/folders/42/c0cl6_w541l5dyv2jjnh0f0w0000gn/T/tessera-native-setup-rj8h6d5l/build/Build/Products/Debug-iphonesimulator -F /Applications/Xcode-beta.app/Contents/Developer/Platforms/iPhoneSimulator.platform/Developer/Library/Frameworks -F /Applications/Xcode-beta.app/Contents/Developer/Platforms/iPhoneSimulator.platform/Developer/SDKs/iPhoneSimulator27.0.sdk/Developer/Library/Frameworks -parse-as-library -c -j15 -enable-batch-mode -incremental -Xcc -ivfsstatcache -Xcc /var/folders/42/c0cl6_w541l5dyv2jjnh0f0w0000gn/T/tessera-native-setup-rj8h6d5l/build/SDKStatCaches.noindex/iphonesimulator27.0-24A5408c-be13878bbdcd767c5c3aec63d1bf53923243818bda632a4370e1cc7a9fd181c5.sdkstatcache -output-file-map /var/folders/42/c0cl6_w541l5dyv2jjnh0f0w0000gn/T/tessera-native-setup-rj8h6d5l/build/Build/Intermediates.noindex/TesseraSetupInteractions.build/Debug-iphonesimulator/SetupInteractionTests.build/Objects-normal/arm64/SetupInteractionTests-OutputFileMap.json -save-temps -no-color-diagnostics -explicit-module-build -module-cache-path /var/folders/42/c0cl6_w541l5dyv2jjnh0f0w0000gn/T/tessera-native-setup-rj8h6d5l/build/Build/Intermediates.noindex/SwiftExplicitPrecompiledModules -clang-scanner-module-cache-path /var/folders/42/c0cl6_w541l5dyv2jjnh0f0w0000gn/T/tessera-native-setup-rj8h6d5l/build/ModuleCache.noindex -sdk-module-cache-path /var/folders/42/c0cl6_w541l5dyv2jjnh0f0w0000gn/T/tessera-native-setup-rj8h6d5l/build/SDKExplicitPrecompiledModules -emit-dependencies -emit-module -emit-module-path /var/folders/42/c0cl6_w541l5dyv2jjnh0f0w0000gn/T/tessera-native-setup-rj8h6d5l/build/Build/Intermediates.noindex/TesseraSetupInteractions.build/Debug-iphonesimulator/SetupInteractionTests.build/Objects-normal/arm64/SetupInteractionTests.swiftmodule -serialize-diagnostics -dependency-scan-serialize-diagnostics-path /var/folders/42/c0cl6_w541l5dyv2jjnh0f0w0000gn/T/tessera-native-setup-rj8h6d5l/build/Build/Intermediates.noindex/TesseraSetupInteractions.build/Debug-iphonesimulator/SetupInteractionTests.build/Objects-normal/arm64/SetupInteractionTests-dependency-scan.dia -validate-clang-modules-once -clang-build-session-file /var/folders/42/c0cl6_w541l5dyv2jjnh0f0w0000gn/T/tessera-native-setup-rj8h6d5l/build/ModuleCache.noindex/Session.modulevalidation -Xcc -fmodules-prune-interval\=86400 -Xcc -fmodules-prune-after\=345600 -emit-const-values -const-gather-protocols-list /var/folders/42/c0cl6_w541l5dyv2jjnh0f0w0000gn/T/tessera-native-setup-rj8h6d5l/build/Build/Intermediates.noindex/TesseraSetupInteractions.build/Debug-iphonesimulator/SetupInteractionTests.build/Objects-normal/arm64/SetupInteractionTests_const_extract_protocols.json -Xcc -iquote -Xcc /var/folders/42/c0cl6_w541l5dyv2jjnh0f0w0000gn/T/tessera-native-setup-rj8h6d5l/build/Build/Intermediates.noindex/TesseraSetupInteractions.build/Debug-iphonesimulator/SetupInteractionTests.build/SetupInteractionTests-generated-files.hmap -Xcc -I/var/folders/42/c0cl6_w541l5dyv2jjnh0f0w0000gn/T/tessera-native-setup-rj8h6d5l/build/Build/Intermediates.noindex/TesseraSetupInteractions.build/Debug-iphonesimulator/SetupInteractionTests.build/SetupInteractionTests-own-target-headers.hmap -Xcc -I/var/folders/42/c0cl6_w541l5dyv2jjnh0f0w0000gn/T/tessera-native-setup-rj8h6d5l/build/Build/Intermediates.noindex/TesseraSetupInteractions.build/Debug-iphonesimulator/SetupInteractionTests.build/SetupInteractionTests-all-target-headers.hmap -Xcc -iquote -Xcc /var/folders/42/c0cl6_w541l5dyv2jjnh0f0w0000gn/T/tessera-native-setup-rj8h6d5l/build/Build/Intermediates.noindex/TesseraSetupInteractions.build/Debug-iphonesimulator/SetupInteractionTests.build/SetupInteractionTests-project-headers.hmap -Xcc -I/var/folders/42/c0cl6_w541l5dyv2jjnh0f0w0000gn/T/tessera-native-setup-rj8h6d5l/build/Build/Products/Debug-iphonesimulator/include -Xcc -I/var/folders/42/c0cl6_w541l5dyv2jjnh0f0w0000gn/T/tessera-native-setup-rj8h6d5l/build/Build/Intermediates.noindex/TesseraSetupInteractions.build/Debug-iphonesimulator/SetupInteractionTests.build/DerivedSources-normal/arm64 -Xcc -I/var/folders/42/c0cl6_w541l5dyv2jjnh0f0w0000gn/T/tessera-native-setup-rj8h6d5l/build/Build/Intermediates.noindex/TesseraSetupInteractions.build/Debug-iphonesimulator/SetupInteractionTests.build/DerivedSources/arm64 -Xcc -I/var/folders/42/c0cl6_w541l5dyv2jjnh0f0w0000gn/T/tessera-native-setup-rj8h6d5l/build/Build/Intermediates.noindex/TesseraSetupInteractions.build/Debug-iphonesimulator/SetupInteractionTests.build/DerivedSources -Xcc -DDEBUG\=1 -emit-objc-header -emit-objc-header-path /var/folders/42/c0cl6_w541l5dyv2jjnh0f0w0000gn/T/tessera-native-setup-rj8h6d5l/build/Build/Intermediates.noindex/TesseraSetupInteractions.build/Debug-iphonesimulator/SetupInteractionTests.build/Objects-normal/arm64/SetupInteractionTests-Swift.h -working-directory /var/folders/42/c0cl6_w541l5dyv2jjnh0f0w0000gn/T/tessera-native-setup-rj8h6d5l/project -experimental-emit-module-separately -disable-cmo

Ld /var/folders/42/c0cl6_w541l5dyv2jjnh0f0w0000gn/T/tessera-native-setup-rj8h6d5l/build/Build/Products/Debug-iphonesimulator/SetupInteractionTests-Runner.app/PlugIns/SetupInteractionTests.xctest/SetupInteractionTests normal (in target 'SetupInteractionTests' from project 'TesseraSetupInteractions')
    cd /var/folders/42/c0cl6_w541l5dyv2jjnh0f0w0000gn/T/tessera-native-setup-rj8h6d5l/project
    /Applications/Xcode-beta.app/Contents/Developer/Toolchains/XcodeDefault.xctoolchain/usr/bin/clang -Xlinker -reproducible -target arm64-apple-ios18.0-simulator -bundle -isysroot /Applications/Xcode-beta.app/Contents/Developer/Platforms/iPhoneSimulator.platform/Developer/SDKs/iPhoneSimulator27.0.sdk -O0 -Xlinker -no_warn_duplicate_libraries -L/var/folders/42/c0cl6_w541l5dyv2jjnh0f0w0000gn/T/tessera-native-setup-rj8h6d5l/build/Build/Intermediates.noindex/EagerLinkingTBDs/Debug-iphonesimulator -L/var/folders/42/c0cl6_w541l5dyv2jjnh0f0w0000gn/T/tessera-native-setup-rj8h6d5l/build/Build/Products/Debug-iphonesimulator -L/Applications/Xcode-beta.app/Contents/Developer/Platforms/iPhoneSimulator.platform/Developer/usr/lib -F/var/folders/42/c0cl6_w541l5dyv2jjnh0f0w0000gn/T/tessera-native-setup-rj8h6d5l/build/Build/Intermediates.noindex/EagerLinkingTBDs/Debug-iphonesimulator -F/var/folders/42/c0cl6_w541l5dyv2jjnh0f0w0000gn/T/tessera-native-setup-rj8h6d5l/build/Build/Products/Debug-iphonesimulator -iframework /Applications/Xcode-beta.app/Contents/Developer/Platforms/iPhoneSimulator.platform/Developer/Library/Frameworks -iframework /Applications/Xcode-beta.app/Contents/Developer/Platforms/iPhoneSimulator.platform/Developer/SDKs/iPhoneSimulator27.0.sdk/Developer/Library/Frameworks -filelist /var/folders/42/c0cl6_w541l5dyv2jjnh0f0w0000gn/T/tessera-native-setup-rj8h6d5l/build/Build/Intermediates.noindex/TesseraSetupInteractions.build/Debug-iphonesimulator/SetupInteractionTests.build/Objects-normal/arm64/SetupInteractionTests.LinkFileList -Xlinker -rpath -Xlinker /usr/lib/swift -Xlinker -rpath -Xlinker @loader_path/Frameworks -Xlinker -rpath -Xlinker @executable_path/Frameworks -Xlinker -dead_strip -Xlinker -object_path_lto -Xlinker /var/folders/42/c0cl6_w541l5dyv2jjnh0f0w0000gn/T/tessera-native-setup-rj8h6d5l/build/Build/Intermediates.noindex/TesseraSetupInteractions.build/Debug-iphonesimulator/SetupInteractionTests.build/Objects-normal/arm64/SetupInteractionTests_lto.o -rdynamic -Xlinker -no_deduplicate -Xlinker -objc_abi_version -Xlinker 2 -Xlinker -dependency_info -Xlinker /var/folders/42/c0cl6_w541l5dyv2jjnh0f0w0000gn/T/tessera-native-setup-rj8h6d5l/build/Build/Intermediates.noindex/TesseraSetupInteractions.build/Debug-iphonesimulator/SetupInteractionTests.build/Objects-normal/arm64/SetupInteractionTests_dependency_info.dat -fobjc-link-runtime -L/Applications/Xcode-beta.app/Contents/Developer/Toolchains/XcodeDefault.xctoolchain/usr/lib/swift/iphonesimulator -L/usr/lib/swift -Xlinker -add_ast_path -Xlinker /var/folders/42/c0cl6_w541l5dyv2jjnh0f0w0000gn/T/tessera-native-setup-rj8h6d5l/build/Build/Intermediates.noindex/TesseraSetupInteractions.build/Debug-iphonesimulator/SetupInteractionTests.build/Objects-normal/arm64/SetupInteractionTests.swiftmodule -Xlinker -needed_framework -Xlinker XCTest -framework XCTest -Xlinker -needed-lXCTestSwiftSupport -lXCTestSwiftSupport -o /var/folders/42/c0cl6_w541l5dyv2jjnh0f0w0000gn/T/tessera-native-setup-rj8h6d5l/build/Build/Products/Debug-iphonesimulator/SetupInteractionTests-Runner.app/PlugIns/SetupInteractionTests.xctest/SetupInteractionTests

CopySwiftLibs /var/folders/42/c0cl6_w541l5dyv2jjnh0f0w0000gn/T/tessera-native-setup-rj8h6d5l/build/Build/Products/Debug-iphonesimulator/SetupInteractionTests-Runner.app/PlugIns/SetupInteractionTests.xctest (in target 'SetupInteractionTests' from project 'TesseraSetupInteractions')
    cd /var/folders/42/c0cl6_w541l5dyv2jjnh0f0w0000gn/T/tessera-native-setup-rj8h6d5l/project
    builtin-swiftStdLibTool --copy --verbose --scan-executable /var/folders/42/c0cl6_w541l5dyv2jjnh0f0w0000gn/T/tessera-native-setup-rj8h6d5l/build/Build/Products/Debug-iphonesimulator/SetupInteractionTests-Runner.app/PlugIns/SetupInteractionTests.xctest/SetupInteractionTests --scan-folder /var/folders/42/c0cl6_w541l5dyv2jjnh0f0w0000gn/T/tessera-native-setup-rj8h6d5l/build/Build/Products/Debug-iphonesimulator/SetupInteractionTests-Runner.app/PlugIns/SetupInteractionTests.xctest/Frameworks --scan-folder /var/folders/42/c0cl6_w541l5dyv2jjnh0f0w0000gn/T/tessera-native-setup-rj8h6d5l/build/Build/Products/Debug-iphonesimulator/SetupInteractionTests-Runner.app/PlugIns/SetupInteractionTests.xctest/PlugIns --scan-folder /var/folders/42/c0cl6_w541l5dyv2jjnh0f0w0000gn/T/tessera-native-setup-rj8h6d5l/build/Build/Products/Debug-iphonesimulator/SetupInteractionTests-Runner.app/PlugIns/SetupInteractionTests.xctest/SystemExtensions --scan-folder /var/folders/42/c0cl6_w541l5dyv2jjnh0f0w0000gn/T/tessera-native-setup-rj8h6d5l/build/Build/Products/Debug-iphonesimulator/SetupInteractionTests-Runner.app/PlugIns/SetupInteractionTests.xctest/Extensions --platform iphonesimulator --toolchain /var/run/com.apple.security.cryptexd/mnt/com.apple.MobileAsset.MetalToolchain-v27.1.5237.12.5oW8SR/Metal.xctoolchain --toolchain /Applications/Xcode-beta.app/Contents/Developer/Toolchains/XcodeDefault.xctoolchain --destination /var/folders/42/c0cl6_w541l5dyv2jjnh0f0w0000gn/T/tessera-native-setup-rj8h6d5l/build/Build/Products/Debug-iphonesimulator/SetupInteractionTests-Runner.app/PlugIns/SetupInteractionTests.xctest/Frameworks --strip-bitcode --scan-executable /Applications/Xcode-beta.app/Contents/Developer/Platforms/iPhoneSimulator.platform/Developer/usr/lib/libXCTestSwiftSupport.dylib --strip-bitcode-tool /Applications/Xcode-beta.app/Contents/Developer/Toolchains/XcodeDefault.xctoolchain/usr/bin/bitcode_strip --emit-dependency-info /var/folders/42/c0cl6_w541l5dyv2jjnh0f0w0000gn/T/tessera-native-setup-rj8h6d5l/build/Build/Intermediates.noindex/TesseraSetupInteractions.build/Debug-iphonesimulator/SetupInteractionTests.build/SwiftStdLibToolInputDependencies.dep --filter-for-swift-os
Ignoring --strip-bitcode because --sign was not passed

ExtractAppIntentsMetadata (in target 'SetupInteractionTests' from project 'TesseraSetupInteractions')
    cd /var/folders/42/c0cl6_w541l5dyv2jjnh0f0w0000gn/T/tessera-native-setup-rj8h6d5l/project
    /Applications/Xcode-beta.app/Contents/Developer/Toolchains/XcodeDefault.xctoolchain/usr/bin/appintentsmetadataprocessor --toolchain-dir /var/run/com.apple.security.cryptexd/mnt/com.apple.MobileAsset.MetalToolchain-v27.1.5237.12.5oW8SR/Metal.xctoolchain --module-name SetupInteractionTests --sdk-root /Applications/Xcode-beta.app/Contents/Developer/Platforms/iPhoneSimulator.platform/Developer/SDKs/iPhoneSimulator27.0.sdk --xcode-version 27A5237l --platform-family iOS --deployment-target 18.0 --bundle-identifier com.jalenedusei.qa.setup --output /var/folders/42/c0cl6_w541l5dyv2jjnh0f0w0000gn/T/tessera-native-setup-rj8h6d5l/build/Build/Products/Debug-iphonesimulator/SetupInteractionTests-Runner.app/PlugIns/SetupInteractionTests.xctest --target-triple arm64-apple-ios18.0-simulator --binary-file /var/folders/42/c0cl6_w541l5dyv2jjnh0f0w0000gn/T/tessera-native-setup-rj8h6d5l/build/Build/Products/Debug-iphonesimulator/SetupInteractionTests-Runner.app/PlugIns/SetupInteractionTests.xctest/SetupInteractionTests --dependency-file /var/folders/42/c0cl6_w541l5dyv2jjnh0f0w0000gn/T/tessera-native-setup-rj8h6d5l/build/Build/Intermediates.noindex/TesseraSetupInteractions.build/Debug-iphonesimulator/SetupInteractionTests.build/Objects-normal/arm64/SetupInteractionTests_dependency_info.dat --stringsdata-file /var/folders/42/c0cl6_w541l5dyv2jjnh0f0w0000gn/T/tessera-native-setup-rj8h6d5l/build/Build/Intermediates.noindex/TesseraSetupInteractions.build/Debug-iphonesimulator/SetupInteractionTests.build/Objects-normal/arm64/ExtractedAppShortcutsMetadata.stringsdata --source-file-list /var/folders/42/c0cl6_w541l5dyv2jjnh0f0w0000gn/T/tessera-native-setup-rj8h6d5l/build/Build/Intermediates.noindex/TesseraSetupInteractions.build/Debug-iphonesimulator/SetupInteractionTests.build/Objects-normal/arm64/SetupInteractionTests.SwiftFileList --metadata-file-list /var/folders/42/c0cl6_w541l5dyv2jjnh0f0w0000gn/T/tessera-native-setup-rj8h6d5l/build/Build/Intermediates.noindex/TesseraSetupInteractions.build/Debug-iphonesimulator/SetupInteractionTests.build/SetupInteractionTests.DependencyMetadataFileList --static-metadata-file-list /var/folders/42/c0cl6_w541l5dyv2jjnh0f0w0000gn/T/tessera-native-setup-rj8h6d5l/build/Build/Intermediates.noindex/TesseraSetupInteractions.build/Debug-iphonesimulator/SetupInteractionTests.build/SetupInteractionTests.DependencyStaticMetadataFileList --swift-const-vals-list /var/folders/42/c0cl6_w541l5dyv2jjnh0f0w0000gn/T/tessera-native-setup-rj8h6d5l/build/Build/Intermediates.noindex/TesseraSetupInteractions.build/Debug-iphonesimulator/SetupInteractionTests.build/Objects-normal/arm64/SetupInteractionTests.SwiftConstValuesFileList --compile-time-extraction --deployment-aware-processing --no-app-shortcuts-localization
2026-09-27 11:04:14.335 appintentsmetadataprocessor[11912:27283685] Starting appintentsmetadataprocessor export
2026-09-27 11:04:14.336 appintentsmetadataprocessor[11912:27283685] warning: Metadata extraction skipped, no AppIntents.framework dependency found

AppIntentsSSUTraining (in target 'SetupInteractionTests' from project 'TesseraSetupInteractions')
    cd /var/folders/42/c0cl6_w541l5dyv2jjnh0f0w0000gn/T/tessera-native-setup-rj8h6d5l/project
    /Applications/Xcode-beta.app/Contents/Developer/Toolchains/XcodeDefault.xctoolchain/usr/bin/appintentsnltrainingprocessor --infoplist-path /var/folders/42/c0cl6_w541l5dyv2jjnh0f0w0000gn/T/tessera-native-setup-rj8h6d5l/build/Build/Products/Debug-iphonesimulator/SetupInteractionTests-Runner.app/PlugIns/SetupInteractionTests.xctest/Info.plist --temp-dir-path /var/folders/42/c0cl6_w541l5dyv2jjnh0f0w0000gn/T/tessera-native-setup-rj8h6d5l/build/Build/Intermediates.noindex/TesseraSetupInteractions.build/Debug-iphonesimulator/SetupInteractionTests.build/ssu --bundle-id com.jalenedusei.qa.setup --product-path /var/folders/42/c0cl6_w541l5dyv2jjnh0f0w0000gn/T/tessera-native-setup-rj8h6d5l/build/Build/Products/Debug-iphonesimulator/SetupInteractionTests-Runner.app/PlugIns/SetupInteractionTests.xctest --extracted-metadata-path /var/folders/42/c0cl6_w541l5dyv2jjnh0f0w0000gn/T/tessera-native-setup-rj8h6d5l/build/Build/Products/Debug-iphonesimulator/SetupInteractionTests-Runner.app/PlugIns/SetupInteractionTests.xctest/Metadata.appintents --metadata-file-list /var/folders/42/c0cl6_w541l5dyv2jjnh0f0w0000gn/T/tessera-native-setup-rj8h6d5l/build/Build/Intermediates.noindex/TesseraSetupInteractions.build/Debug-iphonesimulator/SetupInteractionTests.build/SetupInteractionTests.DependencyMetadataFileList --source-file /var/folders/42/c0cl6_w541l5dyv2jjnh0f0w0000gn/T/tessera-native-setup-rj8h6d5l/build/Build/Products/Debug-iphonesimulator/SetupInteractionTests-Runner.app/PlugIns/SetupInteractionTests.xctest/Info.plist --archive-ssu-assets
2026-09-27 11:04:14.356 appintentsnltrainingprocessor[11913:27283686] Parsing options for appintentsnltrainingprocessor
2026-09-27 11:04:14.356 appintentsnltrainingprocessor[11913:27283686] Starting AppIntents SSU YAML Generation
2026-09-27 11:04:14.358 appintentsnltrainingprocessor[11913:27283686] No AppShortcuts found - Skipping.

MkDir /var/folders/42/c0cl6_w541l5dyv2jjnh0f0w0000gn/T/tessera-native-setup-rj8h6d5l/build/Build/Products/Debug-iphonesimulator/SetupInteractionTests-Runner.app (in target 'SetupInteractionTests' from project 'TesseraSetupInteractions')
    cd /var/folders/42/c0cl6_w541l5dyv2jjnh0f0w0000gn/T/tessera-native-setup-rj8h6d5l/project
    /bin/mkdir -p /var/folders/42/c0cl6_w541l5dyv2jjnh0f0w0000gn/T/tessera-native-setup-rj8h6d5l/build/Build/Products/Debug-iphonesimulator/SetupInteractionTests-Runner.app

CopyPlistFile /var/folders/42/c0cl6_w541l5dyv2jjnh0f0w0000gn/T/tessera-native-setup-rj8h6d5l/build/Build/Products/Debug-iphonesimulator/SetupInteractionTests-Runner.app/Info.plist /Applications/Xcode-beta.app/Contents/Developer/Platforms/iPhoneSimulator.platform/Developer/Library/Xcode/Agents/XCTRunner.app/Info.plist (in target 'SetupInteractionTests' from project 'TesseraSetupInteractions')
    cd /var/folders/42/c0cl6_w541l5dyv2jjnh0f0w0000gn/T/tessera-native-setup-rj8h6d5l/project
    builtin-copyPlist --validate --convert xml1 --macro-expansion WRAPPEDPRODUCTNAME SetupInteractionTests-Runner --macro-expansion WRAPPEDPRODUCTBUNDLEIDENTIFIER com.jalenedusei.qa.setup.xctrunner --macro-expansion TESTPRODUCTNAME SetupInteractionTests --macro-expansion TESTPRODUCTBUNDLEIDENTIFIER com.jalenedusei.qa.setup --copy-value UIDeviceFamily /var/folders/42/c0cl6_w541l5dyv2jjnh0f0w0000gn/T/tessera-native-setup-rj8h6d5l/build/Build/Products/Debug-iphonesimulator/SetupInteractionTests-Runner.app/PlugIns/SetupInteractionTests.xctest/Info.plist --outdir /var/folders/42/c0cl6_w541l5dyv2jjnh0f0w0000gn/T/tessera-native-setup-rj8h6d5l/build/Build/Products/Debug-iphonesimulator/SetupInteractionTests-Runner.app -- /Applications/Xcode-beta.app/Contents/Developer/Platforms/iPhoneSimulator.platform/Developer/Library/Xcode/Agents/XCTRunner.app/Info.plist

Copy /var/folders/42/c0cl6_w541l5dyv2jjnh0f0w0000gn/T/tessera-native-setup-rj8h6d5l/build/Build/Products/Debug-iphonesimulator/SetupInteractionTests-Runner.app/PkgInfo /Applications/Xcode-beta.app/Contents/Developer/Platforms/iPhoneSimulator.platform/Developer/Library/Xcode/Agents/XCTRunner.app/PkgInfo (in target 'SetupInteractionTests' from project 'TesseraSetupInteractions')
    cd /var/folders/42/c0cl6_w541l5dyv2jjnh0f0w0000gn/T/tessera-native-setup-rj8h6d5l/project
    builtin-copy -exclude .DS_Store -exclude CVS -exclude .svn -exclude .git -exclude .hg -resolve-src-symlinks /Applications/Xcode-beta.app/Contents/Developer/Platforms/iPhoneSimulator.platform/Developer/Library/Xcode/Agents/XCTRunner.app/PkgInfo /var/folders/42/c0cl6_w541l5dyv2jjnh0f0w0000gn/T/tessera-native-setup-rj8h6d5l/build/Build/Products/Debug-iphonesimulator/SetupInteractionTests-Runner.app

CopyAndPreserveArchs /var/folders/42/c0cl6_w541l5dyv2jjnh0f0w0000gn/T/tessera-native-setup-rj8h6d5l/build/Build/Products/Debug-iphonesimulator/SetupInteractionTests-Runner.app/SetupInteractionTests-Runner (in target 'SetupInteractionTests' from project 'TesseraSetupInteractions')
    cd /var/folders/42/c0cl6_w541l5dyv2jjnh0f0w0000gn/T/tessera-native-setup-rj8h6d5l/project
    /Applications/Xcode-beta.app/Contents/Developer/Toolchains/XcodeDefault.xctoolchain/usr/bin/lipo /Applications/Xcode-beta.app/Contents/Developer/Platforms/iPhoneSimulator.platform/Developer/Library/Xcode/Agents/XCTRunner.app/XCTRunner -output /var/folders/42/c0cl6_w541l5dyv2jjnh0f0w0000gn/T/tessera-native-setup-rj8h6d5l/build/Build/Products/Debug-iphonesimulator/SetupInteractionTests-Runner.app/SetupInteractionTests-Runner -extract arm64

RegisterExecutionPolicyException /var/folders/42/c0cl6_w541l5dyv2jjnh0f0w0000gn/T/tessera-native-setup-rj8h6d5l/build/Build/Products/Debug-iphonesimulator/SetupInteractionTests-Runner.app/PlugIns/SetupInteractionTests.xctest (in target 'SetupInteractionTests' from project 'TesseraSetupInteractions')
    cd /var/folders/42/c0cl6_w541l5dyv2jjnh0f0w0000gn/T/tessera-native-setup-rj8h6d5l/project
    builtin-RegisterExecutionPolicyException /var/folders/42/c0cl6_w541l5dyv2jjnh0f0w0000gn/T/tessera-native-setup-rj8h6d5l/build/Build/Products/Debug-iphonesimulator/SetupInteractionTests-Runner.app/PlugIns/SetupInteractionTests.xctest

Touch /var/folders/42/c0cl6_w541l5dyv2jjnh0f0w0000gn/T/tessera-native-setup-rj8h6d5l/build/Build/Products/Debug-iphonesimulator/SetupInteractionTests-Runner.app/PlugIns/SetupInteractionTests.xctest (in target 'SetupInteractionTests' from project 'TesseraSetupInteractions')
    cd /var/folders/42/c0cl6_w541l5dyv2jjnh0f0w0000gn/T/tessera-native-setup-rj8h6d5l/project
    /usr/bin/touch -c /var/folders/42/c0cl6_w541l5dyv2jjnh0f0w0000gn/T/tessera-native-setup-rj8h6d5l/build/Build/Products/Debug-iphonesimulator/SetupInteractionTests-Runner.app/PlugIns/SetupInteractionTests.xctest

PruneExplicitPrecompiledModules /var/folders/42/c0cl6_w541l5dyv2jjnh0f0w0000gn/T/tessera-native-setup-rj8h6d5l/build/Build/Intermediates.noindex/ExplicitPrecompiledModules

PruneExplicitPrecompiledModules /var/folders/42/c0cl6_w541l5dyv2jjnh0f0w0000gn/T/tessera-native-setup-rj8h6d5l/build/Build/Intermediates.noindex/SwiftExplicitPrecompiledModules

PruneExplicitPrecompiledModules /var/folders/42/c0cl6_w541l5dyv2jjnh0f0w0000gn/T/tessera-native-setup-rj8h6d5l/build/SDKExplicitPrecompiledModules

2026-09-27 11:04:15.092213-0400 SetupInteractionTests-Runner[11917:27283745] [Default] Running tests...
    t =      nans Interface orientation changed to Portrait
Test Suite 'All tests' started at 2026-09-27 11:04:15.935.
Test Suite 'SetupInteractionTests.xctest' started at 2026-09-27 11:04:15.935.
Test Suite 'SetupInteractionTests' started at 2026-09-27 11:04:15.935.
Test Case '-[SetupInteractionTests.SetupInteractionTests testCalibrationOnlyStartsOnActionAndCancelPreservesGains]' started.
    t =     0.00s Start Test at 2026-09-27 11:04:15.937
    t =     0.05s Set Up
    t =     0.09s Open com.jalenedusei.tessera
    t =     0.09s     Launch com.jalenedusei.tessera
objc[11917]: Class UIAccessibilityLoaderWebShared is implemented in both /Library/Developer/CoreSimulator/Volumes/iOS_23F77/Library/Developer/CoreSimulator/Profiles/Runtimes/iOS 26.5.simruntime/Contents/Resources/RuntimeRoot/System/Library/AccessibilityBundles/WebCore.axbundle/WebCore (0x108898310) and /Library/Developer/CoreSimulator/Volumes/iOS_23F77/Library/Developer/CoreSimulator/Profiles/Runtimes/iOS 26.5.simruntime/Contents/Resources/RuntimeRoot/System/Library/AccessibilityBundles/WebKit.axbundle/WebKit (0x1088ec398). This may cause spurious casting failures and mysterious crashes. One of the duplicates must be removed or renamed.
    t =     0.17s         Setting up automation session
    t =     0.57s         Wait for com.jalenedusei.tessera to idle
    t =     2.65s Wait for com.jalenedusei.tessera to become Running Foreground
    t =     2.65s Waiting 12.0s for NavigationBar (First Match) to exist
    t =     3.70s     Checking `Expect predicate `existsNoRetry == 1` for object NavigationBar (First Match)`
    t =     3.70s         Checking existence of `NavigationBar (First Match)`
    t =     3.76s Waiting 8.0s for "colour.measure" Button to exist
    t =     4.81s     Checking `Expect predicate `existsNoRetry == 1` for object "colour.measure" Button`
    t =     4.81s         Checking existence of `"colour.measure" Button`
    t =     4.87s Checking existence of `"colour.measure" Button`
    t =     5.96s Checking `Expect predicate `enabled == 1` for object "colour.measure" Button`
    t =     5.96s     Find the "colour.measure" Button
    t =     5.99s Tap "colour.measure" Button
    t =     5.99s     Wait for com.jalenedusei.tessera to idle
    t =     6.00s     Find the "colour.measure" Button
    t =     6.02s     Check for interrupting elements affecting "colour.measure" Button
    t =     6.06s     Synthesize event
    t =     6.35s     Wait for com.jalenedusei.tessera to idle
    t =     6.71s Waiting 8.0s for "calibration.start" Button to exist
    t =     7.76s     Checking `Expect predicate `existsNoRetry == 1` for object "calibration.start" Button`
    t =     7.76s         Checking existence of `"calibration.start" Button`
    t =     7.82s Waiting 8.0s for "calibration.start" Button to exist
    t =     8.86s     Checking `Expect predicate `existsNoRetry == 1` for object "calibration.start" Button`
    t =     8.86s         Checking existence of `"calibration.start" Button`
    t =     8.91s Checking existence of `"calibration.start" Button`
    t =     9.98s Checking `Expect predicate `enabled == 1` for object "calibration.start" Button`
    t =     9.98s     Find the "calibration.start" Button
    t =    10.02s Tap "calibration.start" Button
    t =    10.02s     Wait for com.jalenedusei.tessera to idle
    t =    10.03s     Find the "calibration.start" Button
    t =    10.05s     Check for interrupting elements affecting "calibration.start" Button
    t =    10.07s     Synthesize event
    t =    10.36s     Wait for com.jalenedusei.tessera to idle
    t =    10.44s Waiting 8.0s for "calibration.cancel" Button to exist
    t =    11.50s     Checking `Expect predicate `existsNoRetry == 1` for object "calibration.cancel" Button`
    t =    11.50s         Checking existence of `"calibration.cancel" Button`
    t =    11.54s Checking existence of `"calibration.cancel" Button`
    t =    12.61s Checking `Expect predicate `enabled == 1` for object "calibration.cancel" Button`
    t =    12.61s     Find the "calibration.cancel" Button
    t =    12.65s Tap "calibration.cancel" Button
    t =    12.65s     Wait for com.jalenedusei.tessera to idle
    t =    12.65s     Find the "calibration.cancel" Button
    t =    12.68s     Check for interrupting elements affecting "calibration.cancel" Button
    t =    12.70s     Synthesize event
    t =    12.99s     Wait for com.jalenedusei.tessera to idle
    t =    13.36s Tear Down
Test Case '-[SetupInteractionTests.SetupInteractionTests testCalibrationOnlyStartsOnActionAndCancelPreservesGains]' passed (13.617 seconds).
Test Case '-[SetupInteractionTests.SetupInteractionTests testCalibrationRefusedStartPreservesPreviousView]' started.
    t =     0.00s Start Test at 2026-09-27 11:04:29.554
    t =     0.01s Set Up
    t =     0.02s Open com.jalenedusei.tessera
    t =     0.02s     Launch com.jalenedusei.tessera
    t =     0.02s         Terminate com.jalenedusei.tessera:11922
    t =     1.19s         Setting up automation session
    t =     1.55s         Wait for com.jalenedusei.tessera to idle
    t =     3.31s Wait for com.jalenedusei.tessera to become Running Foreground
    t =     3.31s Waiting 12.0s for NavigationBar (First Match) to exist
    t =     4.36s     Checking `Expect predicate `existsNoRetry == 1` for object NavigationBar (First Match)`
    t =     4.36s         Checking existence of `NavigationBar (First Match)`
    t =     4.41s Waiting 8.0s for "colour.measure" Button to exist
    t =     5.47s     Checking `Expect predicate `existsNoRetry == 1` for object "colour.measure" Button`
    t =     5.47s         Checking existence of `"colour.measure" Button`
    t =     5.52s Checking existence of `"colour.measure" Button`
    t =     6.58s Checking `Expect predicate `enabled == 1` for object "colour.measure" Button`
    t =     6.58s     Find the "colour.measure" Button
    t =     6.62s Tap "colour.measure" Button
    t =     6.62s     Wait for com.jalenedusei.tessera to idle
    t =     6.63s     Find the "colour.measure" Button
    t =     6.65s     Check for interrupting elements affecting "colour.measure" Button
    t =     6.67s     Synthesize event
    t =     6.96s     Wait for com.jalenedusei.tessera to idle
    t =     7.29s Waiting 8.0s for "calibration.start" Button to exist
    t =     8.36s     Checking `Expect predicate `existsNoRetry == 1` for object "calibration.start" Button`
    t =     8.36s         Checking existence of `"calibration.start" Button`
    t =     8.39s Checking existence of `"calibration.start" Button`
    t =     9.47s Checking `Expect predicate `enabled == 1` for object "calibration.start" Button`
    t =     9.47s     Find the "calibration.start" Button
    t =     9.51s Tap "calibration.start" Button
    t =     9.51s     Wait for com.jalenedusei.tessera to idle
    t =     9.51s     Find the "calibration.start" Button
    t =     9.53s     Check for interrupting elements affecting "calibration.start" Button
    t =     9.55s     Synthesize event
    t =     9.85s     Wait for com.jalenedusei.tessera to idle
    t =     9.85s Waiting 10.0s for "calibration.problem" Any to exist
    t =    10.91s     Checking `Expect predicate `existsNoRetry == 1` for object "calibration.problem" Any`
    t =    10.91s         Checking existence of `"calibration.problem" Any`
    t =    10.94s Waiting 8.0s for "calibration.cancel" Button to exist
    t =    11.99s     Checking `Expect predicate `existsNoRetry == 1` for object "calibration.cancel" Button`
    t =    12.00s         Checking existence of `"calibration.cancel" Button`
    t =    12.04s Checking existence of `"calibration.cancel" Button`
    t =    13.10s Checking `Expect predicate `enabled == 1` for object "calibration.cancel" Button`
    t =    13.10s     Find the "calibration.cancel" Button
    t =    13.14s Tap "calibration.cancel" Button
    t =    13.14s     Wait for com.jalenedusei.tessera to idle
    t =    13.14s     Find the "calibration.cancel" Button
    t =    13.17s     Check for interrupting elements affecting "calibration.cancel" Button
    t =    13.19s     Synthesize event
    t =    13.48s     Wait for com.jalenedusei.tessera to idle
    t =    13.85s Tear Down
Test Case '-[SetupInteractionTests.SetupInteractionTests testCalibrationRefusedStartPreservesPreviousView]' passed (14.267 seconds).
Test Case '-[SetupInteractionTests.SetupInteractionTests testGuestCodeShowsAndHidesWithoutChangingSavedMode]' started.
    t =     0.00s Start Test at 2026-09-27 11:04:43.822
    t =     0.02s Set Up
    t =     0.03s Open com.jalenedusei.tessera
    t =     0.03s     Launch com.jalenedusei.tessera
    t =     0.03s         Terminate com.jalenedusei.tessera:11973
    t =     1.22s         Setting up automation session
    t =     1.56s         Wait for com.jalenedusei.tessera to idle
    t =     3.50s Wait for com.jalenedusei.tessera to become Running Foreground
    t =     3.50s Waiting 12.0s for NavigationBar (First Match) to exist
    t =     4.56s     Checking `Expect predicate `existsNoRetry == 1` for object NavigationBar (First Match)`
    t =     4.56s         Checking existence of `NavigationBar (First Match)`
    t =     4.60s Waiting 8.0s for "guests.show" Button to exist
    t =     5.66s     Checking `Expect predicate `existsNoRetry == 1` for object "guests.show" Button`
    t =     5.67s         Checking existence of `"guests.show" Button`
    t =     5.75s Checking existence of `"guests.show" Button`
    t =     6.82s Checking `Expect predicate `enabled == 1` for object "guests.show" Button`
    t =     6.82s     Find the "guests.show" Button
    t =     6.86s Tap "guests.show" Button
    t =     6.86s     Wait for com.jalenedusei.tessera to idle
    t =     6.86s     Find the "guests.show" Button
    t =     6.89s     Check for interrupting elements affecting "guests.show" Button
    t =     6.91s     Synthesize event
    t =     7.20s     Wait for com.jalenedusei.tessera to idle
    t =     7.21s Waiting 8.0s for "guests.showing" Any to exist
    t =     8.26s     Checking `Expect predicate `existsNoRetry == 1` for object "guests.showing" Any`
    t =     8.26s         Checking existence of `"guests.showing" Any`
    t =     8.30s Waiting 8.0s for "guests.hide" Button to exist
    t =     9.35s     Checking `Expect predicate `existsNoRetry == 1` for object "guests.hide" Button`
    t =     9.35s         Checking existence of `"guests.hide" Button`
    t =     9.39s Checking existence of `"guests.hide" Button`
    t =    10.46s Checking `Expect predicate `enabled == 1` for object "guests.hide" Button`
    t =    10.46s     Find the "guests.hide" Button
    t =    10.50s Tap "guests.hide" Button
    t =    10.50s     Wait for com.jalenedusei.tessera to idle
    t =    10.50s     Find the "guests.hide" Button
    t =    10.53s     Check for interrupting elements affecting "guests.hide" Button
    t =    10.55s     Synthesize event
    t =    10.83s     Wait for com.jalenedusei.tessera to idle
    t =    10.84s Waiting 8.0s for "guests.notice" Any to exist
    t =    11.88s     Checking `Expect predicate `existsNoRetry == 1` for object "guests.notice" Any`
    t =    11.88s         Checking existence of `"guests.notice" Any`
    t =    11.93s Tear Down
Test Case '-[SetupInteractionTests.SetupInteractionTests testGuestCodeShowsAndHidesWithoutChangingSavedMode]' passed (12.165 seconds).
Test Case '-[SetupInteractionTests.SetupInteractionTests testGuestFailedShowDoesNotClaimSuccess]' started.
    t =     0.00s Start Test at 2026-09-27 11:04:55.988
    t =     0.03s Set Up
    t =     0.03s Open com.jalenedusei.tessera
    t =     0.03s     Launch com.jalenedusei.tessera
    t =     0.03s         Terminate com.jalenedusei.tessera:12002
    t =     1.19s         Setting up automation session
    t =     1.54s         Wait for com.jalenedusei.tessera to idle
    t =     3.44s Wait for com.jalenedusei.tessera to become Running Foreground
    t =     3.44s Waiting 12.0s for NavigationBar (First Match) to exist
    t =     4.49s     Checking `Expect predicate `existsNoRetry == 1` for object NavigationBar (First Match)`
    t =     4.50s         Checking existence of `NavigationBar (First Match)`
    t =     4.54s Waiting 8.0s for "guests.show" Button to exist
    t =     5.59s     Checking `Expect predicate `existsNoRetry == 1` for object "guests.show" Button`
    t =     5.59s         Checking existence of `"guests.show" Button`
    t =     5.65s Checking existence of `"guests.show" Button`
    t =     6.73s Checking `Expect predicate `enabled == 1` for object "guests.show" Button`
    t =     6.73s     Find the "guests.show" Button
    t =     6.77s Tap "guests.show" Button
    t =     6.77s     Wait for com.jalenedusei.tessera to idle
    t =     6.78s     Find the "guests.show" Button
    t =     6.80s     Check for interrupting elements affecting "guests.show" Button
    t =     6.82s     Synthesize event
    t =     7.11s     Wait for com.jalenedusei.tessera to idle
    t =     7.11s Waiting 10.0s for "guests.problem" Any to exist
    t =     8.16s     Checking `Expect predicate `existsNoRetry == 1` for object "guests.problem" Any`
    t =     8.16s         Checking existence of `"guests.problem" Any`
    t =     8.22s Checking existence of `"guests.hide" Button`
    t =     8.25s Tear Down
Test Case '-[SetupInteractionTests.SetupInteractionTests testGuestFailedShowDoesNotClaimSuccess]' passed (8.510 seconds).
Test Case '-[SetupInteractionTests.SetupInteractionTests testGuestPasswordIsForgottenWhenAppBackgrounds]' started.
    t =     0.00s Start Test at 2026-09-27 11:05:04.499
    t =     0.03s Set Up
    t =     0.03s Open com.jalenedusei.tessera
    t =     0.03s     Launch com.jalenedusei.tessera
    t =     0.03s         Terminate com.jalenedusei.tessera:12023
    t =     1.19s         Setting up automation session
    t =     1.54s         Wait for com.jalenedusei.tessera to idle
    t =     3.37s Wait for com.jalenedusei.tessera to become Running Foreground
    t =     3.37s Waiting 12.0s for NavigationBar (First Match) to exist
    t =     4.40s     Checking `Expect predicate `existsNoRetry == 1` for object NavigationBar (First Match)`
    t =     4.40s         Checking existence of `NavigationBar (First Match)`
    t =     4.43s Checking existence of `"guests.ssid" TextField`
    t =     4.50s Tap "guests.ssid" TextField
    t =     4.50s     Wait for com.jalenedusei.tessera to idle
    t =     4.50s     Find the "guests.ssid" TextField
    t =     4.54s     Check for interrupting elements affecting "guests.ssid" TextField
    t =     4.56s     Synthesize event
    t =     4.56s         Scroll element to visible
    t =     4.56s         Find the "guests.ssid" TextField
    t =     4.60s         Computed hit point {201, 709} after scrolling to visible
    t =     4.88s     Wait for com.jalenedusei.tessera to idle
    t =     6.22s Type 'Tessera guest' into "guests.ssid" TextField
    t =     6.22s     Wait for com.jalenedusei.tessera to idle
    t =     6.22s     Find the "guests.ssid" TextField
    t =     6.29s     Check for interrupting elements affecting "guests.ssid" TextField
    t =     6.32s     Synthesize event
    t =     6.73s     Wait for com.jalenedusei.tessera to idle
    t =     6.74s Checking existence of `"guests.password" SecureTextField`
    t =     6.77s Tap "guests.password" SecureTextField
    t =     6.77s     Wait for com.jalenedusei.tessera to idle
    t =     6.77s     Find the "guests.password" SecureTextField
    t =     6.80s     Check for interrupting elements affecting "guests.password" SecureTextField
    t =     6.83s     Synthesize event
    t =     6.84s         Scroll element to visible
    t =     6.84s         Find the "guests.password" SecureTextField
    t =     6.87s         Computed hit point {201, 361.50000000000017} after scrolling to visible
    t =     7.15s     Wait for com.jalenedusei.tessera to idle
    t =     8.23s Type '<redacted>' into "guests.password" SecureTextField
    t =     8.23s     Wait for com.jalenedusei.tessera to idle
    t =     8.23s     Find the "guests.password" SecureTextField
    t =     8.26s     Check for interrupting elements affecting "guests.password" SecureTextField
    t =     8.29s     Synthesize event
    t =     8.72s     Wait for com.jalenedusei.tessera to idle
    t =     9.75s Checking existence of `"Done" Button`
    t =     9.80s Tap "Done" Button
    t =     9.80s     Wait for com.jalenedusei.tessera to idle
    t =     9.80s     Find the "Done" Button
    t =     9.83s     Check for interrupting elements affecting "Done" Button
    t =     9.86s     Synthesize event
    t =    10.15s     Wait for com.jalenedusei.tessera to idle
    t =    10.94s Find the "guests.show" Button
    t =    10.99s Pressing Home button
    t =    11.46s Open com.jalenedusei.tessera
    t =    11.46s     Activate com.jalenedusei.tessera
    t =    11.92s         Wait for com.jalenedusei.tessera to idle
    t =    12.09s Wait for com.jalenedusei.tessera to become Running Foreground
    t =    13.15s Find the "guests.show" Button
    t =    13.18s Checking existence of `"guests.password" SecureTextField`
    t =    13.21s Find the "guests.password" SecureTextField
    t =    13.24s Tear Down
Test Case '-[SetupInteractionTests.SetupInteractionTests testGuestPasswordIsForgottenWhenAppBackgrounds]' passed (13.500 seconds).
Test Case '-[SetupInteractionTests.SetupInteractionTests testGuestPasswordIsSecureAndInvalidInputCannotShow]' started.
    t =     0.00s Start Test at 2026-09-27 11:05:18.000
    t =     0.03s Set Up
    t =     0.03s Open com.jalenedusei.tessera
    t =     0.04s     Launch com.jalenedusei.tessera
    t =     0.04s         Terminate com.jalenedusei.tessera:12044
    t =     1.19s         Setting up automation session
    t =     1.54s         Wait for com.jalenedusei.tessera to idle
    t =     3.22s Wait for com.jalenedusei.tessera to become Running Foreground
    t =     3.22s Waiting 12.0s for NavigationBar (First Match) to exist
    t =     4.28s     Checking `Expect predicate `existsNoRetry == 1` for object NavigationBar (First Match)`
    t =     4.28s         Checking existence of `NavigationBar (First Match)`
    t =     4.31s Checking existence of `"guests.ssid" TextField`
    t =     4.38s Tap "guests.ssid" TextField
    t =     4.38s     Wait for com.jalenedusei.tessera to idle
    t =     4.40s     Find the "guests.ssid" TextField
    t =     4.42s     Check for interrupting elements affecting "guests.ssid" TextField
    t =     4.44s     Synthesize event
    t =     4.44s         Scroll element to visible
    t =     4.44s         Find the "guests.ssid" TextField
    t =     4.47s         Computed hit point {201, 709} after scrolling to visible
    t =     4.76s     Wait for com.jalenedusei.tessera to idle
    t =     6.46s Type 'Tessera guest' into "guests.ssid" TextField
    t =     6.46s     Wait for com.jalenedusei.tessera to idle
    t =     6.46s     Find the "guests.ssid" TextField
    t =     6.52s     Check for interrupting elements affecting "guests.ssid" TextField
    t =     6.55s     Synthesize event
    t =     6.96s     Wait for com.jalenedusei.tessera to idle
    t =     6.97s Checking existence of `"guests.password" SecureTextField`
    t =     7.00s Tap "guests.password" SecureTextField
    t =     7.00s     Wait for com.jalenedusei.tessera to idle
    t =     7.01s     Find the "guests.password" SecureTextField
    t =     7.04s     Check for interrupting elements affecting "guests.password" SecureTextField
    t =     7.07s     Synthesize event
    t =     7.07s         Scroll element to visible
    t =     7.07s         Find the "guests.password" SecureTextField
    t =     7.11s         Computed hit point {201, 395.50000000000017} after scrolling to visible
    t =     7.39s     Wait for com.jalenedusei.tessera to idle
    t =     8.47s Type '<redacted>' into "guests.password" SecureTextField
    t =     8.47s     Wait for com.jalenedusei.tessera to idle
    t =     8.48s     Find the "guests.password" SecureTextField
    t =     8.51s     Check for interrupting elements affecting "guests.password" SecureTextField
    t =     8.54s     Synthesize event
    t =     8.82s     Wait for com.jalenedusei.tessera to idle
    t =     8.83s Checking existence of `"Done" Button`
    t =     8.87s Tap "Done" Button
    t =     8.87s     Wait for com.jalenedusei.tessera to idle
    t =     8.88s     Find the "Done" Button
    t =     8.91s     Check for interrupting elements affecting "Done" Button
    t =     8.94s     Synthesize event
    t =     9.23s     Wait for com.jalenedusei.tessera to idle
    t =    10.02s Checking existence of `"guests.password" SecureTextField`
    t =    10.06s Checking existence of `"guests.password" TextField`
    t =    10.09s Find the "guests.show" Button
    t =    10.12s Tear Down
Test Case '-[SetupInteractionTests.SetupInteractionTests testGuestPasswordIsSecureAndInvalidInputCannotShow]' passed (10.370 seconds).
Test Case '-[SetupInteractionTests.SetupInteractionTests testOnboardingCanBeFinishedLater]' started.
    t =     0.00s Start Test at 2026-09-27 11:05:28.371
    t =     0.03s Set Up
    t =     0.03s Open com.jalenedusei.tessera
    t =     0.03s     Launch com.jalenedusei.tessera
    t =     0.03s         Terminate com.jalenedusei.tessera:12065
    t =     1.19s         Setting up automation session
    t =     1.53s         Wait for com.jalenedusei.tessera to idle
    t =     2.92s Wait for com.jalenedusei.tessera to become Running Foreground
    t =     2.92s Waiting 12.0s for "onboarding.usePhone" Button to exist
    t =     3.97s     Checking `Expect predicate `existsNoRetry == 1` for object "onboarding.usePhone" Button`
    t =     3.97s         Checking existence of `"onboarding.usePhone" Button`
    t =     4.06s Waiting 8.0s for "onboarding.skip" Button to exist
    t =     5.11s     Checking `Expect predicate `existsNoRetry == 1` for object "onboarding.skip" Button`
    t =     5.11s         Checking existence of `"onboarding.skip" Button`
    t =     5.14s Checking existence of `"onboarding.skip" Button`
    t =     6.22s Checking `Expect predicate `enabled == 1` for object "onboarding.skip" Button`
    t =     6.22s     Find the "onboarding.skip" Button
    t =     6.25s Tap "onboarding.skip" Button
    t =     6.25s     Wait for com.jalenedusei.tessera to idle
    t =     6.25s     Find the "onboarding.skip" Button
    t =     6.27s     Check for interrupting elements affecting "onboarding.skip" Button
    t =     6.28s     Synthesize event
    t =     6.57s     Wait for com.jalenedusei.tessera to idle
    t =     6.92s Waiting 8.0s for "onboarding.skip" Button to not exist
    t =     7.97s     Checking `Expect predicate `existsNoRetry == 0` for object "onboarding.skip" Button`
    t =     7.98s         Checking existence of `"onboarding.skip" Button`
    t =     8.01s Tear Down
Test Case '-[SetupInteractionTests.SetupInteractionTests testOnboardingCanBeFinishedLater]' passed (8.271 seconds).
Test Case '-[SetupInteractionTests.SetupInteractionTests testOnboardingCanContinueOnThisPhone]' started.
    t =     0.00s Start Test at 2026-09-27 11:05:36.642
    t =     0.03s Set Up
    t =     0.03s Open com.jalenedusei.tessera
    t =     0.03s     Launch com.jalenedusei.tessera
    t =     0.03s         Terminate com.jalenedusei.tessera:12086
    t =     1.19s         Wait for accessibility to load
    t =     1.20s         Setting up automation session
    t =     1.54s         Wait for com.jalenedusei.tessera to idle
    t =     2.93s Wait for com.jalenedusei.tessera to become Running Foreground
    t =     2.93s Waiting 12.0s for "onboarding.usePhone" Button to exist
    t =     3.97s     Checking `Expect predicate `existsNoRetry == 1` for object "onboarding.usePhone" Button`
    t =     3.97s         Checking existence of `"onboarding.usePhone" Button`
    t =     4.04s Waiting 8.0s for "onboarding.usePhone" Button to exist
    t =     5.07s     Checking `Expect predicate `existsNoRetry == 1` for object "onboarding.usePhone" Button`
    t =     5.07s         Checking existence of `"onboarding.usePhone" Button`
    t =     5.10s Checking existence of `"onboarding.usePhone" Button`
    t =     6.17s Checking `Expect predicate `enabled == 1` for object "onboarding.usePhone" Button`
    t =     6.17s     Find the "onboarding.usePhone" Button
    t =     6.20s Tap "onboarding.usePhone" Button
    t =     6.20s     Wait for com.jalenedusei.tessera to idle
    t =     6.20s     Find the "onboarding.usePhone" Button
    t =     6.22s     Check for interrupting elements affecting "onboarding.usePhone" Button
    t =     6.23s     Synthesize event
    t =     6.52s     Wait for com.jalenedusei.tessera to idle
    t =     6.53s Waiting 8.0s for "onboarding.usePhone" Button to exist
    t =     7.57s     Checking `Expect predicate `existsNoRetry == 1` for object "onboarding.usePhone" Button`
    t =     7.57s         Checking existence of `"onboarding.usePhone" Button`
    t =     7.60s Checking existence of `"onboarding.usePhone" Button`
    t =     8.64s Checking `Expect predicate `enabled == 1` for object "onboarding.usePhone" Button`
    t =     8.64s     Find the "onboarding.usePhone" Button
    t =     8.66s Tap "onboarding.usePhone" Button
    t =     8.66s     Wait for com.jalenedusei.tessera to idle
    t =     8.66s     Find the "onboarding.usePhone" Button
    t =     8.68s     Check for interrupting elements affecting "onboarding.usePhone" Button
    t =     8.69s     Synthesize event
    t =     8.98s     Wait for com.jalenedusei.tessera to idle
    t =     8.98s Waiting 8.0s for "onboarding.continue" Button to exist
    t =    10.03s     Checking `Expect predicate `existsNoRetry == 1` for object "onboarding.continue" Button`
    t =    10.03s         Checking existence of `"onboarding.continue" Button`
    t =    10.06s Checking existence of `"onboarding.continue" Button`
    t =    11.12s Checking `Expect predicate `enabled == 1` for object "onboarding.continue" Button`
    t =    11.12s     Find the "onboarding.continue" Button
    t =    11.14s Tap "onboarding.continue" Button
    t =    11.14s     Wait for com.jalenedusei.tessera to idle
    t =    11.14s     Find the "onboarding.continue" Button
    t =    11.16s     Check for interrupting elements affecting "onboarding.continue" Button
    t =    11.17s     Synthesize event
    t =    11.47s     Wait for com.jalenedusei.tessera to idle
    t =    11.47s Checking existence of `"onboarding.sun" Switch`
    t =    11.49s Find the "onboarding.sun" Switch
    t =    11.50s Checking existence of `"ON THIS PHONE" StaticText`
    t =    11.52s Waiting 8.0s for "onboarding.continue" Button to exist
    t =    12.55s     Checking `Expect predicate `existsNoRetry == 1` for object "onboarding.continue" Button`
    t =    12.56s         Checking existence of `"onboarding.continue" Button`
    t =    12.58s Checking existence of `"onboarding.continue" Button`
    t =    13.64s Checking `Expect predicate `enabled == 1` for object "onboarding.continue" Button`
    t =    13.64s     Find the "onboarding.continue" Button
    t =    13.67s Tap "onboarding.continue" Button
    t =    13.67s     Wait for com.jalenedusei.tessera to idle
    t =    13.67s     Find the "onboarding.continue" Button
    t =    13.69s     Check for interrupting elements affecting "onboarding.continue" Button
    t =    13.70s     Synthesize event
    t =    13.99s     Wait for com.jalenedusei.tessera to idle
    t =    13.99s Waiting 8.0s for "onboarding.open" Button to exist
    t =    15.02s     Checking `Expect predicate `existsNoRetry == 1` for object "onboarding.open" Button`
    t =    15.02s         Checking existence of `"onboarding.open" Button`
    t =    15.05s Checking existence of `"onboarding.open" Button`
    t =    16.10s Checking `Expect predicate `enabled == 1` for object "onboarding.open" Button`
    t =    16.10s     Find the "onboarding.open" Button
    t =    16.13s Tap "onboarding.open" Button
    t =    16.13s     Wait for com.jalenedusei.tessera to idle
    t =    16.14s     Find the "onboarding.open" Button
    t =    16.15s     Check for interrupting elements affecting "onboarding.open" Button
    t =    16.17s     Synthesize event
    t =    16.45s     Wait for com.jalenedusei.tessera to idle
    t =    16.78s Waiting 8.0s for "onboarding.open" Button to not exist
    t =    17.84s     Checking `Expect predicate `existsNoRetry == 0` for object "onboarding.open" Button`
    t =    17.84s         Checking existence of `"onboarding.open" Button`
    t =    17.87s Tear Down
Test Case '-[SetupInteractionTests.SetupInteractionTests testOnboardingCanContinueOnThisPhone]' passed (18.107 seconds).
Test Case '-[SetupInteractionTests.SetupInteractionTests testPanelInterruptedSessionDoesNotRestoreOverNewMode]' started.
    t =     0.00s Start Test at 2026-09-27 11:05:54.750
    t =     0.03s Set Up
    t =     0.03s Open com.jalenedusei.tessera
    t =     0.03s     Launch com.jalenedusei.tessera
    t =     0.03s         Terminate com.jalenedusei.tessera:12103
    t =     1.18s         Setting up automation session
    t =     1.52s         Wait for com.jalenedusei.tessera to idle
    t =     3.36s Wait for com.jalenedusei.tessera to become Running Foreground
    t =     3.36s Waiting 12.0s for NavigationBar (First Match) to exist
    t =     4.40s     Checking `Expect predicate `existsNoRetry == 1` for object NavigationBar (First Match)`
    t =     4.40s         Checking existence of `NavigationBar (First Match)`
    t =     4.44s Waiting 8.0s for "panel.start" Button to exist
    t =     5.48s     Checking `Expect predicate `existsNoRetry == 1` for object "panel.start" Button`
    t =     5.48s         Checking existence of `"panel.start" Button`
    t =     5.53s Checking existence of `"panel.start" Button`
    t =     6.62s Checking `Expect predicate `enabled == 1` for object "panel.start" Button`
    t =     6.63s     Find the "panel.start" Button
    t =     6.67s Tap "panel.start" Button
    t =     6.67s     Wait for com.jalenedusei.tessera to idle
    t =     6.67s     Find the "panel.start" Button
    t =     6.69s     Check for interrupting elements affecting "panel.start" Button
    t =     6.71s     Synthesize event
    t =     7.00s     Wait for com.jalenedusei.tessera to idle
    t =     7.05s Waiting 6.0s for "panel.start" Button to exist
    t =     8.09s     Checking `Expect predicate `existsNoRetry == 1` for object "panel.start" Button`
    t =     8.09s         Checking existence of `"panel.start" Button`
    t =     8.12s         Capturing element debug description
    t =     9.06s     Checking `Expect predicate `existsNoRetry == 1` for object "panel.start" Button`
    t =     9.06s         Checking existence of `"panel.start" Button`
    t =     9.10s Tear Down
Test Case '-[SetupInteractionTests.SetupInteractionTests testPanelInterruptedSessionDoesNotRestoreOverNewMode]' passed (9.330 seconds).
Test Case '-[SetupInteractionTests.SetupInteractionTests testPanelPatternChangeAndEndPreservePreviousView]' started.
    t =     0.00s Start Test at 2026-09-27 11:06:04.080
    t =     0.02s Set Up
    t =     0.03s Open com.jalenedusei.tessera
    t =     0.03s     Launch com.jalenedusei.tessera
    t =     0.03s         Terminate com.jalenedusei.tessera:12137
    t =     1.20s         Setting up automation session
    t =     1.56s         Wait for com.jalenedusei.tessera to idle
    t =     3.22s Wait for com.jalenedusei.tessera to become Running Foreground
    t =     3.22s Waiting 12.0s for NavigationBar (First Match) to exist
    t =     4.28s     Checking `Expect predicate `existsNoRetry == 1` for object NavigationBar (First Match)`
    t =     4.28s         Checking existence of `NavigationBar (First Match)`
    t =     4.31s Waiting 8.0s for "panel.start" Button to exist
    t =     5.36s     Checking `Expect predicate `existsNoRetry == 1` for object "panel.start" Button`
    t =     5.36s         Checking existence of `"panel.start" Button`
    t =     5.41s Checking existence of `"panel.start" Button`
    t =     6.46s Checking `Expect predicate `enabled == 1` for object "panel.start" Button`
    t =     6.46s     Find the "panel.start" Button
    t =     6.49s Tap "panel.start" Button
    t =     6.49s     Wait for com.jalenedusei.tessera to idle
    t =     6.50s     Find the "panel.start" Button
    t =     6.52s     Check for interrupting elements affecting "panel.start" Button
    t =     6.54s     Synthesize event
    t =     6.83s     Wait for com.jalenedusei.tessera to idle
    t =     6.86s Waiting 8.0s for "panel.pattern.red" Button to exist
    t =     7.91s     Checking `Expect predicate `existsNoRetry == 1` for object "panel.pattern.red" Button`
    t =     7.91s         Checking existence of `"panel.pattern.red" Button`
    t =     7.94s Checking existence of `"panel.pattern.red" Button`
    t =     9.03s Checking `Expect predicate `enabled == 1` for object "panel.pattern.red" Button`
    t =     9.03s     Find the "panel.pattern.red" Button
    t =     9.07s Tap "panel.pattern.red" Button
    t =     9.07s     Wait for com.jalenedusei.tessera to idle
    t =     9.07s     Find the "panel.pattern.red" Button
    t =     9.10s     Check for interrupting elements affecting "panel.pattern.red" Button
    t =     9.12s     Synthesize event
    t =     9.40s     Wait for com.jalenedusei.tessera to idle
    t =     9.41s Waiting 8.0s for "panel.end" Button to exist
    t =    10.45s     Checking `Expect predicate `existsNoRetry == 1` for object "panel.end" Button`
    t =    10.45s         Checking existence of `"panel.end" Button`
    t =    10.48s Checking existence of `"panel.end" Button`
    t =    11.53s Checking `Expect predicate `enabled == 1` for object "panel.end" Button`
    t =    11.53s     Find the "panel.end" Button
    t =    11.58s Tap "panel.end" Button
    t =    11.58s     Wait for com.jalenedusei.tessera to idle
    t =    11.58s     Find the "panel.end" Button
    t =    11.63s     Check for interrupting elements affecting "panel.end" Button
    t =    11.65s     Synthesize event
    t =    11.94s     Wait for com.jalenedusei.tessera to idle
    t =    11.95s Tear Down
Test Case '-[SetupInteractionTests.SetupInteractionTests testPanelPatternChangeAndEndPreservePreviousView]' passed (12.173 seconds).
Test Case '-[SetupInteractionTests.SetupInteractionTests testPicturesKeyIsSecureAndMalformedKeyCannotSave]' started.
    t =     0.00s Start Test at 2026-09-27 11:06:16.254
    t =     0.01s Set Up
    t =     0.02s Open com.jalenedusei.tessera
    t =     0.02s     Launch com.jalenedusei.tessera
    t =     0.02s         Terminate com.jalenedusei.tessera:12157
    t =     1.18s         Setting up automation session
    t =     1.53s         Wait for com.jalenedusei.tessera to idle
    t =     3.95s Wait for com.jalenedusei.tessera to become Running Foreground
    t =     3.95s Waiting 12.0s for NavigationBar (First Match) to exist
    t =     4.97s     Checking `Expect predicate `existsNoRetry == 1` for object NavigationBar (First Match)`
    t =     4.97s         Checking existence of `NavigationBar (First Match)`
    t =     5.01s Checking existence of `"pictures.manage" Any`
    t =     5.09s Tap "pictures.manage" Any
    t =     5.09s     Wait for com.jalenedusei.tessera to idle
    t =     5.10s     Find the "pictures.manage" Any
    t =     5.14s     Check for interrupting elements affecting "pictures.manage" StaticText
    t =     5.17s     Synthesize event
    t =     5.46s     Wait for com.jalenedusei.tessera to idle
    t =     5.46s Checking existence of `"pictures.key" SecureTextField`
    t =     5.49s Tap "pictures.key" SecureTextField
    t =     5.49s     Wait for com.jalenedusei.tessera to idle
    t =     5.49s     Find the "pictures.key" SecureTextField
    t =     5.51s     Check for interrupting elements affecting "pictures.key" SecureTextField
    t =     5.53s     Synthesize event
    t =     5.54s         Scroll element to visible
    t =     5.54s         Find the "pictures.key" SecureTextField
    t =     5.56s         Computed hit point {201, 697} after scrolling to visible
    t =     5.85s     Wait for com.jalenedusei.tessera to idle
    t =     6.20s Type '<redacted>' into "pictures.key" SecureTextField
    t =     6.20s     Wait for com.jalenedusei.tessera to idle
    t =     6.20s     Find the "pictures.key" SecureTextField
    t =     6.25s     Check for interrupting elements affecting "pictures.key" SecureTextField
    t =     6.28s     Synthesize event
    t =     6.53s     Wait for com.jalenedusei.tessera to idle
    t =     7.05s Checking existence of `"pictures.engine" TextField`
    t =     7.08s Tap "pictures.engine" TextField
    t =     7.08s     Wait for com.jalenedusei.tessera to idle
    t =     7.08s     Find the "pictures.engine" TextField
    t =     7.11s     Check for interrupting elements affecting "pictures.engine" TextField
    t =     7.14s     Synthesize event
    t =     7.14s         Scroll element to visible
    t =     7.14s         Find the "pictures.engine" TextField
    t =     7.18s         Computed hit point {201, 393.00000000000006} after scrolling to visible
    t =     7.46s     Wait for com.jalenedusei.tessera to idle
    t =     7.81s Type 'qa_engine_12345' into "pictures.engine" TextField
    t =     7.81s     Wait for com.jalenedusei.tessera to idle
    t =     7.81s     Find the "pictures.engine" TextField
    t =     7.86s     Check for interrupting elements affecting "pictures.engine" TextField
    t =     7.89s     Synthesize event
    t =     8.33s     Wait for com.jalenedusei.tessera to idle
    t =     8.34s Checking existence of `"Done" Button`
    t =     8.38s Checking existence of `"Done" Button`
    t =     8.41s Find the "pictures.save" Button
    t =     8.43s Checking existence of `"pictures.key" TextField`
    t =     8.47s Tear Down
Test Case '-[SetupInteractionTests.SetupInteractionTests testPicturesKeyIsSecureAndMalformedKeyCannotSave]' passed (8.740 seconds).
Test Case '-[SetupInteractionTests.SetupInteractionTests testPicturesRemoveGoogleKeepsWebFallback]' started.
    t =     0.00s Start Test at 2026-09-27 11:06:24.995
    t =     0.03s Set Up
    t =     0.03s Open com.jalenedusei.tessera
    t =     0.03s     Launch com.jalenedusei.tessera
    t =     0.04s         Terminate com.jalenedusei.tessera:12191
    t =     1.19s         Setting up automation session
    t =     1.53s         Wait for com.jalenedusei.tessera to idle
    t =     3.58s Wait for com.jalenedusei.tessera to become Running Foreground
    t =     3.58s Waiting 12.0s for NavigationBar (First Match) to exist
    t =     4.62s     Checking `Expect predicate `existsNoRetry == 1` for object NavigationBar (First Match)`
    t =     4.62s         Checking existence of `NavigationBar (First Match)`
    t =     4.66s Checking existence of `"pictures.manage" Any`
    t =     4.75s Tap "pictures.manage" Any
    t =     4.75s     Wait for com.jalenedusei.tessera to idle
    t =     4.76s     Find the "pictures.manage" Any
    t =     4.80s     Check for interrupting elements affecting "pictures.manage" StaticText
    t =     4.83s     Synthesize event
    t =     4.83s         Scroll element to visible
    t =     4.83s         Find the "pictures.manage" StaticText
    t =     4.88s         Computed hit point {131.66666666666666, 758.5} after scrolling to visible
    t =     5.17s     Wait for com.jalenedusei.tessera to idle
    t =     5.17s Waiting 8.0s for "pictures.remove" Button to exist
    t =     6.22s     Checking `Expect predicate `existsNoRetry == 1` for object "pictures.remove" Button`
    t =     6.22s         Checking existence of `"pictures.remove" Button`
    t =     6.27s Checking existence of `"pictures.remove" Button`
    t =     7.34s Checking `Expect predicate `enabled == 1` for object "pictures.remove" Button`
    t =     7.34s     Find the "pictures.remove" Button
    t =     7.38s Tap "pictures.remove" Button
    t =     7.38s     Wait for com.jalenedusei.tessera to idle
    t =     7.39s     Find the "pictures.remove" Button
    t =     7.42s     Check for interrupting elements affecting "pictures.remove" Button
    t =     7.44s     Synthesize event
    t =     7.44s         Scroll element to visible
    t =     7.44s         Find the "pictures.remove" Button
    t =     7.47s         Computed hit point {128.66666666666666, 778.16666666666663} after scrolling to visible
    t =     7.75s     Wait for com.jalenedusei.tessera to idle
    t =     7.76s Waiting 8.0s for "pictures.confirmRemove" Button to exist
    t =     8.82s     Checking `Expect predicate `existsNoRetry == 1` for object "pictures.confirmRemove" Button`
    t =     8.82s         Checking existence of `"pictures.confirmRemove" Button`
    t =     8.85s Checking existence of `"pictures.confirmRemove" Button`
    t =     9.91s Checking `Expect predicate `enabled == 1` for object "pictures.confirmRemove" Button`
    t =     9.91s     Find the "pictures.confirmRemove" Button
    t =     9.96s Tap "pictures.confirmRemove" Button
    t =     9.96s     Wait for com.jalenedusei.tessera to idle
    t =     9.96s     Find the "pictures.confirmRemove" Button
    t =     9.99s     Check for interrupting elements affecting "pictures.confirmRemove" Button
    t =    10.02s     Synthesize event
    t =    10.30s     Wait for com.jalenedusei.tessera to idle
    t =    10.30s Waiting 10.0s for "pictures.notice" Any to exist
    t =    11.35s     Checking `Expect predicate `existsNoRetry == 1` for object "pictures.notice" Any`
    t =    11.35s         Checking existence of `"pictures.notice" Any`
    t =    11.41s Tear Down
Test Case '-[SetupInteractionTests.SetupInteractionTests testPicturesRemoveGoogleKeepsWebFallback]' passed (11.673 seconds).
Test Suite 'SetupInteractionTests' passed at 2026-09-27 11:06:36.668.
	 Executed 12 tests, with 0 failures (0 unexpected) in 140.724 (140.733) seconds
Test Suite 'SetupInteractionTests.xctest' passed at 2026-09-27 11:06:36.669.
	 Executed 12 tests, with 0 failures (0 unexpected) in 140.724 (140.733) seconds
Test Suite 'All tests' passed at 2026-09-27 11:06:36.669.
	 Executed 12 tests, with 0 failures (0 unexpected) in 140.724 (140.734) seconds
2026-09-27 11:06:36.983 xcodebuild[11828:27283128] [MT] IDETestOperationsObserverDebug: 142.600 elapsed -- Testing started completed.
2026-09-27 11:06:36.983 xcodebuild[11828:27283128] [MT] IDETestOperationsObserverDebug: 0.000 sec, +0.000 sec -- start
2026-09-27 11:06:36.983 xcodebuild[11828:27283128] [MT] IDETestOperationsObserverDebug: 142.600 sec, +142.600 sec -- end

Test session results, code coverage, and logs:
	/var/folders/42/c0cl6_w541l5dyv2jjnh0f0w0000gn/T/tessera-native-setup-rj8h6d5l/run.xcresult

** TEST SUCCEEDED **

Testing started
