Command line invocation:
    /Applications/Xcode-beta.app/Contents/Developer/usr/bin/xcodebuild -project /var/folders/42/c0cl6_w541l5dyv2jjnh0f0w0000gn/T/tessera-native-services-wpwjm_x2/project/TesseraInteractions.xcodeproj -scheme ConnectionsInteractionTests -destination id=9108AFCE-E437-42FF-A946-C41349BE6540 -derivedDataPath /var/folders/42/c0cl6_w541l5dyv2jjnh0f0w0000gn/T/tessera-native-services-wpwjm_x2/build -resultBundlePath /var/folders/42/c0cl6_w541l5dyv2jjnh0f0w0000gn/T/tessera-native-services-wpwjm_x2/run.xcresult -collect-test-diagnostics never test

Writing result bundle at path:
	/var/folders/42/c0cl6_w541l5dyv2jjnh0f0w0000gn/T/tessera-native-services-wpwjm_x2/run.xcresult

ComputePackagePrebuildTargetDependencyGraph

Prepare packages

CreateBuildRequest

SendProjectDescription

CreateBuildOperation

ComputeTargetDependencyGraph
note: Building targets in dependency order
note: Target dependency graph (1 target)
    Target 'ConnectionsInteractionTests' in project 'TesseraInteractions' (no dependencies)

GatherProvisioningInputs

CreateBuildDescription

ExecuteExternalTool /Applications/Xcode-beta.app/Contents/Developer/Toolchains/XcodeDefault.xctoolchain/usr/bin/clang -v -E -dM -isysroot /Applications/Xcode-beta.app/Contents/Developer/Platforms/iPhoneSimulator.platform/Developer/SDKs/iPhoneSimulator27.0.sdk -x c -c /dev/null

ExecuteExternalTool /Applications/Xcode-beta.app/Contents/Developer/Toolchains/XcodeDefault.xctoolchain/usr/bin/swiftc --version

ExecuteExternalTool /Applications/Xcode-beta.app/Contents/Developer/Toolchains/XcodeDefault.xctoolchain/usr/bin/ld -version_details

Build description signature: e9fcbdaa07d47478818bc549de1987d3
Build description path: /var/folders/42/c0cl6_w541l5dyv2jjnh0f0w0000gn/T/tessera-native-services-wpwjm_x2/build/Build/Intermediates.noindex/XCBuildData/e9fcbdaa07d47478818bc549de1987d3.xcbuilddata
CreateBuildDirectory /var/folders/42/c0cl6_w541l5dyv2jjnh0f0w0000gn/T/tessera-native-services-wpwjm_x2/build/CompilationCache.noindex
    cd /var/folders/42/c0cl6_w541l5dyv2jjnh0f0w0000gn/T/tessera-native-services-wpwjm_x2/project/TesseraInteractions.xcodeproj
    builtin-create-build-directory /var/folders/42/c0cl6_w541l5dyv2jjnh0f0w0000gn/T/tessera-native-services-wpwjm_x2/build/CompilationCache.noindex

CreateBuildDirectory /var/folders/42/c0cl6_w541l5dyv2jjnh0f0w0000gn/T/tessera-native-services-wpwjm_x2/build/SDKExplicitPrecompiledModules
    cd /var/folders/42/c0cl6_w541l5dyv2jjnh0f0w0000gn/T/tessera-native-services-wpwjm_x2/project/TesseraInteractions.xcodeproj
    builtin-create-build-directory /var/folders/42/c0cl6_w541l5dyv2jjnh0f0w0000gn/T/tessera-native-services-wpwjm_x2/build/SDKExplicitPrecompiledModules

CreateBuildDirectory /var/folders/42/c0cl6_w541l5dyv2jjnh0f0w0000gn/T/tessera-native-services-wpwjm_x2/build/ModuleCache.noindex
    cd /var/folders/42/c0cl6_w541l5dyv2jjnh0f0w0000gn/T/tessera-native-services-wpwjm_x2/project/TesseraInteractions.xcodeproj
    builtin-create-build-directory /var/folders/42/c0cl6_w541l5dyv2jjnh0f0w0000gn/T/tessera-native-services-wpwjm_x2/build/ModuleCache.noindex

CreateBuildDirectory /var/folders/42/c0cl6_w541l5dyv2jjnh0f0w0000gn/T/tessera-native-services-wpwjm_x2/build/Build/Products
    cd /var/folders/42/c0cl6_w541l5dyv2jjnh0f0w0000gn/T/tessera-native-services-wpwjm_x2/project/TesseraInteractions.xcodeproj
    builtin-create-build-directory /var/folders/42/c0cl6_w541l5dyv2jjnh0f0w0000gn/T/tessera-native-services-wpwjm_x2/build/Build/Products

CreateBuildDirectory /var/folders/42/c0cl6_w541l5dyv2jjnh0f0w0000gn/T/tessera-native-services-wpwjm_x2/build/Build/Intermediates.noindex
    cd /var/folders/42/c0cl6_w541l5dyv2jjnh0f0w0000gn/T/tessera-native-services-wpwjm_x2/project/TesseraInteractions.xcodeproj
    builtin-create-build-directory /var/folders/42/c0cl6_w541l5dyv2jjnh0f0w0000gn/T/tessera-native-services-wpwjm_x2/build/Build/Intermediates.noindex

ClangStatCache /Applications/Xcode-beta.app/Contents/Developer/Toolchains/XcodeDefault.xctoolchain/usr/bin/clang-stat-cache /Applications/Xcode-beta.app/Contents/Developer/Platforms/iPhoneSimulator.platform/Developer/SDKs/iPhoneSimulator27.0.sdk /var/folders/42/c0cl6_w541l5dyv2jjnh0f0w0000gn/T/tessera-native-services-wpwjm_x2/build/SDKStatCaches.noindex/iphonesimulator27.0-24A5408c-be13878bbdcd767c5c3aec63d1bf53923243818bda632a4370e1cc7a9fd181c5.sdkstatcache
    cd /var/folders/42/c0cl6_w541l5dyv2jjnh0f0w0000gn/T/tessera-native-services-wpwjm_x2/project/TesseraInteractions.xcodeproj
    /Applications/Xcode-beta.app/Contents/Developer/Toolchains/XcodeDefault.xctoolchain/usr/bin/clang-stat-cache /Applications/Xcode-beta.app/Contents/Developer/Platforms/iPhoneSimulator.platform/Developer/SDKs/iPhoneSimulator27.0.sdk -o /var/folders/42/c0cl6_w541l5dyv2jjnh0f0w0000gn/T/tessera-native-services-wpwjm_x2/build/SDKStatCaches.noindex/iphonesimulator27.0-24A5408c-be13878bbdcd767c5c3aec63d1bf53923243818bda632a4370e1cc7a9fd181c5.sdkstatcache

CreateBuildDirectory /var/folders/42/c0cl6_w541l5dyv2jjnh0f0w0000gn/T/tessera-native-services-wpwjm_x2/build/Build/Intermediates.noindex/SwiftExplicitPrecompiledModules
    cd /var/folders/42/c0cl6_w541l5dyv2jjnh0f0w0000gn/T/tessera-native-services-wpwjm_x2/project/TesseraInteractions.xcodeproj
    builtin-create-build-directory /var/folders/42/c0cl6_w541l5dyv2jjnh0f0w0000gn/T/tessera-native-services-wpwjm_x2/build/Build/Intermediates.noindex/SwiftExplicitPrecompiledModules

CreateBuildDirectory /var/folders/42/c0cl6_w541l5dyv2jjnh0f0w0000gn/T/tessera-native-services-wpwjm_x2/build/Build/Intermediates.noindex/PrecompiledHeaders
    cd /var/folders/42/c0cl6_w541l5dyv2jjnh0f0w0000gn/T/tessera-native-services-wpwjm_x2/project/TesseraInteractions.xcodeproj
    builtin-create-build-directory /var/folders/42/c0cl6_w541l5dyv2jjnh0f0w0000gn/T/tessera-native-services-wpwjm_x2/build/Build/Intermediates.noindex/PrecompiledHeaders

CreateBuildDirectory /var/folders/42/c0cl6_w541l5dyv2jjnh0f0w0000gn/T/tessera-native-services-wpwjm_x2/build/Build/Intermediates.noindex/ExplicitPrecompiledModules
    cd /var/folders/42/c0cl6_w541l5dyv2jjnh0f0w0000gn/T/tessera-native-services-wpwjm_x2/project/TesseraInteractions.xcodeproj
    builtin-create-build-directory /var/folders/42/c0cl6_w541l5dyv2jjnh0f0w0000gn/T/tessera-native-services-wpwjm_x2/build/Build/Intermediates.noindex/ExplicitPrecompiledModules

CreateBuildDirectory /var/folders/42/c0cl6_w541l5dyv2jjnh0f0w0000gn/T/tessera-native-services-wpwjm_x2/build/Build/Intermediates.noindex/EagerLinkingTBDs/Debug-iphonesimulator
    cd /var/folders/42/c0cl6_w541l5dyv2jjnh0f0w0000gn/T/tessera-native-services-wpwjm_x2/project/TesseraInteractions.xcodeproj
    builtin-create-build-directory /var/folders/42/c0cl6_w541l5dyv2jjnh0f0w0000gn/T/tessera-native-services-wpwjm_x2/build/Build/Intermediates.noindex/EagerLinkingTBDs/Debug-iphonesimulator

CreateBuildDirectory /var/folders/42/c0cl6_w541l5dyv2jjnh0f0w0000gn/T/tessera-native-services-wpwjm_x2/build/Build/Products/Debug-iphonesimulator
    cd /var/folders/42/c0cl6_w541l5dyv2jjnh0f0w0000gn/T/tessera-native-services-wpwjm_x2/project/TesseraInteractions.xcodeproj
    builtin-create-build-directory /var/folders/42/c0cl6_w541l5dyv2jjnh0f0w0000gn/T/tessera-native-services-wpwjm_x2/build/Build/Products/Debug-iphonesimulator

WriteAuxiliaryFile /var/folders/42/c0cl6_w541l5dyv2jjnh0f0w0000gn/T/tessera-native-services-wpwjm_x2/build/Build/Intermediates.noindex/TesseraInteractions.build/Debug-iphonesimulator/TesseraInteractions-38e5303e7335c4f66eba96000e6c6e20-VFS-iphonesimulator/all-product-headers.yaml
    cd /var/folders/42/c0cl6_w541l5dyv2jjnh0f0w0000gn/T/tessera-native-services-wpwjm_x2/project/TesseraInteractions.xcodeproj
    write-file /var/folders/42/c0cl6_w541l5dyv2jjnh0f0w0000gn/T/tessera-native-services-wpwjm_x2/build/Build/Intermediates.noindex/TesseraInteractions.build/Debug-iphonesimulator/TesseraInteractions-38e5303e7335c4f66eba96000e6c6e20-VFS-iphonesimulator/all-product-headers.yaml

WriteAuxiliaryFile /var/folders/42/c0cl6_w541l5dyv2jjnh0f0w0000gn/T/tessera-native-services-wpwjm_x2/build/Build/Intermediates.noindex/TesseraInteractions.build/Debug-iphonesimulator/ConnectionsInteractionTests.build/empty-ConnectionsInteractionTests.plist (in target 'ConnectionsInteractionTests' from project 'TesseraInteractions')
    cd /var/folders/42/c0cl6_w541l5dyv2jjnh0f0w0000gn/T/tessera-native-services-wpwjm_x2/project
    write-file /var/folders/42/c0cl6_w541l5dyv2jjnh0f0w0000gn/T/tessera-native-services-wpwjm_x2/build/Build/Intermediates.noindex/TesseraInteractions.build/Debug-iphonesimulator/ConnectionsInteractionTests.build/empty-ConnectionsInteractionTests.plist

WriteAuxiliaryFile /var/folders/42/c0cl6_w541l5dyv2jjnh0f0w0000gn/T/tessera-native-services-wpwjm_x2/build/Build/Intermediates.noindex/TesseraInteractions.build/Debug-iphonesimulator/ConnectionsInteractionTests.build/ConnectionsInteractionTests-project-headers.hmap (in target 'ConnectionsInteractionTests' from project 'TesseraInteractions')
    cd /var/folders/42/c0cl6_w541l5dyv2jjnh0f0w0000gn/T/tessera-native-services-wpwjm_x2/project
    write-file /var/folders/42/c0cl6_w541l5dyv2jjnh0f0w0000gn/T/tessera-native-services-wpwjm_x2/build/Build/Intermediates.noindex/TesseraInteractions.build/Debug-iphonesimulator/ConnectionsInteractionTests.build/ConnectionsInteractionTests-project-headers.hmap

WriteAuxiliaryFile /var/folders/42/c0cl6_w541l5dyv2jjnh0f0w0000gn/T/tessera-native-services-wpwjm_x2/build/Build/Intermediates.noindex/TesseraInteractions.build/Debug-iphonesimulator/ConnectionsInteractionTests.build/ConnectionsInteractionTests.DependencyMetadataFileList (in target 'ConnectionsInteractionTests' from project 'TesseraInteractions')
    cd /var/folders/42/c0cl6_w541l5dyv2jjnh0f0w0000gn/T/tessera-native-services-wpwjm_x2/project
    write-file /var/folders/42/c0cl6_w541l5dyv2jjnh0f0w0000gn/T/tessera-native-services-wpwjm_x2/build/Build/Intermediates.noindex/TesseraInteractions.build/Debug-iphonesimulator/ConnectionsInteractionTests.build/ConnectionsInteractionTests.DependencyMetadataFileList

WriteAuxiliaryFile /var/folders/42/c0cl6_w541l5dyv2jjnh0f0w0000gn/T/tessera-native-services-wpwjm_x2/build/Build/Intermediates.noindex/TesseraInteractions.build/Debug-iphonesimulator/ConnectionsInteractionTests.build/ConnectionsInteractionTests-own-target-headers.hmap (in target 'ConnectionsInteractionTests' from project 'TesseraInteractions')
    cd /var/folders/42/c0cl6_w541l5dyv2jjnh0f0w0000gn/T/tessera-native-services-wpwjm_x2/project
    write-file /var/folders/42/c0cl6_w541l5dyv2jjnh0f0w0000gn/T/tessera-native-services-wpwjm_x2/build/Build/Intermediates.noindex/TesseraInteractions.build/Debug-iphonesimulator/ConnectionsInteractionTests.build/ConnectionsInteractionTests-own-target-headers.hmap

WriteAuxiliaryFile /var/folders/42/c0cl6_w541l5dyv2jjnh0f0w0000gn/T/tessera-native-services-wpwjm_x2/build/Build/Intermediates.noindex/TesseraInteractions.build/Debug-iphonesimulator/ConnectionsInteractionTests.build/ConnectionsInteractionTests-generated-files.hmap (in target 'ConnectionsInteractionTests' from project 'TesseraInteractions')
    cd /var/folders/42/c0cl6_w541l5dyv2jjnh0f0w0000gn/T/tessera-native-services-wpwjm_x2/project
    write-file /var/folders/42/c0cl6_w541l5dyv2jjnh0f0w0000gn/T/tessera-native-services-wpwjm_x2/build/Build/Intermediates.noindex/TesseraInteractions.build/Debug-iphonesimulator/ConnectionsInteractionTests.build/ConnectionsInteractionTests-generated-files.hmap

WriteAuxiliaryFile /var/folders/42/c0cl6_w541l5dyv2jjnh0f0w0000gn/T/tessera-native-services-wpwjm_x2/build/Build/Intermediates.noindex/TesseraInteractions.build/Debug-iphonesimulator/ConnectionsInteractionTests.build/ConnectionsInteractionTests-all-target-headers.hmap (in target 'ConnectionsInteractionTests' from project 'TesseraInteractions')
    cd /var/folders/42/c0cl6_w541l5dyv2jjnh0f0w0000gn/T/tessera-native-services-wpwjm_x2/project
    write-file /var/folders/42/c0cl6_w541l5dyv2jjnh0f0w0000gn/T/tessera-native-services-wpwjm_x2/build/Build/Intermediates.noindex/TesseraInteractions.build/Debug-iphonesimulator/ConnectionsInteractionTests.build/ConnectionsInteractionTests-all-target-headers.hmap

WriteAuxiliaryFile /var/folders/42/c0cl6_w541l5dyv2jjnh0f0w0000gn/T/tessera-native-services-wpwjm_x2/build/Build/Intermediates.noindex/TesseraInteractions.build/Debug-iphonesimulator/ConnectionsInteractionTests.build/ConnectionsInteractionTests.hmap (in target 'ConnectionsInteractionTests' from project 'TesseraInteractions')
    cd /var/folders/42/c0cl6_w541l5dyv2jjnh0f0w0000gn/T/tessera-native-services-wpwjm_x2/project
    write-file /var/folders/42/c0cl6_w541l5dyv2jjnh0f0w0000gn/T/tessera-native-services-wpwjm_x2/build/Build/Intermediates.noindex/TesseraInteractions.build/Debug-iphonesimulator/ConnectionsInteractionTests.build/ConnectionsInteractionTests.hmap

WriteAuxiliaryFile /var/folders/42/c0cl6_w541l5dyv2jjnh0f0w0000gn/T/tessera-native-services-wpwjm_x2/build/Build/Intermediates.noindex/TesseraInteractions.build/Debug-iphonesimulator/ConnectionsInteractionTests.build/ProductTypeInfoPlistAdditions.plist (in target 'ConnectionsInteractionTests' from project 'TesseraInteractions')
    cd /var/folders/42/c0cl6_w541l5dyv2jjnh0f0w0000gn/T/tessera-native-services-wpwjm_x2/project
    write-file /var/folders/42/c0cl6_w541l5dyv2jjnh0f0w0000gn/T/tessera-native-services-wpwjm_x2/build/Build/Intermediates.noindex/TesseraInteractions.build/Debug-iphonesimulator/ConnectionsInteractionTests.build/ProductTypeInfoPlistAdditions.plist

WriteAuxiliaryFile /var/folders/42/c0cl6_w541l5dyv2jjnh0f0w0000gn/T/tessera-native-services-wpwjm_x2/build/Build/Intermediates.noindex/TesseraInteractions.build/Debug-iphonesimulator/ConnectionsInteractionTests.build/ConnectionsInteractionTests.DependencyStaticMetadataFileList (in target 'ConnectionsInteractionTests' from project 'TesseraInteractions')
    cd /var/folders/42/c0cl6_w541l5dyv2jjnh0f0w0000gn/T/tessera-native-services-wpwjm_x2/project
    write-file /var/folders/42/c0cl6_w541l5dyv2jjnh0f0w0000gn/T/tessera-native-services-wpwjm_x2/build/Build/Intermediates.noindex/TesseraInteractions.build/Debug-iphonesimulator/ConnectionsInteractionTests.build/ConnectionsInteractionTests.DependencyStaticMetadataFileList

WriteAuxiliaryFile /var/folders/42/c0cl6_w541l5dyv2jjnh0f0w0000gn/T/tessera-native-services-wpwjm_x2/build/Build/Intermediates.noindex/TesseraInteractions.build/Debug-iphonesimulator/ConnectionsInteractionTests.build/Objects-normal/arm64/ConnectionsInteractionTests.LinkFileList (in target 'ConnectionsInteractionTests' from project 'TesseraInteractions')
    cd /var/folders/42/c0cl6_w541l5dyv2jjnh0f0w0000gn/T/tessera-native-services-wpwjm_x2/project
    write-file /var/folders/42/c0cl6_w541l5dyv2jjnh0f0w0000gn/T/tessera-native-services-wpwjm_x2/build/Build/Intermediates.noindex/TesseraInteractions.build/Debug-iphonesimulator/ConnectionsInteractionTests.build/Objects-normal/arm64/ConnectionsInteractionTests.LinkFileList

WriteAuxiliaryFile /var/folders/42/c0cl6_w541l5dyv2jjnh0f0w0000gn/T/tessera-native-services-wpwjm_x2/build/Build/Intermediates.noindex/TesseraInteractions.build/Debug-iphonesimulator/ConnectionsInteractionTests.build/Objects-normal/arm64/ConnectionsInteractionTests-OutputFileMap.json (in target 'ConnectionsInteractionTests' from project 'TesseraInteractions')
    cd /var/folders/42/c0cl6_w541l5dyv2jjnh0f0w0000gn/T/tessera-native-services-wpwjm_x2/project
    write-file /var/folders/42/c0cl6_w541l5dyv2jjnh0f0w0000gn/T/tessera-native-services-wpwjm_x2/build/Build/Intermediates.noindex/TesseraInteractions.build/Debug-iphonesimulator/ConnectionsInteractionTests.build/Objects-normal/arm64/ConnectionsInteractionTests-OutputFileMap.json

WriteAuxiliaryFile /var/folders/42/c0cl6_w541l5dyv2jjnh0f0w0000gn/T/tessera-native-services-wpwjm_x2/build/Build/Intermediates.noindex/TesseraInteractions.build/Debug-iphonesimulator/ConnectionsInteractionTests.build/Objects-normal/arm64/ConnectionsInteractionTests.SwiftConstValuesFileList (in target 'ConnectionsInteractionTests' from project 'TesseraInteractions')
    cd /var/folders/42/c0cl6_w541l5dyv2jjnh0f0w0000gn/T/tessera-native-services-wpwjm_x2/project
    write-file /var/folders/42/c0cl6_w541l5dyv2jjnh0f0w0000gn/T/tessera-native-services-wpwjm_x2/build/Build/Intermediates.noindex/TesseraInteractions.build/Debug-iphonesimulator/ConnectionsInteractionTests.build/Objects-normal/arm64/ConnectionsInteractionTests.SwiftConstValuesFileList

WriteAuxiliaryFile /var/folders/42/c0cl6_w541l5dyv2jjnh0f0w0000gn/T/tessera-native-services-wpwjm_x2/build/Build/Intermediates.noindex/TesseraInteractions.build/Debug-iphonesimulator/ConnectionsInteractionTests.build/Objects-normal/arm64/ConnectionsInteractionTests_const_extract_protocols.json (in target 'ConnectionsInteractionTests' from project 'TesseraInteractions')
    cd /var/folders/42/c0cl6_w541l5dyv2jjnh0f0w0000gn/T/tessera-native-services-wpwjm_x2/project
    write-file /var/folders/42/c0cl6_w541l5dyv2jjnh0f0w0000gn/T/tessera-native-services-wpwjm_x2/build/Build/Intermediates.noindex/TesseraInteractions.build/Debug-iphonesimulator/ConnectionsInteractionTests.build/Objects-normal/arm64/ConnectionsInteractionTests_const_extract_protocols.json

WriteAuxiliaryFile /var/folders/42/c0cl6_w541l5dyv2jjnh0f0w0000gn/T/tessera-native-services-wpwjm_x2/build/Build/Intermediates.noindex/TesseraInteractions.build/Debug-iphonesimulator/ConnectionsInteractionTests.build/Objects-normal/arm64/ConnectionsInteractionTests.SwiftFileList (in target 'ConnectionsInteractionTests' from project 'TesseraInteractions')
    cd /var/folders/42/c0cl6_w541l5dyv2jjnh0f0w0000gn/T/tessera-native-services-wpwjm_x2/project
    write-file /var/folders/42/c0cl6_w541l5dyv2jjnh0f0w0000gn/T/tessera-native-services-wpwjm_x2/build/Build/Intermediates.noindex/TesseraInteractions.build/Debug-iphonesimulator/ConnectionsInteractionTests.build/Objects-normal/arm64/ConnectionsInteractionTests.SwiftFileList

WriteAuxiliaryFile /var/folders/42/c0cl6_w541l5dyv2jjnh0f0w0000gn/T/tessera-native-services-wpwjm_x2/build/Build/Intermediates.noindex/TesseraInteractions.build/Debug-iphonesimulator/ConnectionsInteractionTests.build/ConnectionsInteractionTests-all-non-framework-target-headers.hmap (in target 'ConnectionsInteractionTests' from project 'TesseraInteractions')
    cd /var/folders/42/c0cl6_w541l5dyv2jjnh0f0w0000gn/T/tessera-native-services-wpwjm_x2/project
    write-file /var/folders/42/c0cl6_w541l5dyv2jjnh0f0w0000gn/T/tessera-native-services-wpwjm_x2/build/Build/Intermediates.noindex/TesseraInteractions.build/Debug-iphonesimulator/ConnectionsInteractionTests.build/ConnectionsInteractionTests-all-non-framework-target-headers.hmap

MkDir /var/folders/42/c0cl6_w541l5dyv2jjnh0f0w0000gn/T/tessera-native-services-wpwjm_x2/build/Build/Products/Debug-iphonesimulator/ConnectionsInteractionTests-Runner.app/PlugIns/ConnectionsInteractionTests.xctest (in target 'ConnectionsInteractionTests' from project 'TesseraInteractions')
    cd /var/folders/42/c0cl6_w541l5dyv2jjnh0f0w0000gn/T/tessera-native-services-wpwjm_x2/project
    /bin/mkdir -p /var/folders/42/c0cl6_w541l5dyv2jjnh0f0w0000gn/T/tessera-native-services-wpwjm_x2/build/Build/Products/Debug-iphonesimulator/ConnectionsInteractionTests-Runner.app/PlugIns/ConnectionsInteractionTests.xctest

ProcessInfoPlistFile /var/folders/42/c0cl6_w541l5dyv2jjnh0f0w0000gn/T/tessera-native-services-wpwjm_x2/build/Build/Products/Debug-iphonesimulator/ConnectionsInteractionTests-Runner.app/PlugIns/ConnectionsInteractionTests.xctest/Info.plist /var/folders/42/c0cl6_w541l5dyv2jjnh0f0w0000gn/T/tessera-native-services-wpwjm_x2/build/Build/Intermediates.noindex/TesseraInteractions.build/Debug-iphonesimulator/ConnectionsInteractionTests.build/empty-ConnectionsInteractionTests.plist (in target 'ConnectionsInteractionTests' from project 'TesseraInteractions')
    cd /var/folders/42/c0cl6_w541l5dyv2jjnh0f0w0000gn/T/tessera-native-services-wpwjm_x2/project
    builtin-infoPlistUtility /var/folders/42/c0cl6_w541l5dyv2jjnh0f0w0000gn/T/tessera-native-services-wpwjm_x2/build/Build/Intermediates.noindex/TesseraInteractions.build/Debug-iphonesimulator/ConnectionsInteractionTests.build/empty-ConnectionsInteractionTests.plist -producttype com.apple.product-type.bundle.ui-testing -expandbuildsettings -format binary -platform iphonesimulator -additionalcontentfile /var/folders/42/c0cl6_w541l5dyv2jjnh0f0w0000gn/T/tessera-native-services-wpwjm_x2/build/Build/Intermediates.noindex/TesseraInteractions.build/Debug-iphonesimulator/ConnectionsInteractionTests.build/ProductTypeInfoPlistAdditions.plist -o /var/folders/42/c0cl6_w541l5dyv2jjnh0f0w0000gn/T/tessera-native-services-wpwjm_x2/build/Build/Products/Debug-iphonesimulator/ConnectionsInteractionTests-Runner.app/PlugIns/ConnectionsInteractionTests.xctest/Info.plist

SwiftDriver ConnectionsInteractionTests normal arm64 com.apple.xcode.tools.swift.compiler (in target 'ConnectionsInteractionTests' from project 'TesseraInteractions')
    cd /var/folders/42/c0cl6_w541l5dyv2jjnh0f0w0000gn/T/tessera-native-services-wpwjm_x2/project
    builtin-SwiftDriver -- /Applications/Xcode-beta.app/Contents/Developer/Toolchains/XcodeDefault.xctoolchain/usr/bin/swiftc -module-name ConnectionsInteractionTests -Onone @/var/folders/42/c0cl6_w541l5dyv2jjnh0f0w0000gn/T/tessera-native-services-wpwjm_x2/build/Build/Intermediates.noindex/TesseraInteractions.build/Debug-iphonesimulator/ConnectionsInteractionTests.build/Objects-normal/arm64/ConnectionsInteractionTests.SwiftFileList -DDEBUG -module-alias Testing\=_Testing_Unavailable -plugin-path /Applications/Xcode-beta.app/Contents/Developer/Toolchains/XcodeDefault.xctoolchain/usr/lib/swift/host/plugins/testing -enable-bare-slash-regex -enable-experimental-feature DebugDescriptionMacro -sdk /Applications/Xcode-beta.app/Contents/Developer/Platforms/iPhoneSimulator.platform/Developer/SDKs/iPhoneSimulator27.0.sdk -target arm64-apple-ios18.0-simulator -g -module-cache-path /var/folders/42/c0cl6_w541l5dyv2jjnh0f0w0000gn/T/tessera-native-services-wpwjm_x2/build/ModuleCache.noindex -Xfrontend -serialize-debugging-options -enable-testing -index-store-path /var/folders/42/c0cl6_w541l5dyv2jjnh0f0w0000gn/T/tessera-native-services-wpwjm_x2/build/Index.noindex/DataStore -Xcc -D_LIBCPP_HARDENING_MODE\=_LIBCPP_HARDENING_MODE_DEBUG -swift-version 5 -I /var/folders/42/c0cl6_w541l5dyv2jjnh0f0w0000gn/T/tessera-native-services-wpwjm_x2/build/Build/Products/Debug-iphonesimulator -Isystem /Applications/Xcode-beta.app/Contents/Developer/Platforms/iPhoneSimulator.platform/Developer/usr/lib -F /var/folders/42/c0cl6_w541l5dyv2jjnh0f0w0000gn/T/tessera-native-services-wpwjm_x2/build/Build/Products/Debug-iphonesimulator -F /Applications/Xcode-beta.app/Contents/Developer/Platforms/iPhoneSimulator.platform/Developer/Library/Frameworks -F /Applications/Xcode-beta.app/Contents/Developer/Platforms/iPhoneSimulator.platform/Developer/SDKs/iPhoneSimulator27.0.sdk/Developer/Library/Frameworks -parse-as-library -c -j15 -enable-batch-mode -incremental -Xcc -ivfsstatcache -Xcc /var/folders/42/c0cl6_w541l5dyv2jjnh0f0w0000gn/T/tessera-native-services-wpwjm_x2/build/SDKStatCaches.noindex/iphonesimulator27.0-24A5408c-be13878bbdcd767c5c3aec63d1bf53923243818bda632a4370e1cc7a9fd181c5.sdkstatcache -output-file-map /var/folders/42/c0cl6_w541l5dyv2jjnh0f0w0000gn/T/tessera-native-services-wpwjm_x2/build/Build/Intermediates.noindex/TesseraInteractions.build/Debug-iphonesimulator/ConnectionsInteractionTests.build/Objects-normal/arm64/ConnectionsInteractionTests-OutputFileMap.json -save-temps -no-color-diagnostics -explicit-module-build -module-cache-path /var/folders/42/c0cl6_w541l5dyv2jjnh0f0w0000gn/T/tessera-native-services-wpwjm_x2/build/Build/Intermediates.noindex/SwiftExplicitPrecompiledModules -clang-scanner-module-cache-path /var/folders/42/c0cl6_w541l5dyv2jjnh0f0w0000gn/T/tessera-native-services-wpwjm_x2/build/ModuleCache.noindex -sdk-module-cache-path /var/folders/42/c0cl6_w541l5dyv2jjnh0f0w0000gn/T/tessera-native-services-wpwjm_x2/build/SDKExplicitPrecompiledModules -emit-dependencies -emit-module -emit-module-path /var/folders/42/c0cl6_w541l5dyv2jjnh0f0w0000gn/T/tessera-native-services-wpwjm_x2/build/Build/Intermediates.noindex/TesseraInteractions.build/Debug-iphonesimulator/ConnectionsInteractionTests.build/Objects-normal/arm64/ConnectionsInteractionTests.swiftmodule -serialize-diagnostics -dependency-scan-serialize-diagnostics-path /var/folders/42/c0cl6_w541l5dyv2jjnh0f0w0000gn/T/tessera-native-services-wpwjm_x2/build/Build/Intermediates.noindex/TesseraInteractions.build/Debug-iphonesimulator/ConnectionsInteractionTests.build/Objects-normal/arm64/ConnectionsInteractionTests-dependency-scan.dia -validate-clang-modules-once -clang-build-session-file /var/folders/42/c0cl6_w541l5dyv2jjnh0f0w0000gn/T/tessera-native-services-wpwjm_x2/build/ModuleCache.noindex/Session.modulevalidation -Xcc -fmodules-prune-interval\=86400 -Xcc -fmodules-prune-after\=345600 -emit-const-values -const-gather-protocols-list /var/folders/42/c0cl6_w541l5dyv2jjnh0f0w0000gn/T/tessera-native-services-wpwjm_x2/build/Build/Intermediates.noindex/TesseraInteractions.build/Debug-iphonesimulator/ConnectionsInteractionTests.build/Objects-normal/arm64/ConnectionsInteractionTests_const_extract_protocols.json -Xcc -iquote -Xcc /var/folders/42/c0cl6_w541l5dyv2jjnh0f0w0000gn/T/tessera-native-services-wpwjm_x2/build/Build/Intermediates.noindex/TesseraInteractions.build/Debug-iphonesimulator/ConnectionsInteractionTests.build/ConnectionsInteractionTests-generated-files.hmap -Xcc -I/var/folders/42/c0cl6_w541l5dyv2jjnh0f0w0000gn/T/tessera-native-services-wpwjm_x2/build/Build/Intermediates.noindex/TesseraInteractions.build/Debug-iphonesimulator/ConnectionsInteractionTests.build/ConnectionsInteractionTests-own-target-headers.hmap -Xcc -I/var/folders/42/c0cl6_w541l5dyv2jjnh0f0w0000gn/T/tessera-native-services-wpwjm_x2/build/Build/Intermediates.noindex/TesseraInteractions.build/Debug-iphonesimulator/ConnectionsInteractionTests.build/ConnectionsInteractionTests-all-target-headers.hmap -Xcc -iquote -Xcc /var/folders/42/c0cl6_w541l5dyv2jjnh0f0w0000gn/T/tessera-native-services-wpwjm_x2/build/Build/Intermediates.noindex/TesseraInteractions.build/Debug-iphonesimulator/ConnectionsInteractionTests.build/ConnectionsInteractionTests-project-headers.hmap -Xcc -I/var/folders/42/c0cl6_w541l5dyv2jjnh0f0w0000gn/T/tessera-native-services-wpwjm_x2/build/Build/Products/Debug-iphonesimulator/include -Xcc -I/var/folders/42/c0cl6_w541l5dyv2jjnh0f0w0000gn/T/tessera-native-services-wpwjm_x2/build/Build/Intermediates.noindex/TesseraInteractions.build/Debug-iphonesimulator/ConnectionsInteractionTests.build/DerivedSources-normal/arm64 -Xcc -I/var/folders/42/c0cl6_w541l5dyv2jjnh0f0w0000gn/T/tessera-native-services-wpwjm_x2/build/Build/Intermediates.noindex/TesseraInteractions.build/Debug-iphonesimulator/ConnectionsInteractionTests.build/DerivedSources/arm64 -Xcc -I/var/folders/42/c0cl6_w541l5dyv2jjnh0f0w0000gn/T/tessera-native-services-wpwjm_x2/build/Build/Intermediates.noindex/TesseraInteractions.build/Debug-iphonesimulator/ConnectionsInteractionTests.build/DerivedSources -Xcc -DDEBUG\=1 -emit-objc-header -emit-objc-header-path /var/folders/42/c0cl6_w541l5dyv2jjnh0f0w0000gn/T/tessera-native-services-wpwjm_x2/build/Build/Intermediates.noindex/TesseraInteractions.build/Debug-iphonesimulator/ConnectionsInteractionTests.build/Objects-normal/arm64/ConnectionsInteractionTests-Swift.h -working-directory /var/folders/42/c0cl6_w541l5dyv2jjnh0f0w0000gn/T/tessera-native-services-wpwjm_x2/project -experimental-emit-module-separately -disable-cmo

SwiftExplicitDependencyGeneratePcm arm64 /var/folders/42/c0cl6_w541l5dyv2jjnh0f0w0000gn/T/tessera-native-services-wpwjm_x2/build/SDKExplicitPrecompiledModules/_Builtin_stdbool-94SLRIR5JRAWHY1HFDJJHVYOJ.pcm

SwiftExplicitDependencyGeneratePcm arm64 /var/folders/42/c0cl6_w541l5dyv2jjnh0f0w0000gn/T/tessera-native-services-wpwjm_x2/build/SDKExplicitPrecompiledModules/_Builtin_stddef-DXU7FR8VTLOPLL1N5331MM8RK.pcm

SwiftExplicitDependencyGeneratePcm arm64 /var/folders/42/c0cl6_w541l5dyv2jjnh0f0w0000gn/T/tessera-native-services-wpwjm_x2/build/SDKExplicitPrecompiledModules/ptrauth-51U6IVWMWP53QM3Q4OB25DLF4.pcm

SwiftExplicitDependencyGeneratePcm arm64 /var/folders/42/c0cl6_w541l5dyv2jjnh0f0w0000gn/T/tessera-native-services-wpwjm_x2/build/SDKExplicitPrecompiledModules/DeveloperToolsSupport-F06DUGMK3WDW626YGFH8Q1G76.pcm

SwiftExplicitDependencyGeneratePcm arm64 /var/folders/42/c0cl6_w541l5dyv2jjnh0f0w0000gn/T/tessera-native-services-wpwjm_x2/build/SDKExplicitPrecompiledModules/SwiftShims-9GTKT51T00DSSBXSSCNYHF12K.pcm

SwiftExplicitDependencyGeneratePcm arm64 /var/folders/42/c0cl6_w541l5dyv2jjnh0f0w0000gn/T/tessera-native-services-wpwjm_x2/build/SDKExplicitPrecompiledModules/_Builtin_float-5DKSTQO5U41RAGT9OOOPFFWQ6.pcm

SwiftExplicitDependencyGeneratePcm arm64 /var/folders/42/c0cl6_w541l5dyv2jjnh0f0w0000gn/T/tessera-native-services-wpwjm_x2/build/SDKExplicitPrecompiledModules/_Builtin_stdarg-9JZKN7959FG631IOPRM90UC4Y.pcm

SwiftExplicitDependencyGeneratePcm arm64 /var/folders/42/c0cl6_w541l5dyv2jjnh0f0w0000gn/T/tessera-native-services-wpwjm_x2/build/SDKExplicitPrecompiledModules/_SwiftConcurrencyShims-11LEXD9YULOSKFNGYFS441Z0A.pcm

SwiftExplicitDependencyGeneratePcm arm64 /var/folders/42/c0cl6_w541l5dyv2jjnh0f0w0000gn/T/tessera-native-services-wpwjm_x2/build/SDKExplicitPrecompiledModules/_AvailabilityInternal-DMCL50WCJ05T61QWF2XJMGP9.pcm

SwiftExplicitDependencyGeneratePcm arm64 /var/folders/42/c0cl6_w541l5dyv2jjnh0f0w0000gn/T/tessera-native-services-wpwjm_x2/build/SDKExplicitPrecompiledModules/ptrcheck-7FU77CQ304FUV399AF6O6KLUL.pcm

SwiftExplicitDependencyGeneratePcm arm64 /var/folders/42/c0cl6_w541l5dyv2jjnh0f0w0000gn/T/tessera-native-services-wpwjm_x2/build/SDKExplicitPrecompiledModules/_DarwinFoundation1-7GGYLCXAFY4UKUMLL3WGLOYED.pcm

SwiftExplicitDependencyGeneratePcm arm64 /var/folders/42/c0cl6_w541l5dyv2jjnh0f0w0000gn/T/tessera-native-services-wpwjm_x2/build/SDKExplicitPrecompiledModules/_DarwinFoundation2-141MS9DG1U66QUVPBXGDDEUA7.pcm

SwiftExplicitDependencyGeneratePcm arm64 /var/folders/42/c0cl6_w541l5dyv2jjnh0f0w0000gn/T/tessera-native-services-wpwjm_x2/build/SDKExplicitPrecompiledModules/_Builtin_limits-37SOKEAVELYLLF3AGQVCDJQWG.pcm

SwiftExplicitDependencyGeneratePcm arm64 /var/folders/42/c0cl6_w541l5dyv2jjnh0f0w0000gn/T/tessera-native-services-wpwjm_x2/build/SDKExplicitPrecompiledModules/_Builtin_stdint-1I3NO8JYAFF47CYMTXG0GBL13.pcm

SwiftExplicitDependencyGeneratePcm arm64 /var/folders/42/c0cl6_w541l5dyv2jjnh0f0w0000gn/T/tessera-native-services-wpwjm_x2/build/SDKExplicitPrecompiledModules/string_h-20JDG1YBA4H2HOO6ABN2L0IOH.pcm

SwiftExplicitDependencyGeneratePcm arm64 /var/folders/42/c0cl6_w541l5dyv2jjnh0f0w0000gn/T/tessera-native-services-wpwjm_x2/build/SDKExplicitPrecompiledModules/sys_types-CNVM8UM71L46SFZF1TG4M07TS.pcm

SwiftExplicitDependencyGeneratePcm arm64 /var/folders/42/c0cl6_w541l5dyv2jjnh0f0w0000gn/T/tessera-native-services-wpwjm_x2/build/SDKExplicitPrecompiledModules/_Builtin_tgmath-6VR4KXFYXTHX1D5RHRXATGJIG.pcm

SwiftExplicitDependencyGeneratePcm arm64 /var/folders/42/c0cl6_w541l5dyv2jjnh0f0w0000gn/T/tessera-native-services-wpwjm_x2/build/SDKExplicitPrecompiledModules/_DarwinFoundation3-ASLG8WC8WL8JIRHPUTOLXX02X.pcm

SwiftExplicitDependencyGeneratePcm arm64 /var/folders/42/c0cl6_w541l5dyv2jjnh0f0w0000gn/T/tessera-native-services-wpwjm_x2/build/SDKExplicitPrecompiledModules/_Builtin_intrinsics-F4P837KVFDCMP7GSLKJWGOR4S.pcm

SwiftExplicitDependencyGeneratePcm arm64 /var/folders/42/c0cl6_w541l5dyv2jjnh0f0w0000gn/T/tessera-native-services-wpwjm_x2/build/SDKExplicitPrecompiledModules/_Builtin_stdatomic-EBDL6R20OY27RDU48ETAH4L9I.pcm

SwiftExplicitDependencyGeneratePcm arm64 /var/folders/42/c0cl6_w541l5dyv2jjnh0f0w0000gn/T/tessera-native-services-wpwjm_x2/build/SDKExplicitPrecompiledModules/_Builtin_inttypes-4PZ85J5BJLP7M2ICU41G0OCFB.pcm

SwiftExplicitDependencyGeneratePcm arm64 /var/folders/42/c0cl6_w541l5dyv2jjnh0f0w0000gn/T/tessera-native-services-wpwjm_x2/build/SDKExplicitPrecompiledModules/Darwin-AY2GB2D5CFCND6QHUPXWICT3K.pcm

SwiftExplicitDependencyGeneratePcm arm64 /var/folders/42/c0cl6_w541l5dyv2jjnh0f0w0000gn/T/tessera-native-services-wpwjm_x2/build/SDKExplicitPrecompiledModules/simd-1U75A9TA5X3E6PY4THQP7EVLM.pcm

SwiftExplicitDependencyGeneratePcm arm64 /var/folders/42/c0cl6_w541l5dyv2jjnh0f0w0000gn/T/tessera-native-services-wpwjm_x2/build/SDKExplicitPrecompiledModules/MachO-6QJ8DVRE9YIGD25DNYXG25YNM.pcm

SwiftExplicitDependencyGeneratePcm arm64 /var/folders/42/c0cl6_w541l5dyv2jjnh0f0w0000gn/T/tessera-native-services-wpwjm_x2/build/SDKExplicitPrecompiledModules/ObjectiveC-2X0QTHAGEQE5N7C4NJFGLRINJ.pcm

SwiftExplicitDependencyGeneratePcm arm64 /var/folders/42/c0cl6_w541l5dyv2jjnh0f0w0000gn/T/tessera-native-services-wpwjm_x2/build/SDKExplicitPrecompiledModules/os_object-E628D9S0EW61YD58AYZ7LBPUF.pcm

SwiftExplicitDependencyGeneratePcm arm64 /var/folders/42/c0cl6_w541l5dyv2jjnh0f0w0000gn/T/tessera-native-services-wpwjm_x2/build/SDKExplicitPrecompiledModules/Spatial-6V0G4WP39VYMRYOL441GZGIG1.pcm

SwiftExplicitDependencyGeneratePcm arm64 /var/folders/42/c0cl6_w541l5dyv2jjnh0f0w0000gn/T/tessera-native-services-wpwjm_x2/build/SDKExplicitPrecompiledModules/os_workgroup-8HVGSQXUANDZKK4C4M0S9BXYT.pcm

SwiftExplicitDependencyGeneratePcm arm64 /var/folders/42/c0cl6_w541l5dyv2jjnh0f0w0000gn/T/tessera-native-services-wpwjm_x2/build/SDKExplicitPrecompiledModules/Dispatch-CLOPUUFJGERCA7IM9LFK4VVYV.pcm

SwiftExplicitDependencyGeneratePcm arm64 /var/folders/42/c0cl6_w541l5dyv2jjnh0f0w0000gn/T/tessera-native-services-wpwjm_x2/build/SDKExplicitPrecompiledModules/CoreFoundation-1IKR1SDT882A3DVJUIW9RGRVF.pcm

SwiftExplicitDependencyGeneratePcm arm64 /var/folders/42/c0cl6_w541l5dyv2jjnh0f0w0000gn/T/tessera-native-services-wpwjm_x2/build/SDKExplicitPrecompiledModules/XPC-2IREFHJXO03C0D2843TQMADHM.pcm

SwiftExplicitDependencyGeneratePcm arm64 /var/folders/42/c0cl6_w541l5dyv2jjnh0f0w0000gn/T/tessera-native-services-wpwjm_x2/build/SDKExplicitPrecompiledModules/os-26ZMQ8AMP9TI1XOQTUFFBNB8A.pcm

SwiftExplicitDependencyGeneratePcm arm64 /var/folders/42/c0cl6_w541l5dyv2jjnh0f0w0000gn/T/tessera-native-services-wpwjm_x2/build/SDKExplicitPrecompiledModules/Security-DASGAHQPMR5RV8AJQYNHABG6B.pcm

SwiftExplicitDependencyGeneratePcm arm64 /var/folders/42/c0cl6_w541l5dyv2jjnh0f0w0000gn/T/tessera-native-services-wpwjm_x2/build/SDKExplicitPrecompiledModules/CFNetwork-7Q40CQDM8T8RBF2Y4C4OKHL82.pcm

SwiftExplicitDependencyGeneratePcm arm64 /var/folders/42/c0cl6_w541l5dyv2jjnh0f0w0000gn/T/tessera-native-services-wpwjm_x2/build/SDKExplicitPrecompiledModules/CoreGraphics-81OVZACJFMTJ2MFJ040WF37RY.pcm

SwiftExplicitDependencyGeneratePcm arm64 /var/folders/42/c0cl6_w541l5dyv2jjnh0f0w0000gn/T/tessera-native-services-wpwjm_x2/build/SDKExplicitPrecompiledModules/Foundation-4XOV9ZGS6MTMZ7R88MMPBSB3A.pcm

SwiftExplicitDependencyGeneratePcm arm64 /var/folders/42/c0cl6_w541l5dyv2jjnh0f0w0000gn/T/tessera-native-services-wpwjm_x2/build/SDKExplicitPrecompiledModules/CoreText-C9QSSR7C9KBCGFK6R4G0CLWXU.pcm

SwiftExplicitDependencyGeneratePcm arm64 /var/folders/42/c0cl6_w541l5dyv2jjnh0f0w0000gn/T/tessera-native-services-wpwjm_x2/build/SDKExplicitPrecompiledModules/ImageIO-9UTO41J4W4NQSVVUPKQC4C98F.pcm

SwiftExplicitDependencyGeneratePcm arm64 /var/folders/42/c0cl6_w541l5dyv2jjnh0f0w0000gn/T/tessera-native-services-wpwjm_x2/build/SDKExplicitPrecompiledModules/Accessibility-6GDR7VJ88B67Z9W6YQZ4ZOB32.pcm

SwiftExplicitDependencyGeneratePcm arm64 /var/folders/42/c0cl6_w541l5dyv2jjnh0f0w0000gn/T/tessera-native-services-wpwjm_x2/build/SDKExplicitPrecompiledModules/UniformTypeIdentifiers-79DJJCUZMKSMWM1AUZVPPOP9W.pcm

SwiftExplicitDependencyGeneratePcm arm64 /var/folders/42/c0cl6_w541l5dyv2jjnh0f0w0000gn/T/tessera-native-services-wpwjm_x2/build/SDKExplicitPrecompiledModules/IOSurface-8K4BCMJ5GAL1BENSYVG5O48UF.pcm

SwiftExplicitDependencyGeneratePcm arm64 /var/folders/42/c0cl6_w541l5dyv2jjnh0f0w0000gn/T/tessera-native-services-wpwjm_x2/build/SDKExplicitPrecompiledModules/OSLog-79LOGNA1F5UANQ9BYZ3N3ZL9D.pcm

SwiftExplicitDependencyGeneratePcm arm64 /var/folders/42/c0cl6_w541l5dyv2jjnh0f0w0000gn/T/tessera-native-services-wpwjm_x2/build/SDKExplicitPrecompiledModules/CoreTransferable-5FGJR00OMWG8ZBEYY0U14MWEE.pcm

SwiftExplicitDependencyGeneratePcm arm64 /var/folders/42/c0cl6_w541l5dyv2jjnh0f0w0000gn/T/tessera-native-services-wpwjm_x2/build/SDKExplicitPrecompiledModules/FileProvider-980VGE71SYVFPW0M1PD7A2WCE.pcm

SwiftExplicitDependencyGeneratePcm arm64 /var/folders/42/c0cl6_w541l5dyv2jjnh0f0w0000gn/T/tessera-native-services-wpwjm_x2/build/SDKExplicitPrecompiledModules/OpenGLES-2I5YYOPI6BZ33S3ZCIO5QH545.pcm

SwiftExplicitDependencyGeneratePcm arm64 /var/folders/42/c0cl6_w541l5dyv2jjnh0f0w0000gn/T/tessera-native-services-wpwjm_x2/build/SDKExplicitPrecompiledModules/UIUtilities-8L9GNIHXRVS10WVSB9R89MT4G.pcm

SwiftExplicitDependencyGeneratePcm arm64 /var/folders/42/c0cl6_w541l5dyv2jjnh0f0w0000gn/T/tessera-native-services-wpwjm_x2/build/SDKExplicitPrecompiledModules/_LocationEssentials-BOFPL6K3CFI1W13H46SS9OOAZ.pcm

SwiftExplicitDependencyGeneratePcm arm64 /var/folders/42/c0cl6_w541l5dyv2jjnh0f0w0000gn/T/tessera-native-services-wpwjm_x2/build/SDKExplicitPrecompiledModules/DataDetection-2QI2PQ5XWRE4JJYVWSTUY1QP8.pcm

SwiftExplicitDependencyGeneratePcm arm64 /var/folders/42/c0cl6_w541l5dyv2jjnh0f0w0000gn/T/tessera-native-services-wpwjm_x2/build/SDKExplicitPrecompiledModules/UserNotifications-5FWZXXCDP92QE42A1TP0C38QQ.pcm

SwiftExplicitDependencyGeneratePcm arm64 /var/folders/42/c0cl6_w541l5dyv2jjnh0f0w0000gn/T/tessera-native-services-wpwjm_x2/build/SDKExplicitPrecompiledModules/Symbols-2JK6M7RHKKFOY37FTDSBT4WAM.pcm

SwiftExplicitDependencyGeneratePcm arm64 /var/folders/42/c0cl6_w541l5dyv2jjnh0f0w0000gn/T/tessera-native-services-wpwjm_x2/build/SDKExplicitPrecompiledModules/CoreLocation-2MOJEA37JRNF5KVHMOXUIAWQD.pcm

SwiftExplicitDependencyGeneratePcm arm64 /var/folders/42/c0cl6_w541l5dyv2jjnh0f0w0000gn/T/tessera-native-services-wpwjm_x2/build/SDKExplicitPrecompiledModules/Metal-8X7Y49TL0VT9XY39J9AC8QHV0.pcm

SwiftExplicitDependencyGeneratePcm arm64 /var/folders/42/c0cl6_w541l5dyv2jjnh0f0w0000gn/T/tessera-native-services-wpwjm_x2/build/SDKExplicitPrecompiledModules/CoreMotion-1M5ZYVDM1C6U0LXAOKWJUEIY5.pcm

SwiftExplicitDependencyGeneratePcm arm64 /var/folders/42/c0cl6_w541l5dyv2jjnh0f0w0000gn/T/tessera-native-services-wpwjm_x2/build/SDKExplicitPrecompiledModules/CoreVideo-3NHO5JX13K27QG5FA6PO3AQJ7.pcm

SwiftExplicitDependencyGeneratePcm arm64 /var/folders/42/c0cl6_w541l5dyv2jjnh0f0w0000gn/T/tessera-native-services-wpwjm_x2/build/SDKExplicitPrecompiledModules/CoreImage-1AA19LOK67434RU7V1DF469L7.pcm

SwiftExplicitDependencyGeneratePcm arm64 /var/folders/42/c0cl6_w541l5dyv2jjnh0f0w0000gn/T/tessera-native-services-wpwjm_x2/build/SDKExplicitPrecompiledModules/QuartzCore-3PKVT1IWXER5GEERPL2OHAWYO.pcm

SwiftExplicitDependencyGeneratePcm arm64 /var/folders/42/c0cl6_w541l5dyv2jjnh0f0w0000gn/T/tessera-native-services-wpwjm_x2/build/SDKExplicitPrecompiledModules/SwiftUICore-6AP9DVNCJWQT4KNO0G870FRIZ.pcm

SwiftExplicitDependencyGeneratePcm arm64 /var/folders/42/c0cl6_w541l5dyv2jjnh0f0w0000gn/T/tessera-native-services-wpwjm_x2/build/SDKExplicitPrecompiledModules/UIKit-8LDLXL7USLKWTBYM20MWN0WKZ.pcm

SwiftExplicitDependencyGeneratePcm arm64 /var/folders/42/c0cl6_w541l5dyv2jjnh0f0w0000gn/T/tessera-native-services-wpwjm_x2/build/Build/Intermediates.noindex/SwiftExplicitPrecompiledModules/XCUIAutomation-60ML9PHC78TJZAVL1GW1LPMMO.pcm

SwiftExplicitDependencyCompileModuleFromInterface arm64 /var/folders/42/c0cl6_w541l5dyv2jjnh0f0w0000gn/T/tessera-native-services-wpwjm_x2/build/Build/Intermediates.noindex/SwiftExplicitPrecompiledModules/XCUIAutomation-BMPN9W8X5YJK.swiftmodule

SwiftExplicitDependencyGeneratePcm arm64 /var/folders/42/c0cl6_w541l5dyv2jjnh0f0w0000gn/T/tessera-native-services-wpwjm_x2/build/Build/Intermediates.noindex/SwiftExplicitPrecompiledModules/XCTest-AIGOWJMD4U168HQVZUCYV7GUO.pcm

SwiftExplicitDependencyCompileModuleFromInterface arm64 /var/folders/42/c0cl6_w541l5dyv2jjnh0f0w0000gn/T/tessera-native-services-wpwjm_x2/build/Build/Intermediates.noindex/SwiftExplicitPrecompiledModules/XCTest-ZQE8NJIB3U9B.swiftmodule

SwiftEmitModule normal arm64 Emitting\ module\ for\ ConnectionsInteractionTests (in target 'ConnectionsInteractionTests' from project 'TesseraInteractions')

SwiftCompile normal arm64 (in target 'ConnectionsInteractionTests' from project 'TesseraInteractions')
    cd /var/folders/42/c0cl6_w541l5dyv2jjnh0f0w0000gn/T/tessera-native-services-wpwjm_x2/project


SwiftCompile normal arm64 Compiling\ ConnectionsInteractionTests.swift /tmp/tessera-weather-release-source/scripts/qa/service-details-uitests/ConnectionsInteractionTests.swift (in target 'ConnectionsInteractionTests' from project 'TesseraInteractions')

SwiftCompile normal arm64 /tmp/tessera-weather-release-source/scripts/qa/service-details-uitests/ConnectionsInteractionTests.swift (in target 'ConnectionsInteractionTests' from project 'TesseraInteractions')
    cd /var/folders/42/c0cl6_w541l5dyv2jjnh0f0w0000gn/T/tessera-native-services-wpwjm_x2/project
    builtin-SwiftPerFileCompile ConnectionsInteractionTests.swift

SwiftDriverJobDiscovery normal arm64 Emitting module for ConnectionsInteractionTests (in target 'ConnectionsInteractionTests' from project 'TesseraInteractions')

SwiftDriver\ Compilation\ Requirements ConnectionsInteractionTests normal arm64 com.apple.xcode.tools.swift.compiler (in target 'ConnectionsInteractionTests' from project 'TesseraInteractions')
    cd /var/folders/42/c0cl6_w541l5dyv2jjnh0f0w0000gn/T/tessera-native-services-wpwjm_x2/project
    builtin-Swift-Compilation-Requirements -- /Applications/Xcode-beta.app/Contents/Developer/Toolchains/XcodeDefault.xctoolchain/usr/bin/swiftc -module-name ConnectionsInteractionTests -Onone @/var/folders/42/c0cl6_w541l5dyv2jjnh0f0w0000gn/T/tessera-native-services-wpwjm_x2/build/Build/Intermediates.noindex/TesseraInteractions.build/Debug-iphonesimulator/ConnectionsInteractionTests.build/Objects-normal/arm64/ConnectionsInteractionTests.SwiftFileList -DDEBUG -module-alias Testing\=_Testing_Unavailable -plugin-path /Applications/Xcode-beta.app/Contents/Developer/Toolchains/XcodeDefault.xctoolchain/usr/lib/swift/host/plugins/testing -enable-bare-slash-regex -enable-experimental-feature DebugDescriptionMacro -sdk /Applications/Xcode-beta.app/Contents/Developer/Platforms/iPhoneSimulator.platform/Developer/SDKs/iPhoneSimulator27.0.sdk -target arm64-apple-ios18.0-simulator -g -module-cache-path /var/folders/42/c0cl6_w541l5dyv2jjnh0f0w0000gn/T/tessera-native-services-wpwjm_x2/build/ModuleCache.noindex -Xfrontend -serialize-debugging-options -enable-testing -index-store-path /var/folders/42/c0cl6_w541l5dyv2jjnh0f0w0000gn/T/tessera-native-services-wpwjm_x2/build/Index.noindex/DataStore -Xcc -D_LIBCPP_HARDENING_MODE\=_LIBCPP_HARDENING_MODE_DEBUG -swift-version 5 -I /var/folders/42/c0cl6_w541l5dyv2jjnh0f0w0000gn/T/tessera-native-services-wpwjm_x2/build/Build/Products/Debug-iphonesimulator -Isystem /Applications/Xcode-beta.app/Contents/Developer/Platforms/iPhoneSimulator.platform/Developer/usr/lib -F /var/folders/42/c0cl6_w541l5dyv2jjnh0f0w0000gn/T/tessera-native-services-wpwjm_x2/build/Build/Products/Debug-iphonesimulator -F /Applications/Xcode-beta.app/Contents/Developer/Platforms/iPhoneSimulator.platform/Developer/Library/Frameworks -F /Applications/Xcode-beta.app/Contents/Developer/Platforms/iPhoneSimulator.platform/Developer/SDKs/iPhoneSimulator27.0.sdk/Developer/Library/Frameworks -parse-as-library -c -j15 -enable-batch-mode -incremental -Xcc -ivfsstatcache -Xcc /var/folders/42/c0cl6_w541l5dyv2jjnh0f0w0000gn/T/tessera-native-services-wpwjm_x2/build/SDKStatCaches.noindex/iphonesimulator27.0-24A5408c-be13878bbdcd767c5c3aec63d1bf53923243818bda632a4370e1cc7a9fd181c5.sdkstatcache -output-file-map /var/folders/42/c0cl6_w541l5dyv2jjnh0f0w0000gn/T/tessera-native-services-wpwjm_x2/build/Build/Intermediates.noindex/TesseraInteractions.build/Debug-iphonesimulator/ConnectionsInteractionTests.build/Objects-normal/arm64/ConnectionsInteractionTests-OutputFileMap.json -save-temps -no-color-diagnostics -explicit-module-build -module-cache-path /var/folders/42/c0cl6_w541l5dyv2jjnh0f0w0000gn/T/tessera-native-services-wpwjm_x2/build/Build/Intermediates.noindex/SwiftExplicitPrecompiledModules -clang-scanner-module-cache-path /var/folders/42/c0cl6_w541l5dyv2jjnh0f0w0000gn/T/tessera-native-services-wpwjm_x2/build/ModuleCache.noindex -sdk-module-cache-path /var/folders/42/c0cl6_w541l5dyv2jjnh0f0w0000gn/T/tessera-native-services-wpwjm_x2/build/SDKExplicitPrecompiledModules -emit-dependencies -emit-module -emit-module-path /var/folders/42/c0cl6_w541l5dyv2jjnh0f0w0000gn/T/tessera-native-services-wpwjm_x2/build/Build/Intermediates.noindex/TesseraInteractions.build/Debug-iphonesimulator/ConnectionsInteractionTests.build/Objects-normal/arm64/ConnectionsInteractionTests.swiftmodule -serialize-diagnostics -dependency-scan-serialize-diagnostics-path /var/folders/42/c0cl6_w541l5dyv2jjnh0f0w0000gn/T/tessera-native-services-wpwjm_x2/build/Build/Intermediates.noindex/TesseraInteractions.build/Debug-iphonesimulator/ConnectionsInteractionTests.build/Objects-normal/arm64/ConnectionsInteractionTests-dependency-scan.dia -validate-clang-modules-once -clang-build-session-file /var/folders/42/c0cl6_w541l5dyv2jjnh0f0w0000gn/T/tessera-native-services-wpwjm_x2/build/ModuleCache.noindex/Session.modulevalidation -Xcc -fmodules-prune-interval\=86400 -Xcc -fmodules-prune-after\=345600 -emit-const-values -const-gather-protocols-list /var/folders/42/c0cl6_w541l5dyv2jjnh0f0w0000gn/T/tessera-native-services-wpwjm_x2/build/Build/Intermediates.noindex/TesseraInteractions.build/Debug-iphonesimulator/ConnectionsInteractionTests.build/Objects-normal/arm64/ConnectionsInteractionTests_const_extract_protocols.json -Xcc -iquote -Xcc /var/folders/42/c0cl6_w541l5dyv2jjnh0f0w0000gn/T/tessera-native-services-wpwjm_x2/build/Build/Intermediates.noindex/TesseraInteractions.build/Debug-iphonesimulator/ConnectionsInteractionTests.build/ConnectionsInteractionTests-generated-files.hmap -Xcc -I/var/folders/42/c0cl6_w541l5dyv2jjnh0f0w0000gn/T/tessera-native-services-wpwjm_x2/build/Build/Intermediates.noindex/TesseraInteractions.build/Debug-iphonesimulator/ConnectionsInteractionTests.build/ConnectionsInteractionTests-own-target-headers.hmap -Xcc -I/var/folders/42/c0cl6_w541l5dyv2jjnh0f0w0000gn/T/tessera-native-services-wpwjm_x2/build/Build/Intermediates.noindex/TesseraInteractions.build/Debug-iphonesimulator/ConnectionsInteractionTests.build/ConnectionsInteractionTests-all-target-headers.hmap -Xcc -iquote -Xcc /var/folders/42/c0cl6_w541l5dyv2jjnh0f0w0000gn/T/tessera-native-services-wpwjm_x2/build/Build/Intermediates.noindex/TesseraInteractions.build/Debug-iphonesimulator/ConnectionsInteractionTests.build/ConnectionsInteractionTests-project-headers.hmap -Xcc -I/var/folders/42/c0cl6_w541l5dyv2jjnh0f0w0000gn/T/tessera-native-services-wpwjm_x2/build/Build/Products/Debug-iphonesimulator/include -Xcc -I/var/folders/42/c0cl6_w541l5dyv2jjnh0f0w0000gn/T/tessera-native-services-wpwjm_x2/build/Build/Intermediates.noindex/TesseraInteractions.build/Debug-iphonesimulator/ConnectionsInteractionTests.build/DerivedSources-normal/arm64 -Xcc -I/var/folders/42/c0cl6_w541l5dyv2jjnh0f0w0000gn/T/tessera-native-services-wpwjm_x2/build/Build/Intermediates.noindex/TesseraInteractions.build/Debug-iphonesimulator/ConnectionsInteractionTests.build/DerivedSources/arm64 -Xcc -I/var/folders/42/c0cl6_w541l5dyv2jjnh0f0w0000gn/T/tessera-native-services-wpwjm_x2/build/Build/Intermediates.noindex/TesseraInteractions.build/Debug-iphonesimulator/ConnectionsInteractionTests.build/DerivedSources -Xcc -DDEBUG\=1 -emit-objc-header -emit-objc-header-path /var/folders/42/c0cl6_w541l5dyv2jjnh0f0w0000gn/T/tessera-native-services-wpwjm_x2/build/Build/Intermediates.noindex/TesseraInteractions.build/Debug-iphonesimulator/ConnectionsInteractionTests.build/Objects-normal/arm64/ConnectionsInteractionTests-Swift.h -working-directory /var/folders/42/c0cl6_w541l5dyv2jjnh0f0w0000gn/T/tessera-native-services-wpwjm_x2/project -experimental-emit-module-separately -disable-cmo

SwiftMergeGeneratedHeaders /var/folders/42/c0cl6_w541l5dyv2jjnh0f0w0000gn/T/tessera-native-services-wpwjm_x2/build/Build/Intermediates.noindex/TesseraInteractions.build/Debug-iphonesimulator/ConnectionsInteractionTests.build/DerivedSources/ConnectionsInteractionTests-Swift.h /var/folders/42/c0cl6_w541l5dyv2jjnh0f0w0000gn/T/tessera-native-services-wpwjm_x2/build/Build/Intermediates.noindex/TesseraInteractions.build/Debug-iphonesimulator/ConnectionsInteractionTests.build/Objects-normal/arm64/ConnectionsInteractionTests-Swift.h (in target 'ConnectionsInteractionTests' from project 'TesseraInteractions')
    cd /var/folders/42/c0cl6_w541l5dyv2jjnh0f0w0000gn/T/tessera-native-services-wpwjm_x2/project
    builtin-swiftHeaderTool -arch arm64 /var/folders/42/c0cl6_w541l5dyv2jjnh0f0w0000gn/T/tessera-native-services-wpwjm_x2/build/Build/Intermediates.noindex/TesseraInteractions.build/Debug-iphonesimulator/ConnectionsInteractionTests.build/Objects-normal/arm64/ConnectionsInteractionTests-Swift.h -o /var/folders/42/c0cl6_w541l5dyv2jjnh0f0w0000gn/T/tessera-native-services-wpwjm_x2/build/Build/Intermediates.noindex/TesseraInteractions.build/Debug-iphonesimulator/ConnectionsInteractionTests.build/DerivedSources/ConnectionsInteractionTests-Swift.h

Copy /var/folders/42/c0cl6_w541l5dyv2jjnh0f0w0000gn/T/tessera-native-services-wpwjm_x2/build/Build/Products/Debug-iphonesimulator/ConnectionsInteractionTests.swiftmodule/arm64-apple-ios-simulator.abi.json /var/folders/42/c0cl6_w541l5dyv2jjnh0f0w0000gn/T/tessera-native-services-wpwjm_x2/build/Build/Intermediates.noindex/TesseraInteractions.build/Debug-iphonesimulator/ConnectionsInteractionTests.build/Objects-normal/arm64/ConnectionsInteractionTests.abi.json (in target 'ConnectionsInteractionTests' from project 'TesseraInteractions')
    cd /var/folders/42/c0cl6_w541l5dyv2jjnh0f0w0000gn/T/tessera-native-services-wpwjm_x2/project
    builtin-copy -exclude .DS_Store -exclude CVS -exclude .svn -exclude .git -exclude .hg -resolve-src-symlinks -rename /var/folders/42/c0cl6_w541l5dyv2jjnh0f0w0000gn/T/tessera-native-services-wpwjm_x2/build/Build/Intermediates.noindex/TesseraInteractions.build/Debug-iphonesimulator/ConnectionsInteractionTests.build/Objects-normal/arm64/ConnectionsInteractionTests.abi.json /var/folders/42/c0cl6_w541l5dyv2jjnh0f0w0000gn/T/tessera-native-services-wpwjm_x2/build/Build/Products/Debug-iphonesimulator/ConnectionsInteractionTests.swiftmodule/arm64-apple-ios-simulator.abi.json

Copy /var/folders/42/c0cl6_w541l5dyv2jjnh0f0w0000gn/T/tessera-native-services-wpwjm_x2/build/Build/Products/Debug-iphonesimulator/ConnectionsInteractionTests.swiftmodule/arm64-apple-ios-simulator.swiftmodule /var/folders/42/c0cl6_w541l5dyv2jjnh0f0w0000gn/T/tessera-native-services-wpwjm_x2/build/Build/Intermediates.noindex/TesseraInteractions.build/Debug-iphonesimulator/ConnectionsInteractionTests.build/Objects-normal/arm64/ConnectionsInteractionTests.swiftmodule (in target 'ConnectionsInteractionTests' from project 'TesseraInteractions')
    cd /var/folders/42/c0cl6_w541l5dyv2jjnh0f0w0000gn/T/tessera-native-services-wpwjm_x2/project
    builtin-copy -exclude .DS_Store -exclude CVS -exclude .svn -exclude .git -exclude .hg -resolve-src-symlinks -rename /var/folders/42/c0cl6_w541l5dyv2jjnh0f0w0000gn/T/tessera-native-services-wpwjm_x2/build/Build/Intermediates.noindex/TesseraInteractions.build/Debug-iphonesimulator/ConnectionsInteractionTests.build/Objects-normal/arm64/ConnectionsInteractionTests.swiftmodule /var/folders/42/c0cl6_w541l5dyv2jjnh0f0w0000gn/T/tessera-native-services-wpwjm_x2/build/Build/Products/Debug-iphonesimulator/ConnectionsInteractionTests.swiftmodule/arm64-apple-ios-simulator.swiftmodule

Copy /var/folders/42/c0cl6_w541l5dyv2jjnh0f0w0000gn/T/tessera-native-services-wpwjm_x2/build/Build/Products/Debug-iphonesimulator/ConnectionsInteractionTests.swiftmodule/arm64-apple-ios-simulator.swiftdoc /var/folders/42/c0cl6_w541l5dyv2jjnh0f0w0000gn/T/tessera-native-services-wpwjm_x2/build/Build/Intermediates.noindex/TesseraInteractions.build/Debug-iphonesimulator/ConnectionsInteractionTests.build/Objects-normal/arm64/ConnectionsInteractionTests.swiftdoc (in target 'ConnectionsInteractionTests' from project 'TesseraInteractions')
    cd /var/folders/42/c0cl6_w541l5dyv2jjnh0f0w0000gn/T/tessera-native-services-wpwjm_x2/project
    builtin-copy -exclude .DS_Store -exclude CVS -exclude .svn -exclude .git -exclude .hg -resolve-src-symlinks -rename /var/folders/42/c0cl6_w541l5dyv2jjnh0f0w0000gn/T/tessera-native-services-wpwjm_x2/build/Build/Intermediates.noindex/TesseraInteractions.build/Debug-iphonesimulator/ConnectionsInteractionTests.build/Objects-normal/arm64/ConnectionsInteractionTests.swiftdoc /var/folders/42/c0cl6_w541l5dyv2jjnh0f0w0000gn/T/tessera-native-services-wpwjm_x2/build/Build/Products/Debug-iphonesimulator/ConnectionsInteractionTests.swiftmodule/arm64-apple-ios-simulator.swiftdoc

Copy /var/folders/42/c0cl6_w541l5dyv2jjnh0f0w0000gn/T/tessera-native-services-wpwjm_x2/build/Build/Products/Debug-iphonesimulator/ConnectionsInteractionTests.swiftmodule/Project/arm64-apple-ios-simulator.swiftsourceinfo /var/folders/42/c0cl6_w541l5dyv2jjnh0f0w0000gn/T/tessera-native-services-wpwjm_x2/build/Build/Intermediates.noindex/TesseraInteractions.build/Debug-iphonesimulator/ConnectionsInteractionTests.build/Objects-normal/arm64/ConnectionsInteractionTests.swiftsourceinfo (in target 'ConnectionsInteractionTests' from project 'TesseraInteractions')
    cd /var/folders/42/c0cl6_w541l5dyv2jjnh0f0w0000gn/T/tessera-native-services-wpwjm_x2/project
    builtin-copy -exclude .DS_Store -exclude CVS -exclude .svn -exclude .git -exclude .hg -resolve-src-symlinks -rename /var/folders/42/c0cl6_w541l5dyv2jjnh0f0w0000gn/T/tessera-native-services-wpwjm_x2/build/Build/Intermediates.noindex/TesseraInteractions.build/Debug-iphonesimulator/ConnectionsInteractionTests.build/Objects-normal/arm64/ConnectionsInteractionTests.swiftsourceinfo /var/folders/42/c0cl6_w541l5dyv2jjnh0f0w0000gn/T/tessera-native-services-wpwjm_x2/build/Build/Products/Debug-iphonesimulator/ConnectionsInteractionTests.swiftmodule/Project/arm64-apple-ios-simulator.swiftsourceinfo

SwiftDriverJobDiscovery normal arm64 Compiling ConnectionsInteractionTests.swift (in target 'ConnectionsInteractionTests' from project 'TesseraInteractions')

SwiftDriver\ Compilation ConnectionsInteractionTests normal arm64 com.apple.xcode.tools.swift.compiler (in target 'ConnectionsInteractionTests' from project 'TesseraInteractions')
    cd /var/folders/42/c0cl6_w541l5dyv2jjnh0f0w0000gn/T/tessera-native-services-wpwjm_x2/project
    builtin-Swift-Compilation -- /Applications/Xcode-beta.app/Contents/Developer/Toolchains/XcodeDefault.xctoolchain/usr/bin/swiftc -module-name ConnectionsInteractionTests -Onone @/var/folders/42/c0cl6_w541l5dyv2jjnh0f0w0000gn/T/tessera-native-services-wpwjm_x2/build/Build/Intermediates.noindex/TesseraInteractions.build/Debug-iphonesimulator/ConnectionsInteractionTests.build/Objects-normal/arm64/ConnectionsInteractionTests.SwiftFileList -DDEBUG -module-alias Testing\=_Testing_Unavailable -plugin-path /Applications/Xcode-beta.app/Contents/Developer/Toolchains/XcodeDefault.xctoolchain/usr/lib/swift/host/plugins/testing -enable-bare-slash-regex -enable-experimental-feature DebugDescriptionMacro -sdk /Applications/Xcode-beta.app/Contents/Developer/Platforms/iPhoneSimulator.platform/Developer/SDKs/iPhoneSimulator27.0.sdk -target arm64-apple-ios18.0-simulator -g -module-cache-path /var/folders/42/c0cl6_w541l5dyv2jjnh0f0w0000gn/T/tessera-native-services-wpwjm_x2/build/ModuleCache.noindex -Xfrontend -serialize-debugging-options -enable-testing -index-store-path /var/folders/42/c0cl6_w541l5dyv2jjnh0f0w0000gn/T/tessera-native-services-wpwjm_x2/build/Index.noindex/DataStore -Xcc -D_LIBCPP_HARDENING_MODE\=_LIBCPP_HARDENING_MODE_DEBUG -swift-version 5 -I /var/folders/42/c0cl6_w541l5dyv2jjnh0f0w0000gn/T/tessera-native-services-wpwjm_x2/build/Build/Products/Debug-iphonesimulator -Isystem /Applications/Xcode-beta.app/Contents/Developer/Platforms/iPhoneSimulator.platform/Developer/usr/lib -F /var/folders/42/c0cl6_w541l5dyv2jjnh0f0w0000gn/T/tessera-native-services-wpwjm_x2/build/Build/Products/Debug-iphonesimulator -F /Applications/Xcode-beta.app/Contents/Developer/Platforms/iPhoneSimulator.platform/Developer/Library/Frameworks -F /Applications/Xcode-beta.app/Contents/Developer/Platforms/iPhoneSimulator.platform/Developer/SDKs/iPhoneSimulator27.0.sdk/Developer/Library/Frameworks -parse-as-library -c -j15 -enable-batch-mode -incremental -Xcc -ivfsstatcache -Xcc /var/folders/42/c0cl6_w541l5dyv2jjnh0f0w0000gn/T/tessera-native-services-wpwjm_x2/build/SDKStatCaches.noindex/iphonesimulator27.0-24A5408c-be13878bbdcd767c5c3aec63d1bf53923243818bda632a4370e1cc7a9fd181c5.sdkstatcache -output-file-map /var/folders/42/c0cl6_w541l5dyv2jjnh0f0w0000gn/T/tessera-native-services-wpwjm_x2/build/Build/Intermediates.noindex/TesseraInteractions.build/Debug-iphonesimulator/ConnectionsInteractionTests.build/Objects-normal/arm64/ConnectionsInteractionTests-OutputFileMap.json -save-temps -no-color-diagnostics -explicit-module-build -module-cache-path /var/folders/42/c0cl6_w541l5dyv2jjnh0f0w0000gn/T/tessera-native-services-wpwjm_x2/build/Build/Intermediates.noindex/SwiftExplicitPrecompiledModules -clang-scanner-module-cache-path /var/folders/42/c0cl6_w541l5dyv2jjnh0f0w0000gn/T/tessera-native-services-wpwjm_x2/build/ModuleCache.noindex -sdk-module-cache-path /var/folders/42/c0cl6_w541l5dyv2jjnh0f0w0000gn/T/tessera-native-services-wpwjm_x2/build/SDKExplicitPrecompiledModules -emit-dependencies -emit-module -emit-module-path /var/folders/42/c0cl6_w541l5dyv2jjnh0f0w0000gn/T/tessera-native-services-wpwjm_x2/build/Build/Intermediates.noindex/TesseraInteractions.build/Debug-iphonesimulator/ConnectionsInteractionTests.build/Objects-normal/arm64/ConnectionsInteractionTests.swiftmodule -serialize-diagnostics -dependency-scan-serialize-diagnostics-path /var/folders/42/c0cl6_w541l5dyv2jjnh0f0w0000gn/T/tessera-native-services-wpwjm_x2/build/Build/Intermediates.noindex/TesseraInteractions.build/Debug-iphonesimulator/ConnectionsInteractionTests.build/Objects-normal/arm64/ConnectionsInteractionTests-dependency-scan.dia -validate-clang-modules-once -clang-build-session-file /var/folders/42/c0cl6_w541l5dyv2jjnh0f0w0000gn/T/tessera-native-services-wpwjm_x2/build/ModuleCache.noindex/Session.modulevalidation -Xcc -fmodules-prune-interval\=86400 -Xcc -fmodules-prune-after\=345600 -emit-const-values -const-gather-protocols-list /var/folders/42/c0cl6_w541l5dyv2jjnh0f0w0000gn/T/tessera-native-services-wpwjm_x2/build/Build/Intermediates.noindex/TesseraInteractions.build/Debug-iphonesimulator/ConnectionsInteractionTests.build/Objects-normal/arm64/ConnectionsInteractionTests_const_extract_protocols.json -Xcc -iquote -Xcc /var/folders/42/c0cl6_w541l5dyv2jjnh0f0w0000gn/T/tessera-native-services-wpwjm_x2/build/Build/Intermediates.noindex/TesseraInteractions.build/Debug-iphonesimulator/ConnectionsInteractionTests.build/ConnectionsInteractionTests-generated-files.hmap -Xcc -I/var/folders/42/c0cl6_w541l5dyv2jjnh0f0w0000gn/T/tessera-native-services-wpwjm_x2/build/Build/Intermediates.noindex/TesseraInteractions.build/Debug-iphonesimulator/ConnectionsInteractionTests.build/ConnectionsInteractionTests-own-target-headers.hmap -Xcc -I/var/folders/42/c0cl6_w541l5dyv2jjnh0f0w0000gn/T/tessera-native-services-wpwjm_x2/build/Build/Intermediates.noindex/TesseraInteractions.build/Debug-iphonesimulator/ConnectionsInteractionTests.build/ConnectionsInteractionTests-all-target-headers.hmap -Xcc -iquote -Xcc /var/folders/42/c0cl6_w541l5dyv2jjnh0f0w0000gn/T/tessera-native-services-wpwjm_x2/build/Build/Intermediates.noindex/TesseraInteractions.build/Debug-iphonesimulator/ConnectionsInteractionTests.build/ConnectionsInteractionTests-project-headers.hmap -Xcc -I/var/folders/42/c0cl6_w541l5dyv2jjnh0f0w0000gn/T/tessera-native-services-wpwjm_x2/build/Build/Products/Debug-iphonesimulator/include -Xcc -I/var/folders/42/c0cl6_w541l5dyv2jjnh0f0w0000gn/T/tessera-native-services-wpwjm_x2/build/Build/Intermediates.noindex/TesseraInteractions.build/Debug-iphonesimulator/ConnectionsInteractionTests.build/DerivedSources-normal/arm64 -Xcc -I/var/folders/42/c0cl6_w541l5dyv2jjnh0f0w0000gn/T/tessera-native-services-wpwjm_x2/build/Build/Intermediates.noindex/TesseraInteractions.build/Debug-iphonesimulator/ConnectionsInteractionTests.build/DerivedSources/arm64 -Xcc -I/var/folders/42/c0cl6_w541l5dyv2jjnh0f0w0000gn/T/tessera-native-services-wpwjm_x2/build/Build/Intermediates.noindex/TesseraInteractions.build/Debug-iphonesimulator/ConnectionsInteractionTests.build/DerivedSources -Xcc -DDEBUG\=1 -emit-objc-header -emit-objc-header-path /var/folders/42/c0cl6_w541l5dyv2jjnh0f0w0000gn/T/tessera-native-services-wpwjm_x2/build/Build/Intermediates.noindex/TesseraInteractions.build/Debug-iphonesimulator/ConnectionsInteractionTests.build/Objects-normal/arm64/ConnectionsInteractionTests-Swift.h -working-directory /var/folders/42/c0cl6_w541l5dyv2jjnh0f0w0000gn/T/tessera-native-services-wpwjm_x2/project -experimental-emit-module-separately -disable-cmo

Ld /var/folders/42/c0cl6_w541l5dyv2jjnh0f0w0000gn/T/tessera-native-services-wpwjm_x2/build/Build/Products/Debug-iphonesimulator/ConnectionsInteractionTests-Runner.app/PlugIns/ConnectionsInteractionTests.xctest/ConnectionsInteractionTests normal (in target 'ConnectionsInteractionTests' from project 'TesseraInteractions')
    cd /var/folders/42/c0cl6_w541l5dyv2jjnh0f0w0000gn/T/tessera-native-services-wpwjm_x2/project
    /Applications/Xcode-beta.app/Contents/Developer/Toolchains/XcodeDefault.xctoolchain/usr/bin/clang -Xlinker -reproducible -target arm64-apple-ios18.0-simulator -bundle -isysroot /Applications/Xcode-beta.app/Contents/Developer/Platforms/iPhoneSimulator.platform/Developer/SDKs/iPhoneSimulator27.0.sdk -O0 -Xlinker -no_warn_duplicate_libraries -L/var/folders/42/c0cl6_w541l5dyv2jjnh0f0w0000gn/T/tessera-native-services-wpwjm_x2/build/Build/Intermediates.noindex/EagerLinkingTBDs/Debug-iphonesimulator -L/var/folders/42/c0cl6_w541l5dyv2jjnh0f0w0000gn/T/tessera-native-services-wpwjm_x2/build/Build/Products/Debug-iphonesimulator -L/Applications/Xcode-beta.app/Contents/Developer/Platforms/iPhoneSimulator.platform/Developer/usr/lib -F/var/folders/42/c0cl6_w541l5dyv2jjnh0f0w0000gn/T/tessera-native-services-wpwjm_x2/build/Build/Intermediates.noindex/EagerLinkingTBDs/Debug-iphonesimulator -F/var/folders/42/c0cl6_w541l5dyv2jjnh0f0w0000gn/T/tessera-native-services-wpwjm_x2/build/Build/Products/Debug-iphonesimulator -iframework /Applications/Xcode-beta.app/Contents/Developer/Platforms/iPhoneSimulator.platform/Developer/Library/Frameworks -iframework /Applications/Xcode-beta.app/Contents/Developer/Platforms/iPhoneSimulator.platform/Developer/SDKs/iPhoneSimulator27.0.sdk/Developer/Library/Frameworks -filelist /var/folders/42/c0cl6_w541l5dyv2jjnh0f0w0000gn/T/tessera-native-services-wpwjm_x2/build/Build/Intermediates.noindex/TesseraInteractions.build/Debug-iphonesimulator/ConnectionsInteractionTests.build/Objects-normal/arm64/ConnectionsInteractionTests.LinkFileList -Xlinker -rpath -Xlinker /usr/lib/swift -Xlinker -rpath -Xlinker @loader_path/Frameworks -Xlinker -rpath -Xlinker @executable_path/Frameworks -Xlinker -dead_strip -Xlinker -object_path_lto -Xlinker /var/folders/42/c0cl6_w541l5dyv2jjnh0f0w0000gn/T/tessera-native-services-wpwjm_x2/build/Build/Intermediates.noindex/TesseraInteractions.build/Debug-iphonesimulator/ConnectionsInteractionTests.build/Objects-normal/arm64/ConnectionsInteractionTests_lto.o -rdynamic -Xlinker -no_deduplicate -Xlinker -objc_abi_version -Xlinker 2 -Xlinker -dependency_info -Xlinker /var/folders/42/c0cl6_w541l5dyv2jjnh0f0w0000gn/T/tessera-native-services-wpwjm_x2/build/Build/Intermediates.noindex/TesseraInteractions.build/Debug-iphonesimulator/ConnectionsInteractionTests.build/Objects-normal/arm64/ConnectionsInteractionTests_dependency_info.dat -fobjc-link-runtime -L/Applications/Xcode-beta.app/Contents/Developer/Toolchains/XcodeDefault.xctoolchain/usr/lib/swift/iphonesimulator -L/usr/lib/swift -Xlinker -add_ast_path -Xlinker /var/folders/42/c0cl6_w541l5dyv2jjnh0f0w0000gn/T/tessera-native-services-wpwjm_x2/build/Build/Intermediates.noindex/TesseraInteractions.build/Debug-iphonesimulator/ConnectionsInteractionTests.build/Objects-normal/arm64/ConnectionsInteractionTests.swiftmodule -Xlinker -needed_framework -Xlinker XCTest -framework XCTest -Xlinker -needed-lXCTestSwiftSupport -lXCTestSwiftSupport -o /var/folders/42/c0cl6_w541l5dyv2jjnh0f0w0000gn/T/tessera-native-services-wpwjm_x2/build/Build/Products/Debug-iphonesimulator/ConnectionsInteractionTests-Runner.app/PlugIns/ConnectionsInteractionTests.xctest/ConnectionsInteractionTests

CopySwiftLibs /var/folders/42/c0cl6_w541l5dyv2jjnh0f0w0000gn/T/tessera-native-services-wpwjm_x2/build/Build/Products/Debug-iphonesimulator/ConnectionsInteractionTests-Runner.app/PlugIns/ConnectionsInteractionTests.xctest (in target 'ConnectionsInteractionTests' from project 'TesseraInteractions')
    cd /var/folders/42/c0cl6_w541l5dyv2jjnh0f0w0000gn/T/tessera-native-services-wpwjm_x2/project
    builtin-swiftStdLibTool --copy --verbose --scan-executable /var/folders/42/c0cl6_w541l5dyv2jjnh0f0w0000gn/T/tessera-native-services-wpwjm_x2/build/Build/Products/Debug-iphonesimulator/ConnectionsInteractionTests-Runner.app/PlugIns/ConnectionsInteractionTests.xctest/ConnectionsInteractionTests --scan-folder /var/folders/42/c0cl6_w541l5dyv2jjnh0f0w0000gn/T/tessera-native-services-wpwjm_x2/build/Build/Products/Debug-iphonesimulator/ConnectionsInteractionTests-Runner.app/PlugIns/ConnectionsInteractionTests.xctest/Frameworks --scan-folder /var/folders/42/c0cl6_w541l5dyv2jjnh0f0w0000gn/T/tessera-native-services-wpwjm_x2/build/Build/Products/Debug-iphonesimulator/ConnectionsInteractionTests-Runner.app/PlugIns/ConnectionsInteractionTests.xctest/PlugIns --scan-folder /var/folders/42/c0cl6_w541l5dyv2jjnh0f0w0000gn/T/tessera-native-services-wpwjm_x2/build/Build/Products/Debug-iphonesimulator/ConnectionsInteractionTests-Runner.app/PlugIns/ConnectionsInteractionTests.xctest/SystemExtensions --scan-folder /var/folders/42/c0cl6_w541l5dyv2jjnh0f0w0000gn/T/tessera-native-services-wpwjm_x2/build/Build/Products/Debug-iphonesimulator/ConnectionsInteractionTests-Runner.app/PlugIns/ConnectionsInteractionTests.xctest/Extensions --platform iphonesimulator --toolchain /var/run/com.apple.security.cryptexd/mnt/com.apple.MobileAsset.MetalToolchain-v27.1.5237.12.5oW8SR/Metal.xctoolchain --toolchain /Applications/Xcode-beta.app/Contents/Developer/Toolchains/XcodeDefault.xctoolchain --destination /var/folders/42/c0cl6_w541l5dyv2jjnh0f0w0000gn/T/tessera-native-services-wpwjm_x2/build/Build/Products/Debug-iphonesimulator/ConnectionsInteractionTests-Runner.app/PlugIns/ConnectionsInteractionTests.xctest/Frameworks --strip-bitcode --scan-executable /Applications/Xcode-beta.app/Contents/Developer/Platforms/iPhoneSimulator.platform/Developer/usr/lib/libXCTestSwiftSupport.dylib --strip-bitcode-tool /Applications/Xcode-beta.app/Contents/Developer/Toolchains/XcodeDefault.xctoolchain/usr/bin/bitcode_strip --emit-dependency-info /var/folders/42/c0cl6_w541l5dyv2jjnh0f0w0000gn/T/tessera-native-services-wpwjm_x2/build/Build/Intermediates.noindex/TesseraInteractions.build/Debug-iphonesimulator/ConnectionsInteractionTests.build/SwiftStdLibToolInputDependencies.dep --filter-for-swift-os
Ignoring --strip-bitcode because --sign was not passed

ExtractAppIntentsMetadata (in target 'ConnectionsInteractionTests' from project 'TesseraInteractions')
    cd /var/folders/42/c0cl6_w541l5dyv2jjnh0f0w0000gn/T/tessera-native-services-wpwjm_x2/project
    /Applications/Xcode-beta.app/Contents/Developer/Toolchains/XcodeDefault.xctoolchain/usr/bin/appintentsmetadataprocessor --toolchain-dir /var/run/com.apple.security.cryptexd/mnt/com.apple.MobileAsset.MetalToolchain-v27.1.5237.12.5oW8SR/Metal.xctoolchain --module-name ConnectionsInteractionTests --sdk-root /Applications/Xcode-beta.app/Contents/Developer/Platforms/iPhoneSimulator.platform/Developer/SDKs/iPhoneSimulator27.0.sdk --xcode-version 27A5237l --platform-family iOS --deployment-target 18.0 --bundle-identifier com.jalenedusei.qa.games --output /var/folders/42/c0cl6_w541l5dyv2jjnh0f0w0000gn/T/tessera-native-services-wpwjm_x2/build/Build/Products/Debug-iphonesimulator/ConnectionsInteractionTests-Runner.app/PlugIns/ConnectionsInteractionTests.xctest --target-triple arm64-apple-ios18.0-simulator --binary-file /var/folders/42/c0cl6_w541l5dyv2jjnh0f0w0000gn/T/tessera-native-services-wpwjm_x2/build/Build/Products/Debug-iphonesimulator/ConnectionsInteractionTests-Runner.app/PlugIns/ConnectionsInteractionTests.xctest/ConnectionsInteractionTests --dependency-file /var/folders/42/c0cl6_w541l5dyv2jjnh0f0w0000gn/T/tessera-native-services-wpwjm_x2/build/Build/Intermediates.noindex/TesseraInteractions.build/Debug-iphonesimulator/ConnectionsInteractionTests.build/Objects-normal/arm64/ConnectionsInteractionTests_dependency_info.dat --stringsdata-file /var/folders/42/c0cl6_w541l5dyv2jjnh0f0w0000gn/T/tessera-native-services-wpwjm_x2/build/Build/Intermediates.noindex/TesseraInteractions.build/Debug-iphonesimulator/ConnectionsInteractionTests.build/Objects-normal/arm64/ExtractedAppShortcutsMetadata.stringsdata --source-file-list /var/folders/42/c0cl6_w541l5dyv2jjnh0f0w0000gn/T/tessera-native-services-wpwjm_x2/build/Build/Intermediates.noindex/TesseraInteractions.build/Debug-iphonesimulator/ConnectionsInteractionTests.build/Objects-normal/arm64/ConnectionsInteractionTests.SwiftFileList --metadata-file-list /var/folders/42/c0cl6_w541l5dyv2jjnh0f0w0000gn/T/tessera-native-services-wpwjm_x2/build/Build/Intermediates.noindex/TesseraInteractions.build/Debug-iphonesimulator/ConnectionsInteractionTests.build/ConnectionsInteractionTests.DependencyMetadataFileList --static-metadata-file-list /var/folders/42/c0cl6_w541l5dyv2jjnh0f0w0000gn/T/tessera-native-services-wpwjm_x2/build/Build/Intermediates.noindex/TesseraInteractions.build/Debug-iphonesimulator/ConnectionsInteractionTests.build/ConnectionsInteractionTests.DependencyStaticMetadataFileList --swift-const-vals-list /var/folders/42/c0cl6_w541l5dyv2jjnh0f0w0000gn/T/tessera-native-services-wpwjm_x2/build/Build/Intermediates.noindex/TesseraInteractions.build/Debug-iphonesimulator/ConnectionsInteractionTests.build/Objects-normal/arm64/ConnectionsInteractionTests.SwiftConstValuesFileList --compile-time-extraction --deployment-aware-processing --no-app-shortcuts-localization
2026-09-27 05:23:24.518 appintentsmetadataprocessor[51409:25834406] Starting appintentsmetadataprocessor export
2026-09-27 05:23:24.519 appintentsmetadataprocessor[51409:25834406] warning: Metadata extraction skipped, no AppIntents.framework dependency found

AppIntentsSSUTraining (in target 'ConnectionsInteractionTests' from project 'TesseraInteractions')
    cd /var/folders/42/c0cl6_w541l5dyv2jjnh0f0w0000gn/T/tessera-native-services-wpwjm_x2/project
    /Applications/Xcode-beta.app/Contents/Developer/Toolchains/XcodeDefault.xctoolchain/usr/bin/appintentsnltrainingprocessor --infoplist-path /var/folders/42/c0cl6_w541l5dyv2jjnh0f0w0000gn/T/tessera-native-services-wpwjm_x2/build/Build/Products/Debug-iphonesimulator/ConnectionsInteractionTests-Runner.app/PlugIns/ConnectionsInteractionTests.xctest/Info.plist --temp-dir-path /var/folders/42/c0cl6_w541l5dyv2jjnh0f0w0000gn/T/tessera-native-services-wpwjm_x2/build/Build/Intermediates.noindex/TesseraInteractions.build/Debug-iphonesimulator/ConnectionsInteractionTests.build/ssu --bundle-id com.jalenedusei.qa.games --product-path /var/folders/42/c0cl6_w541l5dyv2jjnh0f0w0000gn/T/tessera-native-services-wpwjm_x2/build/Build/Products/Debug-iphonesimulator/ConnectionsInteractionTests-Runner.app/PlugIns/ConnectionsInteractionTests.xctest --extracted-metadata-path /var/folders/42/c0cl6_w541l5dyv2jjnh0f0w0000gn/T/tessera-native-services-wpwjm_x2/build/Build/Products/Debug-iphonesimulator/ConnectionsInteractionTests-Runner.app/PlugIns/ConnectionsInteractionTests.xctest/Metadata.appintents --metadata-file-list /var/folders/42/c0cl6_w541l5dyv2jjnh0f0w0000gn/T/tessera-native-services-wpwjm_x2/build/Build/Intermediates.noindex/TesseraInteractions.build/Debug-iphonesimulator/ConnectionsInteractionTests.build/ConnectionsInteractionTests.DependencyMetadataFileList --source-file /var/folders/42/c0cl6_w541l5dyv2jjnh0f0w0000gn/T/tessera-native-services-wpwjm_x2/build/Build/Products/Debug-iphonesimulator/ConnectionsInteractionTests-Runner.app/PlugIns/ConnectionsInteractionTests.xctest/Info.plist --archive-ssu-assets
2026-09-27 05:23:24.540 appintentsnltrainingprocessor[51410:25834407] Parsing options for appintentsnltrainingprocessor
2026-09-27 05:23:24.540 appintentsnltrainingprocessor[51410:25834407] Starting AppIntents SSU YAML Generation
2026-09-27 05:23:24.541 appintentsnltrainingprocessor[51410:25834407] No AppShortcuts found - Skipping.

MkDir /var/folders/42/c0cl6_w541l5dyv2jjnh0f0w0000gn/T/tessera-native-services-wpwjm_x2/build/Build/Products/Debug-iphonesimulator/ConnectionsInteractionTests-Runner.app (in target 'ConnectionsInteractionTests' from project 'TesseraInteractions')
    cd /var/folders/42/c0cl6_w541l5dyv2jjnh0f0w0000gn/T/tessera-native-services-wpwjm_x2/project
    /bin/mkdir -p /var/folders/42/c0cl6_w541l5dyv2jjnh0f0w0000gn/T/tessera-native-services-wpwjm_x2/build/Build/Products/Debug-iphonesimulator/ConnectionsInteractionTests-Runner.app

CopyPlistFile /var/folders/42/c0cl6_w541l5dyv2jjnh0f0w0000gn/T/tessera-native-services-wpwjm_x2/build/Build/Products/Debug-iphonesimulator/ConnectionsInteractionTests-Runner.app/Info.plist /Applications/Xcode-beta.app/Contents/Developer/Platforms/iPhoneSimulator.platform/Developer/Library/Xcode/Agents/XCTRunner.app/Info.plist (in target 'ConnectionsInteractionTests' from project 'TesseraInteractions')
    cd /var/folders/42/c0cl6_w541l5dyv2jjnh0f0w0000gn/T/tessera-native-services-wpwjm_x2/project
    builtin-copyPlist --validate --convert xml1 --macro-expansion WRAPPEDPRODUCTNAME ConnectionsInteractionTests-Runner --macro-expansion WRAPPEDPRODUCTBUNDLEIDENTIFIER com.jalenedusei.qa.games.xctrunner --macro-expansion TESTPRODUCTNAME ConnectionsInteractionTests --macro-expansion TESTPRODUCTBUNDLEIDENTIFIER com.jalenedusei.qa.games --copy-value UIDeviceFamily /var/folders/42/c0cl6_w541l5dyv2jjnh0f0w0000gn/T/tessera-native-services-wpwjm_x2/build/Build/Products/Debug-iphonesimulator/ConnectionsInteractionTests-Runner.app/PlugIns/ConnectionsInteractionTests.xctest/Info.plist --outdir /var/folders/42/c0cl6_w541l5dyv2jjnh0f0w0000gn/T/tessera-native-services-wpwjm_x2/build/Build/Products/Debug-iphonesimulator/ConnectionsInteractionTests-Runner.app -- /Applications/Xcode-beta.app/Contents/Developer/Platforms/iPhoneSimulator.platform/Developer/Library/Xcode/Agents/XCTRunner.app/Info.plist

Copy /var/folders/42/c0cl6_w541l5dyv2jjnh0f0w0000gn/T/tessera-native-services-wpwjm_x2/build/Build/Products/Debug-iphonesimulator/ConnectionsInteractionTests-Runner.app/PkgInfo /Applications/Xcode-beta.app/Contents/Developer/Platforms/iPhoneSimulator.platform/Developer/Library/Xcode/Agents/XCTRunner.app/PkgInfo (in target 'ConnectionsInteractionTests' from project 'TesseraInteractions')
    cd /var/folders/42/c0cl6_w541l5dyv2jjnh0f0w0000gn/T/tessera-native-services-wpwjm_x2/project
    builtin-copy -exclude .DS_Store -exclude CVS -exclude .svn -exclude .git -exclude .hg -resolve-src-symlinks /Applications/Xcode-beta.app/Contents/Developer/Platforms/iPhoneSimulator.platform/Developer/Library/Xcode/Agents/XCTRunner.app/PkgInfo /var/folders/42/c0cl6_w541l5dyv2jjnh0f0w0000gn/T/tessera-native-services-wpwjm_x2/build/Build/Products/Debug-iphonesimulator/ConnectionsInteractionTests-Runner.app

CopyAndPreserveArchs /var/folders/42/c0cl6_w541l5dyv2jjnh0f0w0000gn/T/tessera-native-services-wpwjm_x2/build/Build/Products/Debug-iphonesimulator/ConnectionsInteractionTests-Runner.app/ConnectionsInteractionTests-Runner (in target 'ConnectionsInteractionTests' from project 'TesseraInteractions')
    cd /var/folders/42/c0cl6_w541l5dyv2jjnh0f0w0000gn/T/tessera-native-services-wpwjm_x2/project
    /Applications/Xcode-beta.app/Contents/Developer/Toolchains/XcodeDefault.xctoolchain/usr/bin/lipo /Applications/Xcode-beta.app/Contents/Developer/Platforms/iPhoneSimulator.platform/Developer/Library/Xcode/Agents/XCTRunner.app/XCTRunner -output /var/folders/42/c0cl6_w541l5dyv2jjnh0f0w0000gn/T/tessera-native-services-wpwjm_x2/build/Build/Products/Debug-iphonesimulator/ConnectionsInteractionTests-Runner.app/ConnectionsInteractionTests-Runner -extract arm64

RegisterExecutionPolicyException /var/folders/42/c0cl6_w541l5dyv2jjnh0f0w0000gn/T/tessera-native-services-wpwjm_x2/build/Build/Products/Debug-iphonesimulator/ConnectionsInteractionTests-Runner.app/PlugIns/ConnectionsInteractionTests.xctest (in target 'ConnectionsInteractionTests' from project 'TesseraInteractions')
    cd /var/folders/42/c0cl6_w541l5dyv2jjnh0f0w0000gn/T/tessera-native-services-wpwjm_x2/project
    builtin-RegisterExecutionPolicyException /var/folders/42/c0cl6_w541l5dyv2jjnh0f0w0000gn/T/tessera-native-services-wpwjm_x2/build/Build/Products/Debug-iphonesimulator/ConnectionsInteractionTests-Runner.app/PlugIns/ConnectionsInteractionTests.xctest

Touch /var/folders/42/c0cl6_w541l5dyv2jjnh0f0w0000gn/T/tessera-native-services-wpwjm_x2/build/Build/Products/Debug-iphonesimulator/ConnectionsInteractionTests-Runner.app/PlugIns/ConnectionsInteractionTests.xctest (in target 'ConnectionsInteractionTests' from project 'TesseraInteractions')
    cd /var/folders/42/c0cl6_w541l5dyv2jjnh0f0w0000gn/T/tessera-native-services-wpwjm_x2/project
    /usr/bin/touch -c /var/folders/42/c0cl6_w541l5dyv2jjnh0f0w0000gn/T/tessera-native-services-wpwjm_x2/build/Build/Products/Debug-iphonesimulator/ConnectionsInteractionTests-Runner.app/PlugIns/ConnectionsInteractionTests.xctest

PruneExplicitPrecompiledModules /var/folders/42/c0cl6_w541l5dyv2jjnh0f0w0000gn/T/tessera-native-services-wpwjm_x2/build/Build/Intermediates.noindex/ExplicitPrecompiledModules

PruneExplicitPrecompiledModules /var/folders/42/c0cl6_w541l5dyv2jjnh0f0w0000gn/T/tessera-native-services-wpwjm_x2/build/Build/Intermediates.noindex/SwiftExplicitPrecompiledModules

PruneExplicitPrecompiledModules /var/folders/42/c0cl6_w541l5dyv2jjnh0f0w0000gn/T/tessera-native-services-wpwjm_x2/build/SDKExplicitPrecompiledModules

2026-09-27 05:23:25.341452-0400 ConnectionsInteractionTests-Runner[51413:25834481] [Default] Running tests...
    t =      nans Interface orientation changed to Portrait
Test Suite 'All tests' started at 2026-09-27 05:23:26.253.
Test Suite 'ConnectionsInteractionTests.xctest' started at 2026-09-27 05:23:26.254.
Test Suite 'ConnectionsInteractionTests' started at 2026-09-27 05:23:26.254.
Test Case '-[ConnectionsInteractionTests.ConnectionsInteractionTests testClaudeKeyRemovalIsExplicit]' started.
    t =     0.00s Start Test at 2026-09-27 05:23:26.254
    t =     0.04s Set Up
    t =     0.09s Open com.jalenedusei.tessera
    t =     0.10s     Launch com.jalenedusei.tessera
objc[51413]: Class UIAccessibilityLoaderWebShared is implemented in both /Library/Developer/CoreSimulator/Volumes/iOS_23F77/Library/Developer/CoreSimulator/Profiles/Runtimes/iOS 26.5.simruntime/Contents/Resources/RuntimeRoot/System/Library/AccessibilityBundles/WebCore.axbundle/WebCore (0x109ac8310) and /Library/Developer/CoreSimulator/Volumes/iOS_23F77/Library/Developer/CoreSimulator/Profiles/Runtimes/iOS 26.5.simruntime/Contents/Resources/RuntimeRoot/System/Library/AccessibilityBundles/WebKit.axbundle/WebKit (0x109b64398). This may cause spurious casting failures and mysterious crashes. One of the duplicates must be removed or renamed.
    t =     0.18s         Setting up automation session
    t =     0.60s         Wait for com.jalenedusei.tessera to idle
    t =     3.40s Wait for com.jalenedusei.tessera to become Running Foreground
    t =     3.40s Waiting 12.0s for NavigationBar (First Match) to exist
    t =     4.44s     Checking `Expect predicate `existsNoRetry == 1` for object NavigationBar (First Match)`
    t =     4.44s         Checking existence of `NavigationBar (First Match)`
    t =     4.47s Waiting 8.0s for "claude.manage" Button to exist
    t =     5.50s     Checking `Expect predicate `existsNoRetry == 1` for object "claude.manage" Button`
    t =     5.50s         Checking existence of `"claude.manage" Button`
    t =     5.55s Checking existence of `"claude.manage" Button`
    t =     5.57s Tap "claude.manage" Button
    t =     5.57s     Wait for com.jalenedusei.tessera to idle
    t =     5.57s     Find the "claude.manage" Button
    t =     5.59s     Check for interrupting elements affecting "claude.manage" Button
    t =     5.63s     Synthesize event
    t =     5.92s     Wait for com.jalenedusei.tessera to idle
    t =     5.92s Waiting 8.0s for "claude.key" SecureTextField to exist
    t =     6.94s     Checking `Expect predicate `existsNoRetry == 1` for object "claude.key" SecureTextField`
    t =     6.94s         Checking existence of `"claude.key" SecureTextField`
    t =     6.97s Waiting 8.0s for "claude.remove" Button to exist
    t =     8.01s     Checking `Expect predicate `existsNoRetry == 1` for object "claude.remove" Button`
    t =     8.01s         Checking existence of `"claude.remove" Button`
    t =     8.03s Checking existence of `"claude.remove" Button`
    t =     8.06s Tap "claude.remove" Button
    t =     8.06s     Wait for com.jalenedusei.tessera to idle
    t =     8.06s     Find the "claude.remove" Button
    t =     8.08s     Check for interrupting elements affecting "claude.remove" Button
    t =     8.10s     Synthesize event
    t =     8.11s         Scroll element to visible
    t =     8.11s         Find the "claude.remove" Button
    t =     8.14s         Computed hit point {106.33333333333333, 713.33333333333314} after scrolling to visible
    t =     8.42s     Wait for com.jalenedusei.tessera to idle
    t =     8.42s Waiting 8.0s for "claude.confirmRemove" Button to exist
    t =     9.46s     Checking `Expect predicate `existsNoRetry == 1` for object "claude.confirmRemove" Button`
    t =     9.46s         Checking existence of `"claude.confirmRemove" Button`
    t =     9.49s Checking existence of `"claude.confirmRemove" Button`
    t =     9.53s Tap "claude.confirmRemove" Button
    t =     9.53s     Wait for com.jalenedusei.tessera to idle
    t =     9.53s     Find the "claude.confirmRemove" Button
    t =     9.55s     Check for interrupting elements affecting "claude.confirmRemove" Button
    t =     9.58s     Synthesize event
    t =     9.86s     Wait for com.jalenedusei.tessera to idle
    t =     9.86s Waiting 8.0s for "API key removed from this wall" StaticText to exist
    t =    10.90s     Checking `Expect predicate `existsNoRetry == 1` for object "API key removed from this wall" StaticText`
    t =    10.90s         Checking existence of `"API key removed from this wall" StaticText`
    t =    10.94s Tear Down
Test Case '-[ConnectionsInteractionTests.ConnectionsInteractionTests testClaudeKeyRemovalIsExplicit]' passed (11.186 seconds).
Test Case '-[ConnectionsInteractionTests.ConnectionsInteractionTests testDiscogsDisconnectPreservesLocalCollection]' started.
    t =     0.00s Start Test at 2026-09-27 05:23:37.441
    t =     0.02s Set Up
    t =     0.02s Open com.jalenedusei.tessera
    t =     0.02s     Launch com.jalenedusei.tessera
    t =     0.02s         Terminate com.jalenedusei.tessera:51419
    t =     1.14s         Setting up automation session
    t =     1.51s         Wait for com.jalenedusei.tessera to idle
    t =     3.70s Wait for com.jalenedusei.tessera to become Running Foreground
    t =     3.70s Waiting 12.0s for NavigationBar (First Match) to exist
    t =     4.72s     Checking `Expect predicate `existsNoRetry == 1` for object NavigationBar (First Match)`
    t =     4.72s         Checking existence of `NavigationBar (First Match)`
    t =     4.75s Waiting 8.0s for "discogs.manage" Button to exist
    t =     5.78s     Checking `Expect predicate `existsNoRetry == 1` for object "discogs.manage" Button`
    t =     5.78s         Checking existence of `"discogs.manage" Button`
    t =     5.82s Checking existence of `"discogs.manage" Button`
    t =     5.84s Tap "discogs.manage" Button
    t =     5.84s     Wait for com.jalenedusei.tessera to idle
    t =     5.84s     Find the "discogs.manage" Button
    t =     5.86s     Check for interrupting elements affecting "discogs.manage" Button
    t =     5.88s     Synthesize event
    t =     6.17s     Wait for com.jalenedusei.tessera to idle
    t =     6.17s Waiting 8.0s for "discogs.remove" Button to exist
    t =     7.19s     Checking `Expect predicate `existsNoRetry == 1` for object "discogs.remove" Button`
    t =     7.19s         Checking existence of `"discogs.remove" Button`
    t =     7.22s Checking existence of `"discogs.remove" Button`
    t =     7.24s Tap "discogs.remove" Button
    t =     7.24s     Wait for com.jalenedusei.tessera to idle
    t =     7.24s     Find the "discogs.remove" Button
    t =     7.27s     Check for interrupting elements affecting "discogs.remove" Button
    t =     7.29s     Synthesize event
    t =     7.29s         Scroll element to visible
    t =     7.29s         Find the "discogs.remove" Button
    t =     7.32s         Computed hit point {87.666666666666671, 719.33333333333314} after scrolling to visible
    t =     7.61s     Wait for com.jalenedusei.tessera to idle
    t =     8.29s Waiting 8.0s for "discogs.confirmRemove" Button to exist
    t =     9.32s     Checking `Expect predicate `existsNoRetry == 1` for object "discogs.confirmRemove" Button`
    t =     9.33s         Checking existence of `"discogs.confirmRemove" Button`
    t =     9.36s Checking existence of `"discogs.confirmRemove" Button`
    t =     9.38s Tap "discogs.confirmRemove" Button
    t =     9.38s     Wait for com.jalenedusei.tessera to idle
    t =     9.38s     Find the "discogs.confirmRemove" Button
    t =     9.40s     Check for interrupting elements affecting "discogs.confirmRemove" Button
    t =     9.43s     Synthesize event
    t =     9.72s     Wait for com.jalenedusei.tessera to idle
    t =    10.47s Waiting 8.0s for "Discogs disconnected. Your local collection is still here." StaticText to exist
    t =    11.49s     Checking `Expect predicate `existsNoRetry == 1` for object "Discogs disconnected. Your local collection is still here." StaticText`
    t =    11.49s         Checking existence of `"Discogs disconnected. Your local collection is still here." StaticText`
    t =    11.53s Tear Down
Test Case '-[ConnectionsInteractionTests.ConnectionsInteractionTests testDiscogsDisconnectPreservesLocalCollection]' passed (11.768 seconds).
Test Case '-[ConnectionsInteractionTests.ConnectionsInteractionTests testDiscogsSyncWaitsForReceipt]' started.
    t =     0.00s Start Test at 2026-09-27 05:23:49.210
    t =     0.02s Set Up
    t =     0.02s Open com.jalenedusei.tessera
    t =     0.02s     Launch com.jalenedusei.tessera
    t =     0.02s         Terminate com.jalenedusei.tessera:51444
    t =     1.14s         Setting up automation session
    t =     1.51s         Wait for com.jalenedusei.tessera to idle
    t =     3.88s Wait for com.jalenedusei.tessera to become Running Foreground
    t =     3.88s Waiting 12.0s for NavigationBar (First Match) to exist
    t =     4.90s     Checking `Expect predicate `existsNoRetry == 1` for object NavigationBar (First Match)`
    t =     4.91s         Checking existence of `NavigationBar (First Match)`
    t =     4.94s Waiting 8.0s for "discogs.sync" Button to exist
    t =     5.96s     Checking `Expect predicate `existsNoRetry == 1` for object "discogs.sync" Button`
    t =     5.97s         Checking existence of `"discogs.sync" Button`
    t =     6.01s Checking existence of `"discogs.sync" Button`
    t =     6.02s Tap "discogs.sync" Button
    t =     6.02s     Wait for com.jalenedusei.tessera to idle
    t =     6.03s     Find the "discogs.sync" Button
    t =     6.05s     Check for interrupting elements affecting "discogs.sync" Button
    t =     6.10s     Synthesize event
    t =     6.38s     Wait for com.jalenedusei.tessera to idle
    t =     6.39s Waiting 12.0s for "Collection read by your wall" StaticText to exist
    t =     7.40s     Checking `Expect predicate `existsNoRetry == 1` for object "Collection read by your wall" StaticText`
    t =     7.40s         Checking existence of `"Collection read by your wall" StaticText`
    t =     7.42s         Capturing element debug description
    t =     8.45s     Checking `Expect predicate `existsNoRetry == 1` for object "Collection read by your wall" StaticText`
    t =     8.45s         Checking existence of `"Collection read by your wall" StaticText`
    t =     8.47s         Capturing element debug description
    t =     9.39s     Checking `Expect predicate `existsNoRetry == 1` for object "Collection read by your wall" StaticText`
    t =     9.39s         Checking existence of `"Collection read by your wall" StaticText`
    t =     9.42s         Capturing element debug description
    t =    10.46s     Checking `Expect predicate `existsNoRetry == 1` for object "Collection read by your wall" StaticText`
    t =    10.46s         Checking existence of `"Collection read by your wall" StaticText`
    t =    10.48s         Capturing element debug description
    t =    11.40s     Checking `Expect predicate `existsNoRetry == 1` for object "Collection read by your wall" StaticText`
    t =    11.41s         Checking existence of `"Collection read by your wall" StaticText`
    t =    11.43s Tear Down
Test Case '-[ConnectionsInteractionTests.ConnectionsInteractionTests testDiscogsSyncWaitsForReceipt]' passed (11.658 seconds).
Test Case '-[ConnectionsInteractionTests.ConnectionsInteractionTests testLastfmDisconnectStaysDisconnected]' started.
    t =     0.00s Start Test at 2026-09-27 05:24:00.869
    t =     0.02s Set Up
    t =     0.02s Open com.jalenedusei.tessera
    t =     0.02s     Launch com.jalenedusei.tessera
    t =     0.02s         Terminate com.jalenedusei.tessera:51471
    t =     1.15s         Setting up automation session
    t =     1.52s         Wait for com.jalenedusei.tessera to idle
    t =     3.53s Wait for com.jalenedusei.tessera to become Running Foreground
    t =     3.54s Waiting 12.0s for NavigationBar (First Match) to exist
    t =     4.55s     Checking `Expect predicate `existsNoRetry == 1` for object NavigationBar (First Match)`
    t =     4.55s         Checking existence of `NavigationBar (First Match)`
    t =     4.58s Waiting 8.0s for "lastfm.disconnect" Button to exist
    t =     5.60s     Checking `Expect predicate `existsNoRetry == 1` for object "lastfm.disconnect" Button`
    t =     5.60s         Checking existence of `"lastfm.disconnect" Button`
    t =     5.65s Checking existence of `"lastfm.disconnect" Button`
    t =     5.68s Tap "lastfm.disconnect" Button
    t =     5.68s     Wait for com.jalenedusei.tessera to idle
    t =     5.68s     Find the "lastfm.disconnect" Button
    t =     5.71s     Check for interrupting elements affecting "lastfm.disconnect" Button
    t =     5.74s     Synthesize event
    t =     6.02s     Wait for com.jalenedusei.tessera to idle
    t =     6.03s Waiting 8.0s for "lastfm.keepConnected" Button to exist
    t =     7.06s     Checking `Expect predicate `existsNoRetry == 1` for object "lastfm.keepConnected" Button`
    t =     7.06s         Checking existence of `"lastfm.keepConnected" Button`
    t =     7.09s Checking existence of `"lastfm.keepConnected" Button`
    t =     7.11s Tap "lastfm.keepConnected" Button
    t =     7.11s     Wait for com.jalenedusei.tessera to idle
    t =     7.12s     Find the "lastfm.keepConnected" Button
    t =     7.14s     Check for interrupting elements affecting "lastfm.keepConnected" Button
    t =     7.16s     Synthesize event
    t =     7.45s     Wait for com.jalenedusei.tessera to idle
    t =     7.46s Waiting 8.0s for "lastfm.disconnect" Button to exist
    t =     8.48s     Checking `Expect predicate `existsNoRetry == 1` for object "lastfm.disconnect" Button`
    t =     8.48s         Checking existence of `"lastfm.disconnect" Button`
    t =     8.51s Checking existence of `"lastfm.disconnect" Button`
    t =     8.53s Tap "lastfm.disconnect" Button
    t =     8.53s     Wait for com.jalenedusei.tessera to idle
    t =     8.54s     Find the "lastfm.disconnect" Button
    t =     8.56s     Check for interrupting elements affecting "lastfm.disconnect" Button
    t =     8.59s     Synthesize event
    t =     8.89s     Wait for com.jalenedusei.tessera to idle
    t =     8.89s Waiting 8.0s for "lastfm.confirmDisconnect" Button to exist
    t =     9.92s     Checking `Expect predicate `existsNoRetry == 1` for object "lastfm.confirmDisconnect" Button`
    t =     9.92s         Checking existence of `"lastfm.confirmDisconnect" Button`
    t =     9.95s Checking existence of `"lastfm.confirmDisconnect" Button`
    t =     9.97s Tap "lastfm.confirmDisconnect" Button
    t =     9.97s     Wait for com.jalenedusei.tessera to idle
    t =     9.97s     Find the "lastfm.confirmDisconnect" Button
    t =    10.00s     Check for interrupting elements affecting "lastfm.confirmDisconnect" Button
    t =    10.02s     Synthesize event
    t =    10.30s     Wait for com.jalenedusei.tessera to idle
    t =    10.30s Waiting 8.0s for "This wall has stopped following your Last.fm profile." StaticText to exist
    t =    11.33s     Checking `Expect predicate `existsNoRetry == 1` for object "This wall has stopped following your Last.fm profile." StaticText`
    t =    11.33s         Checking existence of `"This wall has stopped following your Last.fm profile." StaticText`
    t =    11.36s Pressing Home button
    t =    11.83s Open com.jalenedusei.tessera
    t =    11.83s     Activate com.jalenedusei.tessera
    t =    12.31s         Wait for com.jalenedusei.tessera to idle
    t =    14.36s Tear Down
Test Case '-[ConnectionsInteractionTests.ConnectionsInteractionTests testLastfmDisconnectStaysDisconnected]' passed (14.612 seconds).
Test Case '-[ConnectionsInteractionTests.ConnectionsInteractionTests testLastfmKeyIsSecureAndSaveCanRecover]' started.
    t =     0.00s Start Test at 2026-09-27 05:24:15.481
    t =     0.02s Set Up
    t =     0.02s Open com.jalenedusei.tessera
    t =     0.03s     Launch com.jalenedusei.tessera
    t =     0.03s         Terminate com.jalenedusei.tessera:51495
    t =     1.15s         Setting up automation session
    t =     1.58s         Wait for com.jalenedusei.tessera to idle
    t =     3.54s Wait for com.jalenedusei.tessera to become Running Foreground
    t =     3.54s Waiting 12.0s for NavigationBar (First Match) to exist
    t =     4.55s     Checking `Expect predicate `existsNoRetry == 1` for object NavigationBar (First Match)`
    t =     4.55s         Checking existence of `NavigationBar (First Match)`
    t =     4.58s Waiting 10.0s for "lastfm.username" TextField to exist
    t =     5.60s     Checking `Expect predicate `existsNoRetry == 1` for object "lastfm.username" TextField`
    t =     5.60s         Checking existence of `"lastfm.username" TextField`
    t =     5.64s Checking existence of `"lastfm.username" TextField`
    t =     5.66s Tap "lastfm.username" TextField
    t =     5.66s     Wait for com.jalenedusei.tessera to idle
    t =     5.66s     Find the "lastfm.username" TextField
    t =     5.68s     Check for interrupting elements affecting "lastfm.username" TextField
    t =     5.70s     Synthesize event
    t =     5.99s     Wait for com.jalenedusei.tessera to idle
    t =     6.14s Type 'test-listener' into "lastfm.username" TextField
    t =     6.14s     Wait for com.jalenedusei.tessera to idle
    t =     6.52s     Find the "lastfm.username" TextField
    t =     6.56s     Check for interrupting elements affecting "lastfm.username" TextField
    t =     6.59s     Synthesize event
    t =     7.01s     Wait for com.jalenedusei.tessera to idle
    t =     7.18s Checking existence of `"lastfm.apiKey" SecureTextField`
    t =     7.22s Tap "lastfm.apiKey" SecureTextField
    t =     7.22s     Wait for com.jalenedusei.tessera to idle
    t =     7.22s     Find the "lastfm.apiKey" SecureTextField
    t =     7.24s     Check for interrupting elements affecting "lastfm.apiKey" SecureTextField
    t =     7.27s     Synthesize event
    t =     7.28s         Scroll element to visible
    t =     7.28s         Find the "lastfm.apiKey" SecureTextField
    t =     7.31s         Computed hit point {201, 393} after scrolling to visible
    t =     7.59s     Wait for com.jalenedusei.tessera to idle
    t =     8.49s Type '1234567890abcdef12...' into "lastfm.apiKey" SecureTextField
    t =     8.49s     Wait for com.jalenedusei.tessera to idle
    t =     8.50s     Find the "lastfm.apiKey" SecureTextField
    t =     8.52s     Check for interrupting elements affecting "lastfm.apiKey" SecureTextField
    t =     8.55s     Synthesize event
    t =     9.27s     Wait for com.jalenedusei.tessera to idle
    t =     9.28s Checking existence of `"Done" Button`
    t =     9.31s Swipe up Application 'com.jalenedusei.tessera'
    t =     9.31s     Wait for com.jalenedusei.tessera to idle
    t =     9.31s     Find the Application 'com.jalenedusei.tessera'
    t =     9.33s     Check for interrupting elements affecting "Tessera" Application
    t =     9.36s     Synthesize event
    t =     9.77s     Wait for com.jalenedusei.tessera to idle
    t =    10.36s Waiting 8.0s for "lastfm.save" Button to exist
    t =    11.37s     Checking `Expect predicate `existsNoRetry == 1` for object "lastfm.save" Button`
    t =    11.37s         Checking existence of `"lastfm.save" Button`
    t =    11.41s Checking existence of `"lastfm.save" Button`
    t =    11.43s Tap "lastfm.save" Button
    t =    11.43s     Wait for com.jalenedusei.tessera to idle
    t =    11.44s     Find the "lastfm.save" Button
    t =    11.47s     Check for interrupting elements affecting "lastfm.save" Button
    t =    11.50s     Synthesize event
    t =    11.79s     Wait for com.jalenedusei.tessera to idle
    t =    12.94s Waiting 8.0s for "lastfm.problem" StaticText to exist
    t =    13.97s     Checking `Expect predicate `existsNoRetry == 1` for object "lastfm.problem" StaticText`
    t =    13.97s         Checking existence of `"lastfm.problem" StaticText`
    t =    14.00s Checking existence of `"lastfm.apiKey" SecureTextField`
    t =    14.02s Tear Down
Test Case '-[ConnectionsInteractionTests.ConnectionsInteractionTests testLastfmKeyIsSecureAndSaveCanRecover]' passed (14.261 seconds).
Test Case '-[ConnectionsInteractionTests.ConnectionsInteractionTests testListenBrainzPausedCountDoesNotAdvance]' started.
    t =     0.00s Start Test at 2026-09-27 05:24:29.742
    t =     0.02s Set Up
    t =     0.02s Open com.jalenedusei.tessera
    t =     0.02s     Launch com.jalenedusei.tessera
    t =     0.03s         Terminate com.jalenedusei.tessera:51584
    t =     1.13s         Setting up automation session
    t =     1.57s         Wait for com.jalenedusei.tessera to idle
    t =     4.30s Wait for com.jalenedusei.tessera to become Running Foreground
    t =     4.30s Waiting 12.0s for NavigationBar (First Match) to exist
    t =     5.33s     Checking `Expect predicate `existsNoRetry == 1` for object NavigationBar (First Match)`
    t =     5.33s         Checking existence of `NavigationBar (First Match)`
    t =     5.36s Waiting 10.0s for "listenbrainz.countedTime" Other to exist
    t =     6.39s     Checking `Expect predicate `existsNoRetry == 1` for object "listenbrainz.countedTime" Other`
    t =     6.39s         Checking existence of `"listenbrainz.countedTime" Other`
    t =     6.45s Find the "listenbrainz.countedTime" Other
    t =     6.48s Find the "listenbrainz.countingState" StaticText
    t =     9.56s Find the "listenbrainz.countedTime" Other
    t =     9.59s Tear Down
Test Case '-[ConnectionsInteractionTests.ConnectionsInteractionTests testListenBrainzPausedCountDoesNotAdvance]' passed (9.825 seconds).
Test Case '-[ConnectionsInteractionTests.ConnectionsInteractionTests testListenBrainzTokenIsSecureAndInvalidTokenCannotSave]' started.
    t =     0.00s Start Test at 2026-09-27 05:24:39.568
    t =     0.03s Set Up
    t =     0.03s Open com.jalenedusei.tessera
    t =     0.03s     Launch com.jalenedusei.tessera
    t =     0.03s         Terminate com.jalenedusei.tessera:51630
    t =     1.18s         Setting up automation session
    t =     1.53s         Wait for com.jalenedusei.tessera to idle
    t =     3.38s Wait for com.jalenedusei.tessera to become Running Foreground
    t =     3.38s Waiting 12.0s for NavigationBar (First Match) to exist
    t =     4.40s     Checking `Expect predicate `existsNoRetry == 1` for object NavigationBar (First Match)`
    t =     4.40s         Checking existence of `NavigationBar (First Match)`
    t =     4.43s Waiting 8.0s for "listenbrainz.writeSetup" Button to exist
    t =     5.47s     Checking `Expect predicate `existsNoRetry == 1` for object "listenbrainz.writeSetup" Button`
    t =     5.47s         Checking existence of `"listenbrainz.writeSetup" Button`
    t =     5.52s Checking existence of `"listenbrainz.writeSetup" Button`
    t =     5.54s Tap "listenbrainz.writeSetup" Button
    t =     5.54s     Wait for com.jalenedusei.tessera to idle
    t =     5.54s     Find the "listenbrainz.writeSetup" Button
    t =     5.57s     Check for interrupting elements affecting "listenbrainz.writeSetup" Button
    t =     5.59s     Synthesize event
    t =     5.88s     Wait for com.jalenedusei.tessera to idle
    t =     5.88s Checking existence of `"listenbrainz.token" SecureTextField`
    t =     5.91s Tap "listenbrainz.token" SecureTextField
    t =     5.91s     Wait for com.jalenedusei.tessera to idle
    t =     5.91s     Find the "listenbrainz.token" SecureTextField
    t =     5.93s     Check for interrupting elements affecting "listenbrainz.token" SecureTextField
    t =     5.96s     Synthesize event
    t =     5.96s         Scroll element to visible
    t =     5.96s         Find the "listenbrainz.token" SecureTextField
    t =     5.99s         Computed hit point {201, 695} after scrolling to visible
    t =     6.27s     Wait for com.jalenedusei.tessera to idle
    t =     7.51s Type '<redacted>' into "listenbrainz.token" SecureTextField
    t =     7.51s     Wait for com.jalenedusei.tessera to idle
    t =     7.51s     Find the "listenbrainz.token" SecureTextField
    t =     7.56s     Check for interrupting elements affecting "listenbrainz.token" SecureTextField
    t =     7.58s     Synthesize event
    t =     7.97s     Wait for com.jalenedusei.tessera to idle
    t =     7.97s Find the "listenbrainz.saveToken" Button
    t =     8.02s Tear Down
Test Case '-[ConnectionsInteractionTests.ConnectionsInteractionTests testListenBrainzTokenIsSecureAndInvalidTokenCannotSave]' passed (8.238 seconds).
Test Case '-[ConnectionsInteractionTests.ConnectionsInteractionTests testListenBrainzWriterDisconnectKeepsReader]' started.
    t =     0.00s Start Test at 2026-09-27 05:24:47.809
    t =     0.03s Set Up
    t =     0.04s Open com.jalenedusei.tessera
    t =     0.04s     Launch com.jalenedusei.tessera
    t =     0.04s         Terminate com.jalenedusei.tessera:51650
    t =     1.17s         Setting up automation session
    t =     1.60s         Wait for com.jalenedusei.tessera to idle
    t =     3.78s Wait for com.jalenedusei.tessera to become Running Foreground
    t =     3.78s Waiting 12.0s for NavigationBar (First Match) to exist
    t =     4.80s     Checking `Expect predicate `existsNoRetry == 1` for object NavigationBar (First Match)`
    t =     4.80s         Checking existence of `NavigationBar (First Match)`
    t =     4.84s Waiting 8.0s for "listenbrainz.unlinkWrite" Button to exist
    t =     5.85s     Checking `Expect predicate `existsNoRetry == 1` for object "listenbrainz.unlinkWrite" Button`
    t =     5.86s         Checking existence of `"listenbrainz.unlinkWrite" Button`
    t =     5.92s Checking existence of `"listenbrainz.unlinkWrite" Button`
    t =     5.95s Tap "listenbrainz.unlinkWrite" Button
    t =     5.95s     Wait for com.jalenedusei.tessera to idle
    t =     5.95s     Find the "listenbrainz.unlinkWrite" Button
    t =     5.99s     Check for interrupting elements affecting "listenbrainz.unlinkWrite" Button
    t =     6.01s     Synthesize event
    t =     6.02s         Scroll element to visible
    t =     6.02s         Find the "listenbrainz.unlinkWrite" Button
    t =     6.05s         Computed hit point {96.833333333333329, 712.00000000000011} after scrolling to visible
    t =     6.34s     Wait for com.jalenedusei.tessera to idle
    t =     7.08s Waiting 8.0s for "listenbrainz.confirmDisconnect" Button to exist
    t =     8.10s     Checking `Expect predicate `existsNoRetry == 1` for object "listenbrainz.confirmDisconnect" Button`
    t =     8.10s         Checking existence of `"listenbrainz.confirmDisconnect" Button`
    t =     8.15s Checking existence of `"listenbrainz.confirmDisconnect" Button`
    t =     8.17s Tap "listenbrainz.confirmDisconnect" Button
    t =     8.17s     Wait for com.jalenedusei.tessera to idle
    t =     8.18s     Find the "listenbrainz.confirmDisconnect" Button
    t =     8.20s     Check for interrupting elements affecting "listenbrainz.confirmDisconnect" Button
    t =     8.23s     Synthesize event
    t =     8.52s     Wait for com.jalenedusei.tessera to idle
    t =     9.40s Waiting 8.0s for "Writing disconnected." StaticText to exist
    t =    10.44s     Checking `Expect predicate `existsNoRetry == 1` for object "Writing disconnected." StaticText`
    t =    10.44s         Checking existence of `"Writing disconnected." StaticText`
    t =    10.48s Tear Down
Test Case '-[ConnectionsInteractionTests.ConnectionsInteractionTests testListenBrainzWriterDisconnectKeepsReader]' passed (10.729 seconds).
Test Case '-[ConnectionsInteractionTests.ConnectionsInteractionTests testOtherPlayerUsesCanonicalLastfmSetup]' started.
    t =     0.00s Start Test at 2026-09-27 05:24:58.535
    t =     0.02s Set Up
    t =     0.02s Open com.jalenedusei.tessera
    t =     0.03s     Launch com.jalenedusei.tessera
    t =     0.03s         Terminate com.jalenedusei.tessera:51699
    t =     1.17s         Setting up automation session
    t =     1.58s         Wait for com.jalenedusei.tessera to idle
    t =     3.49s Wait for com.jalenedusei.tessera to become Running Foreground
    t =     3.49s Waiting 12.0s for NavigationBar (First Match) to exist
    t =     4.51s     Checking `Expect predicate `existsNoRetry == 1` for object NavigationBar (First Match)`
    t =     4.51s         Checking existence of `NavigationBar (First Match)`
    t =     4.54s Waiting 8.0s for "otherPlayers.deezer" Button to exist
    t =     5.57s     Checking `Expect predicate `existsNoRetry == 1` for object "otherPlayers.deezer" Button`
    t =     5.57s         Checking existence of `"otherPlayers.deezer" Button`
    t =     5.63s Checking existence of `"otherPlayers.deezer" Button`
    t =     5.66s Tap "otherPlayers.deezer" Button
    t =     5.66s     Wait for com.jalenedusei.tessera to idle
    t =     5.66s     Find the "otherPlayers.deezer" Button
    t =     5.68s     Check for interrupting elements affecting "otherPlayers.deezer" Button
    t =     5.71s     Synthesize event
    t =     6.00s     Wait for com.jalenedusei.tessera to idle
    t =     6.00s Waiting 8.0s for "otherPlayers.setup" Button to exist
    t =     7.03s     Checking `Expect predicate `existsNoRetry == 1` for object "otherPlayers.setup" Button`
    t =     7.03s         Checking existence of `"otherPlayers.setup" Button`
    t =     7.07s Checking existence of `"otherPlayers.setup" Button`
    t =     7.10s Tap "otherPlayers.setup" Button
    t =     7.10s     Wait for com.jalenedusei.tessera to idle
    t =     7.10s     Find the "otherPlayers.setup" Button
    t =     7.13s     Check for interrupting elements affecting "otherPlayers.setup" Button
    t =     7.16s     Synthesize event
    t =     7.16s         Scroll element to visible
    t =     7.16s         Find the "otherPlayers.setup" Button
    t =     7.19s         Computed hit point {115.83333206176758, 710.66677856445312} after scrolling to visible
    t =     7.48s     Wait for com.jalenedusei.tessera to idle
    t =     7.89s Waiting 8.0s for "Last.fm" NavigationBar to exist
    t =     8.91s     Checking `Expect predicate `existsNoRetry == 1` for object "Last.fm" NavigationBar`
    t =     8.91s         Checking existence of `"Last.fm" NavigationBar`
    t =     8.96s Checking existence of `Sheet (First Match)`
    t =     8.99s Tear Down
Test Case '-[ConnectionsInteractionTests.ConnectionsInteractionTests testOtherPlayerUsesCanonicalLastfmSetup]' passed (9.230 seconds).
Test Suite 'ConnectionsInteractionTests' passed at 2026-09-27 05:25:07.767.
	 Executed 9 tests, with 0 failures (0 unexpected) in 101.506 (101.513) seconds
Test Suite 'ConnectionsInteractionTests.xctest' passed at 2026-09-27 05:25:07.767.
	 Executed 9 tests, with 0 failures (0 unexpected) in 101.506 (101.514) seconds
Test Suite 'All tests' passed at 2026-09-27 05:25:07.768.
	 Executed 9 tests, with 0 failures (0 unexpected) in 101.506 (101.515) seconds
2026-09-27 05:25:08.145 xcodebuild[51311:25833741] [MT] IDETestOperationsObserverDebug: 103.579 elapsed -- Testing started completed.
2026-09-27 05:25:08.145 xcodebuild[51311:25833741] [MT] IDETestOperationsObserverDebug: 0.000 sec, +0.000 sec -- start
2026-09-27 05:25:08.145 xcodebuild[51311:25833741] [MT] IDETestOperationsObserverDebug: 103.579 sec, +103.579 sec -- end

Test session results, code coverage, and logs:
	/var/folders/42/c0cl6_w541l5dyv2jjnh0f0w0000gn/T/tessera-native-services-wpwjm_x2/run.xcresult

** TEST SUCCEEDED **

Testing started
