999
LibreDWG 0.14
  0
SECTION
  2
HEADER
  9
$ACADVER
  1
AC1032
  9
$ACADMAINTVER
 90
        0
  9
$DWGCODEPAGE
  3
ANSI_936
  9
$REQUIREDVERSIONS
160
           0
  9
$INSBASE
 10
0.0
 20
0.0
 30
0.0
  9
$EXTMIN
 10
0.0
 20
0.0
 30
0.0
  9
$EXTMAX
 10
471.7309911169
 20
333.1845525841
 30
0.0
  9
$LIMMIN
 10
0.0
 20
0.0
  9
$LIMMAX
 10
471.7309911169
 20
333.1845525841
  9
$ORTHOMODE
 70
     0
  9
$REGENMODE
 70
     1
  9
$FILLMODE
 70
     1
  9
$QTEXTMODE
 70
     0
  9
$MIRRTEXT
 70
     0
  9
$LTSCALE
 40
25.9452045114
  9
$ATTMODE
 70
     1
  9
$TEXTSIZE
 40
0.2
  9
$TRACEWID
 40
0.05
  9
$TEXTSTYLE
  7
Standard
  9
$CLAYER
  8
0
  9
$CELTYPE
  6
ByLayer
  9
$CECOLOR
 62
     0
  9
$CELTSCALE
 40
1.0
  9
$DISPSILH
 70
     0
  9
$DIMSCALE
 40
1.0
  9
$DIMASZ
 40
0.1875
  9
$DIMEXO
 40
0.0625
  9
$DIMDLI
 40
17.9257776624
  9
$DIMRND
 40
0.0
  9
$DIMDLE
 40
0.0
  9
$DIMEXE
 40
0.125
  9
$DIMTP
 40
0.0
  9
$DIMTM
 40
0.0
  9
$DIMTXT
 40
0.15625
  9
$DIMCEN
 40
4.2455789201
  9
$DIMTSZ
 40
0.0
  9
$DIMTOL
 70
     0
  9
$DIMLIM
 70
     0
  9
$DIMTIH
 70
     1
  9
$DIMTOH
 70
     1
  9
$DIMSE1
 70
     0
  9
$DIMSE2
 70
     0
  9
$DIMTAD
 70
     0
  9
$DIMZIN
 70
     0
  9
$DIMBLK
  1
_FILLED
  9
$DIMASO
 70
     1
  9
$DIMSHO
 70
     1
  9
$DIMPOST
  1

  9
$DIMAPOST
  1

  9
$DIMALT
 70
     0
  9
$DIMALTD
 70
     2
  9
$DIMALTF
 40
0.0393700787
  9
$DIMLFAC
 40
1.0
  9
$DIMTOFL
 70
     0
  9
$DIMTVP
 40
0.0
  9
$DIMTIX
 70
     0
  9
$DIMSOXD
 70
     0
  9
$DIMSAH
 70
     0
  9
$DIMBLK1
  1

  9
$DIMBLK2
  1

  9
$DIMSTYLE
  2
Standard
  9
$DIMCLRD
 70
     0
  9
$DIMCLRE
 70
     0
  9
$DIMCLRT
 70
     0
  9
$DIMTFAC
 40
1.0
  9
$DIMGAP
 40
0.625
  9
$DIMJUST
 70
     0
  9
$DIMSD1
 70
     0
  9
$DIMSD2
 70
     0
  9
$DIMTOLJ
 70
     1
  9
$DIMTZIN
 70
     0
  9
$DIMALTZ
 70
     0
  9
$DIMALTTZ
 70
     0
  9
$DIMUPT
 70
     0
  9
$DIMDEC
 70
     4
  9
$DIMTDEC
 70
     4
  9
$DIMALTU
 70
     2
  9
$DIMALTTD
 70
     2
  9
$DIMTXSTY
  7
Standard
  9
$DIMAUNIT
 70
     0
  9
$DIMADEC
 70
     0
  9
$DIMALTRND
 40
0.0
  9
$DIMAZIN
 70
     0
  9
$DIMDSEP
 70
    46
  9
$DIMATFIT
 70
     3
  9
$DIMFRAC
 70
     0
  9
$DIMLDRBLK
  1

  9
$DIMLUNIT
 70
     2
  9
$DIMLWD
 70
    -2
  9
$DIMLWE
 70
    -2
  9
$DIMTMOVE
 70
     0
  9
$DIMFXL
 40
1.0
  9
$DIMFXLON
 70
     0
  9
$DIMJOGANG
 40
0.7853981633974483
  9
$DIMTFILL
 70
     0
  9
$DIMTFILLCLR
 70
     0
  9
$DIMARCSYM
 70
     0
  9
$DIMLTYPE
  6

  9
$DIMLTEX1
  6

  9
$DIMLTEX2
  6

  9
$DIMTXTDIRECTION
 70
     0
  9
$LUNITS
 70
     2
  9
$LUPREC
 70
     4
  9
$AXISMODE
 70
     0
  9
$AXISUNIT
 10
0.0
 20
0.0
  9
$SKETCHINC
 40
0.1
  9
$FILLETRAD
 40
0.0
  9
$AUNITS
 70
     0
  9
$AUPREC
 70
     0
  9
$MENU
  1
.
  9
$ELEVATION
 40
0.0
  9
$PELEVATION
 40
0.0
  9
$THICKNESS
 40
0.0
  9
$LIMCHECK
 70
     0
  9
$CHAMFERA
 40
0.0
  9
$CHAMFERB
 40
0.0
  9
$CHAMFERC
 40
0.0
  9
$CHAMFERD
 40
0.0
  9
$SKPOLY
 70
     0
  9
$TDCREATE
 40
2460074.199090000
  9
$TDUCREATE
 40
2460074.343090000
  9
$TDUPDATE
 40
2460074.199090000
  9
$TDUUPDATE
 40
2460074.343090000
  9
$TDINDWG
 40
0.000000000
  9
$TDUSRTIMER
 40
0.000000000
  9
$USRTIMER
 70
     1
  9
$ANGBASE
 50
0.0
  9
$ANGDIR
 70
     0
  9
$PDMODE
 70
     3
  9
$PDSIZE
 40
0.3125
  9
$PLINEWID
 40
0.0
  9
$SPLFRAME
 70
     0
  9
$SPLINETYPE
 70
     6
  9
$SPLINESEGS
 70
     8
  9
$HANDSEED
  5
E51
  9
$SURFTAB1
 70
     6
  9
$SURFTAB2
 70
     6
  9
$SURFTYPE
 70
     6
  9
$SURFU
 70
     6
  9
$SURFV
 70
     6
  9
$UCSBASE
  2

  9
$UCSORG
 10
0.0
 20
0.0
 30
0.0
  9
$UCSXDIR
 10
1.0
 20
0.0
 30
0.0
  9
$UCSYDIR
 10
0.0
 20
1.0
 30
0.0
  9
$UCSORTHOREF
  2

  9
$UCSORTHOVIEW
 70
     0
  9
$UCSORGTOP
 10
0.0
 20
0.0
 30
0.0
  9
$UCSORGBOTTOM
 10
0.0
 20
0.0
 30
0.0
  9
$UCSORGLEFT
 10
0.0
 20
0.0
 30
0.0
  9
$UCSORGRIGHT
 10
0.0
 20
0.0
 30
0.0
  9
$UCSORGFRONT
 10
0.0
 20
0.0
 30
0.0
  9
$UCSORGBACK
 10
0.0
 20
0.0
 30
0.0
  9
$PUCSBASE
  2

  9
$PUCSORG
 10
0.0
 20
0.0
 30
0.0
  9
$PUCSXDIR
 10
1.0
 20
0.0
 30
0.0
  9
$PUCSYDIR
 10
0.0
 20
1.0
 30
0.0
  9
$PUCSORTHOREF
  2

  9
$PUCSORTHOVIEW
 70
     0
  9
$PUCSORGTOP
 10
0.0
 20
0.0
 30
0.0
  9
$PUCSORGBOTTOM
 10
0.0
 20
0.0
 30
0.0
  9
$PUCSORGLEFT
 10
0.0
 20
0.0
 30
0.0
  9
$PUCSORGRIGHT
 10
0.0
 20
0.0
 30
0.0
  9
$PUCSORGFRONT
 10
0.0
 20
0.0
 30
0.0
  9
$PUCSORGBACK
 10
0.0
 20
0.0
 30
0.0
  9
$USERI1
 70
     0
  9
$USERI2
 70
     0
  9
$USERI3
 70
     0
  9
$USERI4
 70
     0
  9
$USERI5
 70
     0
  9
$USERR1
 40
0.0
  9
$USERR2
 40
0.0
  9
$USERR3
 40
0.0
  9
$USERR4
 40
0.0
  9
$USERR5
 40
0.0
  9
$WORLDVIEW
 70
     1
  9
$SHADEDGE
 70
     3
  9
$SHADEDIF
 70
    70
  9
$TILEMODE
 70
     1
  9
$MAXACTVP
 70
    64
  9
$PINSBASE
 10
0.0
 20
0.0
 30
0.0
  9
$PLIMCHECK
 70
     0
  9
$PEXTMIN
 10
1E+20
 20
1E+20
 30
1E+20
  9
$PEXTMAX
 10
-1E+20
 20
-1E+20
 30
-1E+20
  9
$PLIMMIN
 10
0.0
 20
0.0
  9
$PLIMMAX
 10
12.0
 20
9.0
  9
$UNITMODE
 70
     0
  9
$VISRETAIN
 70
     1
  9
$PLINEGEN
 70
     0
  9
$PSLTSCALE
 70
     1
  9
$TREEDEPTH
 70
  3020
  9
$CMLSTYLE
  2
S
  9
$CMLJUST
 70
     0
  9
$CMLSCALE
 40
1.0
  9
$PROXYGRAPHICS
 70
     1
  9
$MEASUREMENT
 70
     1
  9
$CELWEIGHT
370
    -1
  9
$ENDCAPS
280
     0
  9
$JOINSTYLE
280
     0
  9
$LWDISPLAY
290
     0
  9
$INSUNITS
 70
     4
  9
$HYPERLINKBASE
  1

  9
$STYLESHEET
  1

  9
$XEDIT
290
     1
  9
$CEPSNTYPE
380
     0
  9
$PSTYLEMODE
290
     1
  9
$FINGERPRINTGUID
  2
{F4DDEAD1-0C17-1F45-A297-D451618A1F8B}
  9
$VERSIONGUID
  2
{D8EEFE81-2B4B-E040-882C-CCD77C740CDF}
  9
$EXTNAMES
290
     1
  9
$PSVPSCALE
 40
0.0
  9
$OLESTARTUP
290
     0
  9
$SORTENTS
280
   127
  9
$INDEXCTL
280
     0
  9
$HIDETEXT
280
     1
  9
$XCLIPFRAME
280
     2
  9
$HALOGAP
280
     0
  9
$OBSCOLOR
 70
   257
  9
$OBSLTYPE
280
     0
  9
$INTERSECTIONDISPLAY
280
     0
  9
$INTERSECTIONCOLOR
 70
   257
  9
$DIMASSOC
280
     2
  9
$PROJECTNAME
  1

  9
$CAMERADISPLAY
290
     0
  9
$LENSLENGTH
 40
50.0
  9
$CAMERAHEIGHT
 40
0.0
  9
$STEPSPERSEC
 40
2.0
  9
$STEPSIZE
 40
6.0
  9
$3DDWFPREC
 40
2.0
  9
$PSOLWIDTH
 40
0.25
  9
$PSOLHEIGHT
 40
4.0
  9
$LOFTANG1
 40
1.570796326794897
  9
$LOFTANG2
 40
1.570796326794897
  9
$LOFTMAG1
 40
0.0
  9
$LOFTMAG2
 40
0.0
  9
$LOFTPARAM
 70
     7
  9
$LOFTNORMALS
280
     1
  9
$LATITUDE
 40
37.795
  9
$LONGITUDE
 40
-122.394
  9
$NORTHDIRECTION
 40
0.0
  9
$TIMEZONE
 70
 -8000
  9
$LIGHTGLYPHDISPLAY
280
     1
  9
$TILEMODELIGHTSYNCH
280
     1
  9
$CMATERIAL
347
DFF
  9
$SOLIDHIST
280
     0
  9
$SHOWHIST
280
     1
  9
$DWFFRAME
280
     2
  9
$DGNFRAME
280
     0
  9
$REALWORLDSCALE
290
     1
  9
$INTERFERECOLOR
 62
   256
  9
$CSHADOW
280
     0
  9
$SHADOWPLANELOCATION
 40
0.0
  0
ENDSEC
  0
SECTION
  2
CLASSES
  0
CLASS
  1
ACDBDICTIONARYWDFLT
  2
AcDbDictionaryWithDefault
  3
ObjectDBX Classes
 90
        0
 91
        1
280
     0
281
     0
  0
CLASS
  1
MATERIAL
  2
AcDbMaterial
  3
ObjectDBX Classes
 90
     1153
 91
        3
280
     0
281
     0
  0
CLASS
  1
VISUALSTYLE
  2
AcDbVisualStyle
  3
ObjectDBX Classes
 90
     4095
 91
       24
280
     0
281
     0
  0
CLASS
  1
TABLESTYLE
  2
AcDbTableStyle
  3
ObjectDBX Classes
 90
     4095
 91
        1
280
     0
281
     0
  0
CLASS
  1
SCALE
  2
AcDbScale
  3
ObjectDBX Classes
 90
     1153
 91
       17
280
     0
281
     0
  0
CLASS
  1
MLEADERSTYLE
  2
AcDbMLeaderStyle
  3
ACDB_MLEADERSTYLE_CLASS
 90
     4095
 91
        1
280
     0
281
     0
  0
CLASS
  1
ACDBSECTIONVIEWSTYLE
  2
AcDbSectionViewStyle
  3
ObjectDBX Classes
 90
     1025
 91
        1
280
     0
281
     0
  0
CLASS
  1
ACDBDETAILVIEWSTYLE
  2
AcDbDetailViewStyle
  3
ObjectDBX Classes
 90
     1025
 91
        1
280
     0
281
     0
  0
CLASS
  1
DICTIONARYVAR
  2
AcDbDictionaryVar
  3
ObjectDBX Classes
 90
        0
 91
        5
280
     0
281
     0
  0
ENDSEC
  0
SECTION
  2
TABLES
  0
TABLE
  2
VPORT
  5
8
330
0
100
AcDbSymbolTable
 70
     1
  0
VPORT
  5
1F4
330
8
100
AcDbSymbolTableRecord
100
AcDbViewportTableRecord
  2
*Active
 70
     0
 10
0.0
 20
0.0
 11
1.0
 21
1.0
 12
235.8654955584
 22
166.5922762921
 13
0.0
 23
0.0
 14
1.0
 24
1.0
 15
0.0
 25
0.0
 16
0.0
 26
0.0
 36
1.0
 17
0.0
 27
0.0
 37
0.0
 40
333.1845525841
 41
1.4158249158
 42
50.0
 43
0.0
 44
0.0
 50
0.0
 51
0.0
 71
     0
 72
   100
 73
     1
 74
     1
 75
     0
 76
     0
 77
     0
 78
     0
281
     0
 65
     1
110
0.0
120
0.0
130
0.0
111
1.0
121
0.0
131
0.0
112
0.0
122
1.0
132
0.0
 79
     0
146
0.0
 60
     3
 61
     5
292
     1
282
     1
141
0.0
142
0.0
 63
   250
421
3258135347
  0
ENDTAB
  0
TABLE
  2
LTYPE
  5
5
330
0
100
AcDbSymbolTable
 70
     6
  0
LTYPE
  5
14
330
5
100
AcDbSymbolTableRecord
100
AcDbLinetypeTableRecord
  2
ByBlock
 70
     0
  3

 72
    65
 73
     0
 40
0.0
  0
LTYPE
  5
15
330
5
100
AcDbSymbolTableRecord
100
AcDbLinetypeTableRecord
  2
ByLayer
 70
     0
  3

 72
    65
 73
     0
 40
0.0
  0
LTYPE
  5
16
330
5
100
AcDbSymbolTableRecord
100
AcDbLinetypeTableRecord
  2
CONTINUOUS
 70
     0
  3
Solid line
 72
    65
 73
     0
 40
0.0
  0
LTYPE
  5
1F5
330
5
100
AcDbSymbolTableRecord
100
AcDbLinetypeTableRecord
  2
CENTER
 70
     0
  3
____ _ ____ _ ____ _ ____ _ ____ _ ____ _ ____
 72
    65
 73
     4
 40
0.6
 49
0.375
 74
     0
 49
-0.075
 74
     0
 49
0.075
 74
     0
 49
-0.075
 74
     0
  0
LTYPE
  5
1F6
330
5
100
AcDbSymbolTableRecord
100
AcDbLinetypeTableRecord
  2
HIDDEN
 70
     0
  3
- - - - - - - - - - - - - - - - - - - -
 72
    65
 73
     2
 40
0.2
 49
0.1
 74
     0
 49
-0.1
 74
     0
  0
LTYPE
  5
1F7
330
5
100
AcDbSymbolTableRecord
100
AcDbLinetypeTableRecord
  2
PHANTOM
 70
     0
  3
_____ _ _ _____ _ _ _____ _ _ _____
 72
    65
 73
     6
 40
0.8
 49
0.45
 74
     0
 49
-0.05
 74
     0
 49
0.1
 74
     0
 49
-0.05
 74
     0
 49
0.1
 74
     0
 49
-0.05
 74
     0
  0
LTYPE
  5
1F8
330
5
100
AcDbSymbolTableRecord
100
AcDbLinetypeTableRecord
  2
DOT
 70
     0
  3
. . . . . . . . . . . . . . . . . . . .
 72
    65
 73
     2
 40
0.2
 49
0.1
 74
     0
 49
-0.1
 74
     0
  0
LTYPE
  5
1F9
330
5
100
AcDbSymbolTableRecord
100
AcDbLinetypeTableRecord
  2
DASHED
 70
     0
  3
- - - - - - - - - - - - - - - - - - - -
 72
    65
 73
     2
 40
0.2
 49
0.1
 74
     0
 49
-0.1
 74
     0
  0
ENDTAB
  0
TABLE
  2
LAYER
  5
2
330
0
100
AcDbSymbolTable
 70
     9
  0
LAYER
  5
10
330
2
100
AcDbSymbolTableRecord
100
AcDbLayerTableRecord
  2
0
 70
     0
 62
     7
  6
CONTINUOUS
370
    -3
390
F
347
E0F
348
0
  0
LAYER
  5
1FA
330
2
100
AcDbSymbolTableRecord
100
AcDbLayerTableRecord
  2
DEFAULT_1
 70
     0
 62
     7
  6
CENTER
370
    -3
390
F
347
E0F
348
0
  0
LAYER
  5
1FB
330
2
100
AcDbSymbolTableRecord
100
AcDbLayerTableRecord
  2
DEFAULT_2
 70
     0
 62
     8
  6
HIDDEN
370
    -3
390
F
347
E0F
348
0
  0
LAYER
  5
1FC
330
2
100
AcDbSymbolTableRecord
100
AcDbLayerTableRecord
  2
DEFAULT_3
 70
     0
 62
     7
  6
PHANTOM
370
    -3
390
F
347
E0F
348
0
  0
LAYER
  5
1FD
330
2
100
AcDbSymbolTableRecord
100
AcDbLayerTableRecord
  2
1
 70
     0
 62
     7
  6
CONTINUOUS
370
    -3
390
F
347
E0F
348
0
  0
LAYER
  5
1FE
330
2
100
AcDbSymbolTableRecord
100
AcDbLayerTableRecord
  2
2
 70
     0
 62
     7
  6
CONTINUOUS
370
    -3
390
F
347
E0F
348
0
  0
LAYER
  5
1FF
330
2
100
AcDbSymbolTableRecord
100
AcDbLayerTableRecord
  2
Defpoints
 70
     0
 62
     7
  6
CONTINUOUS
290
     0
370
    -3
390
F
347
E0F
348
0
  0
LAYER
  5
200
330
2
100
AcDbSymbolTableRecord
100
AcDbLayerTableRecord
  2
dim
 70
     0
 62
     7
  6
CONTINUOUS
370
    -3
390
F
347
E0F
348
0
  0
LAYER
  5
201
330
2
100
AcDbSymbolTableRecord
100
AcDbLayerTableRecord
  2
screw
 70
     0
 62
     7
  6
CONTINUOUS
370
    -3
390
F
347
E0F
348
0
  0
ENDTAB
  0
TABLE
  2
STYLE
  5
3
330
0
100
AcDbSymbolTable
 70
    10
  0
STYLE
  5
11
330
3
100
AcDbSymbolTableRecord
100
AcDbTextStyleTableRecord
  2
Standard
 70
     0
 40
0.0
 41
0.8
 50
0.0
 71
     0
 42
0.2
  3
txt
  4

  0
STYLE
  5
202
330
3
100
AcDbSymbolTableRecord
100
AcDbTextStyleTableRecord
  2
TEXTSTYLE_1
 70
     0
 40
0.0
 41
0.8
 50
0.0
 71
     0
 42
0.2
  3
gdt
  4

  0
STYLE
  5
203
330
3
100
AcDbSymbolTableRecord
100
AcDbTextStyleTableRecord
  2
TEXTSTYLE_2
 70
     0
 40
0.0
 41
1.0
 50
0.0
 71
     0
 42
0.2
  3

  4

1001
ACAD
1000
Symbol_ASME
1071
       34
  0
STYLE
  5
204
330
3
100
AcDbSymbolTableRecord
100
AcDbTextStyleTableRecord
  2
TEXTSTYLE_3
 70
     0
 40
0.0
 41
1.0
 50
0.0
 71
     0
 42
0.2
  3
txt
  4

  0
STYLE
  5
205
330
3
100
AcDbSymbolTableRecord
100
AcDbTextStyleTableRecord
  2
TEXTSTYLE_4
 70
     0
 40
0.0
 41
1.0
 50
0.0
 71
     0
 42
0.2
  3

  4

1001
ACAD
1000
CG Omega
1071
       34
  0
STYLE
  5
206
330
3
100
AcDbSymbolTableRecord
100
AcDbTextStyleTableRecord
  2
TEXTSTYLE_5
 70
     0
 40
0.0
 41
1.0
 50
0.0
 71
     0
 42
0.2
  3

  4

1001
ACAD
1000
CG Omega
1071
       34
  0
STYLE
  5
207
330
3
100
AcDbSymbolTableRecord
100
AcDbTextStyleTableRecord
  2
TEXTSTYLE_6
 70
     0
 40
0.0
 41
0.67
 50
0.0
 71
     0
 42
0.2
  3
txt
  4

  0
STYLE
  5
208
330
3
100
AcDbSymbolTableRecord
100
AcDbTextStyleTableRecord
  2
TEXTSTYLE_7
 70
     0
 40
0.0
 41
1.0
 50
0.0
 71
     0
 42
0.2
  3

  4

1001
ACAD
1000
CG Omega
1071
       34
  0
STYLE
  5
209
330
3
100
AcDbSymbolTableRecord
100
AcDbTextStyleTableRecord
  2
TEXTSTYLE_8
 70
     0
 40
0.0
 41
1.0
 50
0.0
 71
     0
 42
0.2
  3

  4

1001
ACAD
1000
Arial WGL
1071
       34
  0
STYLE
  5
20A
330
3
100
AcDbSymbolTableRecord
100
AcDbTextStyleTableRecord
  2
TEXTSTYLE_9
 70
     0
 40
0.0
 41
1.0
 50
0.0
 71
     0
 42
0.2
  3

  4

1001
ACAD
1000
CG Omega
1071
 33554466
  0
ENDTAB
  0
TABLE
  2
VIEW
  5
6
330
0
100
AcDbSymbolTable
 70
     0
  0
ENDTAB
  0
TABLE
  2
UCS
  5
7
330
0
100
AcDbSymbolTable
 70
     0
  0
ENDTAB
  0
TABLE
  2
APPID
  5
9
330
0
100
AcDbSymbolTable
 70
     1
  0
APPID
  5
20B
330
9
100
AcDbSymbolTableRecord
100
AcDbRegAppTableRecord
  2
ACAD
 70
     0
  0
ENDTAB
  0
TABLE
  2
DIMSTYLE
  5
A
330
0
100
AcDbSymbolTable
 70
     6
100
AcDbDimStyleTable
 71
     0
  0
DIMSTYLE
105
228
330
A
100
AcDbSymbolTableRecord
100
AcDbDimStyleTableRecord
  2
Standard
 70
     0
 41
0.1875
 42
0.0625
 43
0.38
 44
0.125
 47
0.01
 48
0.01
 49
1.0
 50
45.0
 70
     0
 73
     1
 74
     1
 78
     8
 79
     2
140
0.15625
141
0.09
143
25.4
144
1.0
146
1.0
147
0.625
171
     1
176
-1056964608
177
-1056964608
178
-1056964608
179
     2
271
     2
272
     2
273
     2
274
     2
277
     2
278
    46
283
     1
284
     8
289
     3
340
11
294
     0
371
    -2
372
    -2
341
20E
342
20E
343
20E
344
20E
345
0
346
0
347
0
  0
DIMSTYLE
105
229
102
{ACAD_REACTORS
330
39A
102
}
330
A
100
AcDbSymbolTableRecord
100
AcDbDimStyleTableRecord
  2
DIMSTYLE_1
 70
     0
  3
<>
 41
0.1875
 42
0.0625
 43
0.38
 44
0.125
 49
1.0
 50
45.0
 70
     0
 73
     1
 74
     1
 78
     8
 79
     2
140
2.5
141
0.09
143
25.4
144
1.0
146
1.0
147
0.625
171
     1
176
-1056964608
177
-1056964608
178
-1056964608
179
     2
271
     2
272
     2
273
     2
274
     2
277
     2
278
    46
283
     1
284
     8
288
     1
289
     1
340
11
294
     0
371
    -2
372
    -2
341
20E
342
20E
343
20E
344
20E
345
0
346
0
347
0
  0
DIMSTYLE
105
22A
102
{ACAD_REACTORS
330
39B
102
}
330
A
100
AcDbSymbolTableRecord
100
AcDbDimStyleTableRecord
  2
DIMSTYLE_2
 70
     0
 41
0.1875
 42
0.0625
 43
0.38
 44
0.125
 49
1.0
 50
45.0
 70
     0
 73
     1
 74
     1
 78
     8
 79
     2
140
2.5
141
0.09
143
25.4
144
1.0
146
1.0
147
1.25
171
     1
176
-1056964608
177
-1056964608
178
-1056964608
179
     2
271
     2
272
     2
273
     2
274
     2
277
     2
278
    46
283
     1
284
     8
289
     3
340
11
294
     0
371
    -2
372
    -2
341
20E
342
20E
343
20E
344
20E
345
0
346
0
347
0
  0
DIMSTYLE
105
22B
102
{ACAD_REACTORS
330
39C
330
39D
102
}
330
A
100
AcDbSymbolTableRecord
100
AcDbDimStyleTableRecord
  2
DIMSTYLE_3
 70
     0
 41
0.1875
 42
0.0625
 43
0.38
 44
0.125
 49
1.0
 50
45.0
 70
     0
 73
     1
 74
     1
 78
     8
 79
     2
140
2.5
141
0.09
143
25.4
144
1.0
146
1.0
147
1.25
171
     1
176
-1056964608
177
-1056964608
178
-1056964608
179
     2
271
     2
272
     2
273
     2
274
     2
277
     2
278
    46
283
     1
284
     8
289
     3
340
204
294
     0
371
    -2
372
    -2
341
20E
342
20E
343
20E
344
20E
345
0
346
0
347
0
  0
DIMSTYLE
105
22C
102
{ACAD_REACTORS
330
39E
330
39F
330
3A0
330
3A1
330
3A2
330
3A3
330
3A4
330
3A5
330
3A6
330
3A7
330
3A8
330
3AA
330
3AB
330
3AC
330
3AD
330
3AE
330
3AF
330
3B0
330
3B1
330
3B2
102
}
330
A
100
AcDbSymbolTableRecord
100
AcDbDimStyleTableRecord
  2
DIMSTYLE_4
 70
     0
 41
0.1875
 42
0.0625
 43
0.38
 44
0.125
 49
1.0
 50
45.0
 70
     0
 73
     1
 74
     1
 78
     8
 79
     2
140
3.2
141
0.09
143
25.4
144
1.0
146
1.0
147
1.6
171
     1
176
-1056964608
177
-1056964608
178
-1056964608
179
     2
271
     2
272
     2
273
     2
274
     2
277
     2
278
    46
283
     1
284
     8
289
     3
340
11
294
     0
371
    -2
372
    -2
341
20E
342
20E
343
20E
344
20E
345
0
346
0
347
0
  0
DIMSTYLE
105
22D
102
{ACAD_REACTORS
330
3A9
102
}
330
A
100
AcDbSymbolTableRecord
100
AcDbDimStyleTableRecord
  2
DIMSTYLE_5
 70
     0
  3
<>
 41
0.1875
 42
0.0625
 43
0.38
 44
0.125
 49
1.0
 50
45.0
 70
     0
 73
     1
 74
     1
 78
     8
 79
     2
140
3.2
141
0.09
143
25.4
144
1.0
146
1.0
147
0.625
171
     1
176
-1056964608
177
-1056964608
178
-1056964608
179
     2
271
     2
272
     2
273
     2
274
     2
277
     2
278
    46
283
     1
284
     8
288
     1
289
     1
340
11
294
     0
371
    -2
372
    -2
341
20E
342
20E
343
20E
344
20E
345
0
346
0
347
0
  0
ENDTAB
  0
TABLE
  2
BLOCK_RECORD
  5
1
330
0
100
AcDbSymbolTable
 70
    26
  0
BLOCK_RECORD
  5
20C
330
1
100
AcDbSymbolTableRecord
100
AcDbBlockTableRecord
  2
*Model_Space
340
DFA
310

 70
     0
280
     1
281
     0
  0
BLOCK_RECORD
  5
20D
330
1
100
AcDbSymbolTableRecord
100
AcDbBlockTableRecord
  2
*Paper_Space
340
DFB
310

 70
     0
280
     1
281
     0
  0
BLOCK_RECORD
  5
20E
330
1
100
AcDbSymbolTableRecord
100
AcDbBlockTableRecord
  2
_FILLED
340
0
310

102
{BLKREFS
331
234
331
23C
331
23D
331
245
331
246
331
250
331
251
331
25B
331
25C
331
266
331
267
331
271
331
272
331
27B
331
27C
331
284
331
285
331
28D
331
28E
331
298
331
299
331
2A1
331
2A2
331
2AB
331
2AC
331
2B6
331
2B7
331
2C0
331
2C1
331
2C6
331
2D0
331
2D1
331
2D9
331
2DA
331
2E2
331
2E3
331
2ED
331
2EE
331
2F6
331
2F7
331
2FF
331
300
331
308
331
309
331
312
331
313
331
31D
331
31E
102
}
 70
     0
280
     1
281
     0
  0
BLOCK_RECORD
  5
20F
330
1
100
AcDbSymbolTableRecord
100
AcDbBlockTableRecord
  2
*D1
340
0
310

 70
     0
280
     1
281
     0
  0
BLOCK_RECORD
  5
210
330
1
100
AcDbSymbolTableRecord
100
AcDbBlockTableRecord
  2
*D2
340
0
310

 70
     0
280
     1
281
     0
  0
BLOCK_RECORD
  5
211
330
1
100
AcDbSymbolTableRecord
100
AcDbBlockTableRecord
  2
*D3
340
0
310

 70
     0
280
     1
281
     0
  0
BLOCK_RECORD
  5
212
330
1
100
AcDbSymbolTableRecord
100
AcDbBlockTableRecord
  2
*D4
340
0
310

 70
     0
280
     1
281
     0
  0
BLOCK_RECORD
  5
213
330
1
100
AcDbSymbolTableRecord
100
AcDbBlockTableRecord
  2
*D5
340
0
310

 70
     0
280
     1
281
     0
  0
BLOCK_RECORD
  5
214
330
1
100
AcDbSymbolTableRecord
100
AcDbBlockTableRecord
  2
*D6
340
0
310

 70
     0
280
     1
281
     0
  0
BLOCK_RECORD
  5
215
330
1
100
AcDbSymbolTableRecord
100
AcDbBlockTableRecord
  2
*D7
340
0
310

 70
     0
280
     1
281
     0
  0
BLOCK_RECORD
  5
216
330
1
100
AcDbSymbolTableRecord
100
AcDbBlockTableRecord
  2
*D8
340
0
310

 70
     0
280
     1
281
     0
  0
BLOCK_RECORD
  5
217
330
1
100
AcDbSymbolTableRecord
100
AcDbBlockTableRecord
  2
*D9
340
0
310

 70
     0
280
     1
281
     0
  0
BLOCK_RECORD
  5
218
330
1
100
AcDbSymbolTableRecord
100
AcDbBlockTableRecord
  2
*D10
340
0
310

 70
     0
280
     1
281
     0
  0
BLOCK_RECORD
  5
219
330
1
100
AcDbSymbolTableRecord
100
AcDbBlockTableRecord
  2
*D11
340
0
310

 70
     0
280
     1
281
     0
  0
BLOCK_RECORD
  5
21A
330
1
100
AcDbSymbolTableRecord
100
AcDbBlockTableRecord
  2
*D12
340
0
310

 70
     0
280
     1
281
     0
  0
BLOCK_RECORD
  5
21B
330
1
100
AcDbSymbolTableRecord
100
AcDbBlockTableRecord
  2
*D13
340
0
310

 70
     0
280
     1
281
     0
  0
BLOCK_RECORD
  5
21C
330
1
100
AcDbSymbolTableRecord
100
AcDbBlockTableRecord
  2
*D14
340
0
310

 70
     0
280
     1
281
     0
  0
BLOCK_RECORD
  5
21D
330
1
100
AcDbSymbolTableRecord
100
AcDbBlockTableRecord
  2
*D15
340
0
310

 70
     0
280
     1
281
     0
  0
BLOCK_RECORD
  5
21E
330
1
100
AcDbSymbolTableRecord
100
AcDbBlockTableRecord
  2
*D16
340
0
310

 70
     0
280
     1
281
     0
  0
BLOCK_RECORD
  5
21F
330
1
100
AcDbSymbolTableRecord
100
AcDbBlockTableRecord
  2
*D17
340
0
310

 70
     0
280
     1
281
     0
  0
BLOCK_RECORD
  5
220
330
1
100
AcDbSymbolTableRecord
100
AcDbBlockTableRecord
  2
*D18
340
0
310

 70
     0
280
     1
281
     0
  0
BLOCK_RECORD
  5
221
330
1
100
AcDbSymbolTableRecord
100
AcDbBlockTableRecord
  2
*D19
340
0
310

 70
     0
280
     1
281
     0
  0
BLOCK_RECORD
  5
222
330
1
100
AcDbSymbolTableRecord
100
AcDbBlockTableRecord
  2
*D20
340
0
310

 70
     0
280
     1
281
     0
  0
BLOCK_RECORD
  5
223
330
1
100
AcDbSymbolTableRecord
100
AcDbBlockTableRecord
  2
*D21
340
0
310

 70
     0
280
     1
281
     0
  0
BLOCK_RECORD
  5
224
330
1
100
AcDbSymbolTableRecord
100
AcDbBlockTableRecord
  2
*D22
340
0
310

 70
     0
280
     1
281
     0
  0
BLOCK_RECORD
  5
225
330
1
100
AcDbSymbolTableRecord
100
AcDbBlockTableRecord
  2
*D23
340
0
310

 70
     0
280
     1
281
     0
  0
BLOCK_RECORD
  5
226
330
1
100
AcDbSymbolTableRecord
100
AcDbBlockTableRecord
  2
*D24
340
0
310

 70
     0
280
     1
281
     0
  0
BLOCK_RECORD
  5
227
330
1
100
AcDbSymbolTableRecord
100
AcDbBlockTableRecord
  2
*D25
340
0
310

 70
     0
280
     1
281
     0
  0
ENDTAB
  0
ENDSEC
  0
SECTION
  2
BLOCKS
  0
BLOCK
  5
20
330
20C
100
AcDbEntity
  8
0
390
DFF
100
AcDbBlockBegin
  2
*Model_Space
 70
     0
 10
0.0
 20
0.0
 30
0.0
  3
*Model_Space
  1

  0
ENDBLK
  5
21
330
20C
100
AcDbEntity
  8
0
390
DFF
100
AcDbBlockEnd
  0
BLOCK
  5
1C
330
20D
100
AcDbEntity
 67
     1
  8
0
390
DFF
100
AcDbBlockBegin
  2
*Paper_Space
 70
     0
 10
0.0
 20
0.0
 30
0.0
  3
*Paper_Space
  1

  0
ENDBLK
  5
1D
330
20D
100
AcDbEntity
 67
     1
  8
0
390
DFF
100
AcDbBlockEnd
  0
BLOCK
  5
22E
330
20E
100
AcDbEntity
  8
0
390
DFF
100
AcDbBlockBegin
  2
_FILLED
 70
     0
 10
0.0
 20
0.0
 30
0.0
  3
_FILLED
  1

  0
SOLID
  5
22F
330
20E
100
AcDbEntity
  8
0
  6
ByBlock
390
DFF
 62
     0
100
AcDbTrace
 38
0.0
 10
0.0
 20
0.0
 11
-1.0
 21
0.1666666667
 12
-1.0
 22
-0.1666666667
 13
-1.0
 23
-0.1666666667
  0
ENDBLK
  5
230
330
20E
100
AcDbEntity
  8
0
  6
ByBlock
390
DFF
 62
     0
100
AcDbBlockEnd
  0
BLOCK
  5
231
330
20F
100
AcDbEntity
  8
dim
  6
Continuous
390
DFF
 62
    82
420
  3394560
100
AcDbBlockBegin
  2
*D1
 70
     1
 10
0.0
 20
0.0
 30
0.0
  3
*D1
  1

  0
MTEXT
  5
232
330
20F
100
AcDbEntity
  8
dim
  6
Continuous
390
DFF
 62
    82
420
        0
100
AcDbMText
 10
399.7483764151
 20
112.9331705619
 30
0.0
210
0.0
220
0.0
230
1.0
 11
1.0
 21
0.0
 31
0.0
 40
2.5
 41
13.4230769231
 46
0.0
 71
     2
 72
     1
  1
⌀\ftxt;{\W0.8;1.1}
  7
TEXTSTYLE_2
 73
     2
 44
0.9
101
Embedded Object
 70
     1
 10
399.7483764151
 20
112.9331705619
 30
0.0
 11
1.0
 21
0.0
 31
0.0
 40
13.4230769231
 41
0.0
 42
0.0
 43
0.0
 71
     0
  0
LINE
  5
233
330
20F
100
AcDbEntity
  8
dim
  6
Continuous
390
DFF
 62
    82
420
        0
100
AcDbLine
 10
409.2668622501
 20
130.0148321514
 30
0.0
 11
401.0464701242
 21
114.1831705619
 31
0.0
  0
INSERT
  5
234
330
20F
100
AcDbEntity
  8
dim
  6
Continuous
390
DFF
 62
    82
420
        0
100
AcDbBlockReference
  2
_FILLED
 10
409.2668622501
 20
130.0148321514
 30
0.0
 41
0.1875
 42
0.1875
 43
0.1875
 50
62.55996903739999
  0
ENDBLK
  5
235
330
20F
100
AcDbEntity
  8
0
  6
ByBlock
390
DFF
 62
     0
100
AcDbBlockEnd
  0
BLOCK
  5
236
330
210
100
AcDbEntity
  8
dim
  6
Continuous
390
DFF
 62
    82
420
  3394560
100
AcDbBlockBegin
  2
*D2
 70
     1
 10
0.0
 20
0.0
 30
0.0
  3
*D2
  1

  0
MTEXT
  5
237
330
210
100
AcDbEntity
  8
dim
  6
Continuous
390
DFF
 62
    82
420
        0
100
AcDbMText
 10
199.222294761
 20
65.0820047314
 30
0.0
210
0.0
220
0.0
230
1.0
 11
1.0
 21
0.0
 31
0.0
 40
2.5
 41
4.0
 46
0.0
 71
     2
 72
     1
  1
12
  7
Standard
 73
     2
 44
0.9
101
Embedded Object
 70
     1
 10
199.222294761
 20
65.0820047314
 30
0.0
 11
1.0
 21
0.0
 31
0.0
 40
4.0
 41
0.0
 42
0.0
 43
0.0
 71
     0
  0
LINE
  5
238
330
210
100
AcDbEntity
  8
dim
  6
Continuous
390
DFF
 62
    82
420
        0
100
AcDbLine
 10
193.8688364476
 20
57.8320047314
 30
0.0
 11
199.347294761
 21
57.8320047314
 31
0.0
  0
LINE
  5
239
330
210
100
AcDbEntity
  8
dim
  6
Continuous
390
DFF
 62
    82
420
        0
100
AcDbLine
 10
192.8189724853
 20
69.8320047314
 30
0.0
 11
199.347294761
 21
69.8320047314
 31
0.0
  0
LINE
  5
23A
330
210
100
AcDbEntity
  8
dim
  6
Continuous
390
DFF
 62
    82
420
        0
100
AcDbLine
 10
199.222294761
 20
57.8320047314
 30
0.0
 11
199.222294761
 21
61.3320047314
 31
0.0
  0
LINE
  5
23B
330
210
100
AcDbEntity
  8
dim
  6
Continuous
390
DFF
 62
    82
420
        0
100
AcDbLine
 10
199.222294761
 20
69.8320047314
 30
0.0
 11
199.222294761
 21
66.3320047314
 31
0.0
  0
INSERT
  5
23C
330
210
100
AcDbEntity
  8
dim
  6
Continuous
390
DFF
 62
    82
420
        0
100
AcDbBlockReference
  2
_FILLED
 10
199.222294761
 20
57.8320047314
 30
0.0
 41
0.1875
 42
0.1875
 43
0.1875
 50
270.0
  0
INSERT
  5
23D
330
210
100
AcDbEntity
  8
dim
  6
Continuous
390
DFF
 62
    82
420
        0
100
AcDbBlockReference
  2
_FILLED
 10
199.222294761
 20
69.8320047314
 30
0.0
 41
0.1875
 42
0.1875
 43
0.1875
 50
90.0
  0
ENDBLK
  5
23E
330
210
100
AcDbEntity
  8
0
  6
ByBlock
390
DFF
 62
     0
100
AcDbBlockEnd
  0
BLOCK
  5
23F
330
211
100
AcDbEntity
  8
dim
  6
Continuous
390
DFF
 62
    82
420
  3394560
100
AcDbBlockBegin
  2
*D3
 70
     1
 10
0.0
 20
0.0
 30
0.0
  3
*D3
  1

  0
MTEXT
  5
240
330
211
100
AcDbEntity
  8
dim
  6
Continuous
390
DFF
 62
    82
420
        0
100
AcDbMText
 10
336.9535720151
 20
92.3594226103
 30
0.0
210
0.0
220
0.0
230
1.0
 11
1.0
 21
0.0
 31
0.0
 40
2.5
 41
21.8864468864
 46
0.0
 71
     2
 72
     1
  1
159.8\fSymbol_ASME;±\ftxt;0.1
  7
TEXTSTYLE_3
 73
     2
 44
0.9
101
Embedded Object
 70
     1
 10
336.9535720151
 20
92.3594226103
 30
0.0
 11
1.0
 21
0.0
 31
0.0
 40
21.8864468864
 41
0.0
 42
0.0
 43
0.0
 71
     0
  0
LINE
  5
241
330
211
100
AcDbEntity
  8
dim
  6
Continuous
390
DFF
 62
    82
420
        0
100
AcDbLine
 10
257.1203132304
 20
123.0404536532
 30
0.0
 11
257.1203132304
 21
90.9844226103
 31
0.0
  0
LINE
  5
242
330
211
100
AcDbEntity
  8
dim
  6
Continuous
390
DFF
 62
    82
420
        0
100
AcDbLine
 10
416.9203132304
 20
123.0404536532
 30
0.0
 11
416.9203132304
 21
90.9844226103
 31
0.0
  0
LINE
  5
243
330
211
100
AcDbEntity
  8
dim
  6
Continuous
390
DFF
 62
    82
420
        0
100
AcDbLine
 10
257.1203132304
 20
91.1094226103
 30
0.0
 11
324.7603485719
 21
91.1094226103
 31
0.0
  0
LINE
  5
244
330
211
100
AcDbEntity
  8
dim
  6
Continuous
390
DFF
 62
    82
420
        0
100
AcDbLine
 10
416.9203132304
 20
91.1094226103
 30
0.0
 11
349.1467954583999
 21
91.1094226103
 31
0.0
  0
INSERT
  5
245
330
211
100
AcDbEntity
  8
dim
  6
Continuous
390
DFF
 62
    82
420
        0
100
AcDbBlockReference
  2
_FILLED
 10
257.1203132304
 20
91.1094226103
 30
0.0
 41
0.1875
 42
0.1875
 43
0.1875
 50
180.0
  0
INSERT
  5
246
330
211
100
AcDbEntity
  8
dim
  6
Continuous
390
DFF
 62
    82
420
        0
100
AcDbBlockReference
  2
_FILLED
 10
416.9203132304
 20
91.1094226103
 30
0.0
 41
0.1875
 42
0.1875
 43
0.1875
  0
ENDBLK
  5
247
330
211
100
AcDbEntity
  8
0
  6
ByBlock
390
DFF
 62
     0
100
AcDbBlockEnd
  0
BLOCK
  5
248
330
212
100
AcDbEntity
  8
dim
  6
Continuous
390
DFF
 62
    82
420
  3394560
100
AcDbBlockBegin
  2
*D4
 70
     1
 10
0.0
 20
0.0
 30
0.0
  3
*D4
  1

  0
MTEXT
  5
249
330
212
100
AcDbEntity
  8
dim
  6
Continuous
390
DFF
 62
    82
420
        0
100
AcDbMText
 10
244.7621030371
 20
204.4990632746
 30
0.0
210
0.0
220
0.0
230
1.0
 11
1.0
 21
0.0
 31
0.0
 40
2.5
 41
21.8864468864
 46
0.0
 71
     2
 72
     1
  1
159.8\fSymbol_ASME;±\ftxt;0.1
  7
TEXTSTYLE_3
 73
     2
 44
0.9
101
Embedded Object
 70
     1
 10
244.7621030371
 20
204.4990632746
 30
0.0
 11
1.0
 21
0.0
 31
0.0
 40
21.8864468864
 41
0.0
 42
0.0
 43
0.0
 71
     0
  0
LINE
  5
24A
330
212
100
AcDbEntity
  8
dim
  6
Continuous
390
DFF
 62
    82
420
        0
100
AcDbLine
 10
257.0578132304
 20
123.1029536532
 30
0.0
 11
255.7053264803
 21
123.1029536532
 31
0.0
  0
LINE
  5
24B
330
212
100
AcDbEntity
  8
dim
  6
Continuous
390
DFF
 62
    82
420
        0
100
AcDbLine
 10
255.7053264803
 20
123.1029536532
 30
0.0
 11
244.6371030371
 21
123.1029536532
 31
0.0
  0
LINE
  5
24C
330
212
100
AcDbEntity
  8
dim
  6
Continuous
390
DFF
 62
    82
420
        0
100
AcDbLine
 10
257.0578132304
 20
282.9029536532
 30
0.0
 11
255.7053264803
 21
282.9029536532
 31
0.0
  0
LINE
  5
24D
330
212
100
AcDbEntity
  8
dim
  6
Continuous
390
DFF
 62
    82
420
        0
100
AcDbLine
 10
255.7053264803
 20
282.9029536532
 30
0.0
 11
244.6371030371
 21
282.9029536532
 31
0.0
  0
LINE
  5
24E
330
212
100
AcDbEntity
  8
dim
  6
Continuous
390
DFF
 62
    82
420
        0
100
AcDbLine
 10
244.7621030371
 20
123.1029536532
 30
0.0
 11
244.7621030371
 21
200.7490632746
 31
0.0
  0
LINE
  5
24F
330
212
100
AcDbEntity
  8
dim
  6
Continuous
390
DFF
 62
    82
420
        0
100
AcDbLine
 10
244.7621030371
 20
282.9029536532
 30
0.0
 11
244.7621030371
 21
205.7490632746
 31
0.0
  0
INSERT
  5
250
330
212
100
AcDbEntity
  8
dim
  6
Continuous
390
DFF
 62
    82
420
        0
100
AcDbBlockReference
  2
_FILLED
 10
244.7621030371
 20
123.1029536532
 30
0.0
 41
0.1875
 42
0.1875
 43
0.1875
 50
270.0
  0
INSERT
  5
251
330
212
100
AcDbEntity
  8
dim
  6
Continuous
390
DFF
 62
    82
420
        0
100
AcDbBlockReference
  2
_FILLED
 10
244.7621030371
 20
282.9029536532
 30
0.0
 41
0.1875
 42
0.1875
 43
0.1875
 50
90.0
  0
ENDBLK
  5
252
330
212
100
AcDbEntity
  8
0
  6
ByBlock
390
DFF
 62
     0
100
AcDbBlockEnd
  0
BLOCK
  5
253
330
213
100
AcDbEntity
  8
dim
  6
Continuous
390
DFF
 62
    82
420
  3394560
100
AcDbBlockBegin
  2
*D5
 70
     1
 10
0.0
 20
0.0
 30
0.0
  3
*D5
  1

  0
MTEXT
  5
254
330
213
100
AcDbEntity
  8
dim
  6
Continuous
390
DFF
 62
    82
420
        0
100
AcDbMText
 10
113.9063364476
 20
291.9268051573
 30
0.0
210
0.0
220
0.0
230
1.0
 11
1.0
 21
0.0
 31
0.0
 40
3.2
 41
5.12
 46
0.0
 71
     2
 72
     1
  1
90
  7
Standard
 73
     2
 44
0.9
101
Embedded Object
 70
     1
 10
113.9063364476
 20
291.9268051573
 30
0.0
 11
1.0
 21
0.0
 31
0.0
 40
5.12
 41
0.0
 42
0.0
 43
0.0
 71
     0
  0
LINE
  5
255
330
213
100
AcDbEntity
  8
dim
  6
Continuous
390
DFF
 62
    82
420
        0
100
AcDbLine
 10
68.9063364476
 20
276.0654536532
 30
0.0
 11
68.9063364476
 21
288.7268051573
 31
0.0
  0
LINE
  5
256
330
213
100
AcDbEntity
  8
dim
  6
Continuous
390
DFF
 62
    82
420
        0
100
AcDbLine
 10
68.9063364476
 20
288.7268051573
 30
0.0
 11
68.9063364476
 21
290.4518051573
 31
0.0
  0
LINE
  5
257
330
213
100
AcDbEntity
  8
dim
  6
Continuous
390
DFF
 62
    82
420
        0
100
AcDbLine
 10
158.9063364476
 20
276.0654536532
 30
0.0
 11
158.9063364476
 21
288.7268051573
 31
0.0
  0
LINE
  5
258
330
213
100
AcDbEntity
  8
dim
  6
Continuous
390
DFF
 62
    82
420
        0
100
AcDbLine
 10
158.9063364476
 20
288.7268051573
 30
0.0
 11
158.9063364476
 21
290.4518051573
 31
0.0
  0
LINE
  5
259
330
213
100
AcDbEntity
  8
dim
  6
Continuous
390
DFF
 62
    82
420
        0
100
AcDbLine
 10
68.9063364476
 20
290.3268051573
 30
0.0
 11
109.7463364476
 21
290.3268051573
 31
0.0
  0
LINE
  5
25A
330
213
100
AcDbEntity
  8
dim
  6
Continuous
390
DFF
 62
    82
420
        0
100
AcDbLine
 10
158.9063364476
 20
290.3268051573
 30
0.0
 11
118.0663364476
 21
290.3268051573
 31
0.0
  0
INSERT
  5
25B
330
213
100
AcDbEntity
  8
dim
  6
Continuous
390
DFF
 62
    82
420
        0
100
AcDbBlockReference
  2
_FILLED
 10
68.9063364476
 20
290.3268051573
 30
0.0
 41
0.1875
 42
0.1875
 43
0.1875
 50
180.0
  0
INSERT
  5
25C
330
213
100
AcDbEntity
  8
dim
  6
Continuous
390
DFF
 62
    82
420
        0
100
AcDbBlockReference
  2
_FILLED
 10
158.9063364476
 20
290.3268051573
 30
0.0
 41
0.1875
 42
0.1875
 43
0.1875
  0
ENDBLK
  5
25D
330
213
100
AcDbEntity
  8
0
  6
ByBlock
390
DFF
 62
     0
100
AcDbBlockEnd
  0
BLOCK
  5
25E
330
214
100
AcDbEntity
  8
dim
  6
Continuous
390
DFF
 62
    82
420
  3394560
100
AcDbBlockBegin
  2
*D6
 70
     1
 10
0.0
 20
0.0
 30
0.0
  3
*D6
  1

  0
MTEXT
  5
25F
330
214
100
AcDbEntity
  8
dim
  6
Continuous
390
DFF
 62
    82
420
        0
100
AcDbMText
 10
29.621598586
 20
204.6029536532
 30
0.0
210
0.0
220
0.0
230
1.0
 11
1.0
 21
0.0
 31
0.0
 40
3.2
 41
5.12
 46
0.0
 71
     2
 72
     1
  1
90
  7
Standard
 73
     2
 44
0.9
101
Embedded Object
 70
     1
 10
29.621598586
 20
204.6029536532
 30
0.0
 11
1.0
 21
0.0
 31
0.0
 40
5.12
 41
0.0
 42
0.0
 43
0.0
 71
     0
  0
LINE
  5
260
330
214
100
AcDbEntity
  8
dim
  6
Continuous
390
DFF
 62
    82
420
        0
100
AcDbLine
 10
40.8438364476
 20
248.0029536532
 30
0.0
 11
32.181598586
 21
248.0029536532
 31
0.0
  0
LINE
  5
261
330
214
100
AcDbEntity
  8
dim
  6
Continuous
390
DFF
 62
    82
420
        0
100
AcDbLine
 10
32.181598586
 20
248.0029536532
 30
0.0
 11
29.496598586
 21
248.0029536532
 31
0.0
  0
LINE
  5
262
330
214
100
AcDbEntity
  8
dim
  6
Continuous
390
DFF
 62
    82
420
        0
100
AcDbLine
 10
40.8438364476
 20
158.0029536532
 30
0.0
 11
32.181598586
 21
158.0029536532
 31
0.0
  0
LINE
  5
263
330
214
100
AcDbEntity
  8
dim
  6
Continuous
390
DFF
 62
    82
420
        0
100
AcDbLine
 10
32.181598586
 20
158.0029536532
 30
0.0
 11
29.496598586
 21
158.0029536532
 31
0.0
  0
LINE
  5
264
330
214
100
AcDbEntity
  8
dim
  6
Continuous
390
DFF
 62
    82
420
        0
100
AcDbLine
 10
29.621598586
 20
248.0029536532
 30
0.0
 11
29.621598586
 21
206.2029536532
 31
0.0
  0
LINE
  5
265
330
214
100
AcDbEntity
  8
dim
  6
Continuous
390
DFF
 62
    82
420
        0
100
AcDbLine
 10
29.621598586
 20
158.0029536532
 30
0.0
 11
29.621598586
 21
199.8029536532
 31
0.0
  0
INSERT
  5
266
330
214
100
AcDbEntity
  8
dim
  6
Continuous
390
DFF
 62
    82
420
        0
100
AcDbBlockReference
  2
_FILLED
 10
29.621598586
 20
248.0029536532
 30
0.0
 41
0.1875
 42
0.1875
 43
0.1875
 50
90.0
  0
INSERT
  5
267
330
214
100
AcDbEntity
  8
dim
  6
Continuous
390
DFF
 62
    82
420
        0
100
AcDbBlockReference
  2
_FILLED
 10
29.621598586
 20
158.0029536532
 30
0.0
 41
0.1875
 42
0.1875
 43
0.1875
 50
270.0
  0
ENDBLK
  5
268
330
214
100
AcDbEntity
  8
0
  6
ByBlock
390
DFF
 62
     0
100
AcDbBlockEnd
  0
BLOCK
  5
269
330
215
100
AcDbEntity
  8
dim
  6
Continuous
390
DFF
 62
    82
420
  3394560
100
AcDbBlockBegin
  2
*D7
 70
     1
 10
0.0
 20
0.0
 30
0.0
  3
*D7
  1

  0
MTEXT
  5
26A
330
215
100
AcDbEntity
  8
dim
  6
Continuous
390
DFF
 62
    82
420
        0
100
AcDbMText
 10
21.4057503201
 20
204.6029536532
 30
0.0
210
0.0
220
0.0
230
1.0
 11
1.0
 21
0.0
 31
0.0
 40
3.2
 41
7.68
 46
0.0
 71
     2
 72
     1
  1
146
  7
Standard
 73
     2
 44
0.9
101
Embedded Object
 70
     1
 10
21.4057503201
 20
204.6029536532
 30
0.0
 11
1.0
 21
0.0
 31
0.0
 40
7.68
 41
0.0
 42
0.0
 43
0.0
 71
     0
  0
LINE
  5
26B
330
215
100
AcDbEntity
  8
dim
  6
Continuous
390
DFF
 62
    82
420
        0
100
AcDbLine
 10
68.8438364476
 20
276.0029536532
 30
0.0
 11
25.2457503201
 21
276.0029536532
 31
0.0
  0
LINE
  5
26C
330
215
100
AcDbEntity
  8
dim
  6
Continuous
390
DFF
 62
    82
420
        0
100
AcDbLine
 10
25.2457503201
 20
276.0029536532
 30
0.0
 11
21.2807503201
 21
276.0029536532
 31
0.0
  0
LINE
  5
26D
330
215
100
AcDbEntity
  8
dim
  6
Continuous
390
DFF
 62
    82
420
        0
100
AcDbLine
 10
68.8438364476
 20
130.0029536532
 30
0.0
 11
25.2457503201
 21
130.0029536532
 31
0.0
  0
LINE
  5
26E
330
215
100
AcDbEntity
  8
dim
  6
Continuous
390
DFF
 62
    82
420
        0
100
AcDbLine
 10
25.2457503201
 20
130.0029536532
 30
0.0
 11
21.2807503201
 21
130.0029536532
 31
0.0
  0
LINE
  5
26F
330
215
100
AcDbEntity
  8
dim
  6
Continuous
390
DFF
 62
    82
420
        0
100
AcDbLine
 10
21.4057503201
 20
276.0029536532
 30
0.0
 11
21.4057503201
 21
206.2029536532
 31
0.0
  0
LINE
  5
270
330
215
100
AcDbEntity
  8
dim
  6
Continuous
390
DFF
 62
    82
420
        0
100
AcDbLine
 10
21.4057503201
 20
130.0029536532
 30
0.0
 11
21.4057503201
 21
199.8029536532
 31
0.0
  0
INSERT
  5
271
330
215
100
AcDbEntity
  8
dim
  6
Continuous
390
DFF
 62
    82
420
        0
100
AcDbBlockReference
  2
_FILLED
 10
21.4057503201
 20
276.0029536532
 30
0.0
 41
0.1875
 42
0.1875
 43
0.1875
 50
90.0
  0
INSERT
  5
272
330
215
100
AcDbEntity
  8
dim
  6
Continuous
390
DFF
 62
    82
420
        0
100
AcDbBlockReference
  2
_FILLED
 10
21.4057503201
 20
130.0029536532
 30
0.0
 41
0.1875
 42
0.1875
 43
0.1875
 50
270.0
  0
ENDBLK
  5
273
330
215
100
AcDbEntity
  8
0
  6
ByBlock
390
DFF
 62
     0
100
AcDbBlockEnd
  0
BLOCK
  5
274
330
216
100
AcDbEntity
  8
dim
  6
Continuous
390
DFF
 62
    82
420
  3394560
100
AcDbBlockBegin
  2
*D8
 70
     1
 10
0.0
 20
0.0
 30
0.0
  3
*D8
  1

  0
MTEXT
  5
275
330
216
100
AcDbEntity
  8
dim
  6
Continuous
390
DFF
 62
    82
420
        0
100
AcDbMText
 10
151.4063364476
 20
158.3594431185
 30
0.0
210
0.0
220
0.0
230
1.0
 11
1.0
 21
0.0
 31
0.0
 40
3.2
 41
5.12
 46
0.0
 71
     2
 72
     1
  1
75
  7
Standard
 73
     2
 44
0.9
101
Embedded Object
 70
     1
 10
151.4063364476
 20
158.3594431185
 30
0.0
 11
1.0
 21
0.0
 31
0.0
 40
5.12
 41
0.0
 42
0.0
 43
0.0
 71
     0
  0
LINE
  5
276
330
216
100
AcDbEntity
  8
dim
  6
Continuous
390
DFF
 62
    82
420
        0
100
AcDbLine
 10
188.9063364476
 20
177.9404536532
 30
0.0
 11
188.9063364476
 21
156.6344431185
 31
0.0
  0
LINE
  5
277
330
216
100
AcDbEntity
  8
dim
  6
Continuous
390
DFF
 62
    82
420
        0
100
AcDbLine
 10
113.9063364476
 20
151.4888953986
 30
0.0
 11
113.9063364476
 21
155.1594431185
 31
0.0
  0
LINE
  5
278
330
216
100
AcDbEntity
  8
dim
  6
Continuous
390
DFF
 62
    82
420
        0
100
AcDbLine
 10
113.9063364476
 20
155.1594431185
 30
0.0
 11
113.9063364476
 21
156.8844431185
 31
0.0
  0
LINE
  5
279
330
216
100
AcDbEntity
  8
dim
  6
Continuous
390
DFF
 62
    82
420
        0
100
AcDbLine
 10
188.9063364476
 20
156.7594431185
 30
0.0
 11
155.5663364476
 21
156.7594431185
 31
0.0
  0
LINE
  5
27A
330
216
100
AcDbEntity
  8
dim
  6
Continuous
390
DFF
 62
    82
420
        0
100
AcDbLine
 10
113.9063364476
 20
156.7594431185
 30
0.0
 11
147.2463364476
 21
156.7594431185
 31
0.0
  0
INSERT
  5
27B
330
216
100
AcDbEntity
  8
dim
  6
Continuous
390
DFF
 62
    82
420
        0
100
AcDbBlockReference
  2
_FILLED
 10
188.9063364476
 20
156.7594431185
 30
0.0
 41
0.1875
 42
0.1875
 43
0.1875
  0
INSERT
  5
27C
330
216
100
AcDbEntity
  8
dim
  6
Continuous
390
DFF
 62
    82
420
        0
100
AcDbBlockReference
  2
_FILLED
 10
113.9063364476
 20
156.7594431185
 30
0.0
 41
0.1875
 42
0.1875
 43
0.1875
 50
180.0
  0
ENDBLK
  5
27D
330
216
100
AcDbEntity
  8
0
  6
ByBlock
390
DFF
 62
     0
100
AcDbBlockEnd
  0
BLOCK
  5
27E
330
217
100
AcDbEntity
  8
dim
  6
Continuous
390
DFF
 62
    82
420
  3394560
100
AcDbBlockBegin
  2
*D9
 70
     1
 10
0.0
 20
0.0
 30
0.0
  3
*D9
  1

  0
MTEXT
  5
27F
330
217
100
AcDbEntity
  8
dim
  6
Continuous
390
DFF
 62
    82
420
        0
100
AcDbMText
 10
200.1545869016
 20
192.1029536532
 30
0.0
210
0.0
220
0.0
230
1.0
 11
1.0
 21
0.0
 31
0.0
 40
3.2
 41
5.12
 46
0.0
 71
     2
 72
     1
  1
25
  7
Standard
 73
     2
 44
0.9
101
Embedded Object
 70
     1
 10
200.1545869016
 20
192.1029536532
 30
0.0
 11
1.0
 21
0.0
 31
0.0
 40
5.12
 41
0.0
 42
0.0
 43
0.0
 71
     0
  0
LINE
  5
280
330
217
100
AcDbEntity
  8
dim
  6
Continuous
390
DFF
 62
    82
420
        0
100
AcDbLine
 10
188.9688364476
 20
178.0029536532
 30
0.0
 11
200.2795869016
 21
178.0029536532
 31
0.0
  0
LINE
  5
281
330
217
100
AcDbEntity
  8
dim
  6
Continuous
390
DFF
 62
    82
420
        0
100
AcDbLine
 10
176.0047805845
 20
203.0029536532
 30
0.0
 11
200.2795869016
 21
203.0029536532
 31
0.0
  0
LINE
  5
282
330
217
100
AcDbEntity
  8
dim
  6
Continuous
390
DFF
 62
    82
420
        0
100
AcDbLine
 10
200.1545869016
 20
178.0029536532
 30
0.0
 11
200.1545869016
 21
187.3029536532
 31
0.0
  0
LINE
  5
283
330
217
100
AcDbEntity
  8
dim
  6
Continuous
390
DFF
 62
    82
420
        0
100
AcDbLine
 10
200.1545869016
 20
203.0029536532
 30
0.0
 11
200.1545869016
 21
193.7029536532
 31
0.0
  0
INSERT
  5
284
330
217
100
AcDbEntity
  8
dim
  6
Continuous
390
DFF
 62
    82
420
        0
100
AcDbBlockReference
  2
_FILLED
 10
200.1545869016
 20
178.0029536532
 30
0.0
 41
0.1875
 42
0.1875
 43
0.1875
 50
270.0
  0
INSERT
  5
285
330
217
100
AcDbEntity
  8
dim
  6
Continuous
390
DFF
 62
    82
420
        0
100
AcDbBlockReference
  2
_FILLED
 10
200.1545869016
 20
203.0029536532
 30
0.0
 41
0.1875
 42
0.1875
 43
0.1875
 50
90.0
  0
ENDBLK
  5
286
330
217
100
AcDbEntity
  8
0
  6
ByBlock
390
DFF
 62
     0
100
AcDbBlockEnd
  0
BLOCK
  5
287
330
218
100
AcDbEntity
  8
dim
  6
Continuous
390
DFF
 62
    82
420
  3394560
100
AcDbBlockBegin
  2
*D10
 70
     1
 10
0.0
 20
0.0
 30
0.0
  3
*D10
  1

  0
MTEXT
  5
288
330
218
100
AcDbEntity
  8
dim
  6
Continuous
390
DFF
 62
    82
420
        0
100
AcDbMText
 10
101.4063364476
 20
116.3785247383
 30
0.0
210
0.0
220
0.0
230
1.0
 11
1.0
 21
0.0
 31
0.0
 40
3.2
 41
5.12
 46
0.0
 71
     2
 72
     1
  1
25
  7
Standard
 73
     2
 44
0.9
101
Embedded Object
 70
     1
 10
101.4063364476
 20
116.3785247383
 30
0.0
 11
1.0
 21
0.0
 31
0.0
 40
5.12
 41
0.0
 42
0.0
 43
0.0
 71
     0
  0
LINE
  5
289
330
218
100
AcDbEntity
  8
dim
  6
Continuous
390
DFF
 62
    82
420
        0
100
AcDbLine
 10
88.9063364476
 20
127.9404536532
 30
0.0
 11
88.9063364476
 21
114.6535247383
 31
0.0
  0
LINE
  5
28A
330
218
100
AcDbEntity
  8
dim
  6
Continuous
390
DFF
 62
    82
420
        0
100
AcDbLine
 10
113.9063364476
 20
141.2042931409
 30
0.0
 11
113.9063364476
 21
114.6535247383
 31
0.0
  0
LINE
  5
28B
330
218
100
AcDbEntity
  8
dim
  6
Continuous
390
DFF
 62
    82
420
        0
100
AcDbLine
 10
88.9063364476
 20
114.7785247383
 30
0.0
 11
97.2463364476
 21
114.7785247383
 31
0.0
  0
LINE
  5
28C
330
218
100
AcDbEntity
  8
dim
  6
Continuous
390
DFF
 62
    82
420
        0
100
AcDbLine
 10
113.9063364476
 20
114.7785247383
 30
0.0
 11
105.5663364476
 21
114.7785247383
 31
0.0
  0
INSERT
  5
28D
330
218
100
AcDbEntity
  8
dim
  6
Continuous
390
DFF
 62
    82
420
        0
100
AcDbBlockReference
  2
_FILLED
 10
88.9063364476
 20
114.7785247383
 30
0.0
 41
0.1875
 42
0.1875
 43
0.1875
 50
180.0
  0
INSERT
  5
28E
330
218
100
AcDbEntity
  8
dim
  6
Continuous
390
DFF
 62
    82
420
        0
100
AcDbBlockReference
  2
_FILLED
 10
113.9063364476
 20
114.7785247383
 30
0.0
 41
0.1875
 42
0.1875
 43
0.1875
  0
ENDBLK
  5
28F
330
218
100
AcDbEntity
  8
0
  6
ByBlock
390
DFF
 62
     0
100
AcDbBlockEnd
  0
BLOCK
  5
290
330
219
100
AcDbEntity
  8
dim
  6
Continuous
390
DFF
 62
    82
420
  3394560
100
AcDbBlockBegin
  2
*D11
 70
     1
 10
0.0
 20
0.0
 30
0.0
  3
*D11
  1

  0
MTEXT
  5
291
330
219
100
AcDbEntity
  8
dim
  6
Continuous
390
DFF
 62
    82
420
        0
100
AcDbMText
 10
76.49444728020001
 20
167.1029536532
 30
0.0
210
0.0
220
0.0
230
1.0
 11
1.0
 21
0.0
 31
0.0
 40
3.2
 41
5.12
 46
0.0
 71
     2
 72
     1
  1
75
  7
Standard
 73
     2
 44
0.9
101
Embedded Object
 70
     1
 10
76.49444728020001
 20
167.1029536532
 30
0.0
 11
1.0
 21
0.0
 31
0.0
 40
5.12
 41
0.0
 42
0.0
 43
0.0
 71
     0
  0
LINE
  5
292
330
219
100
AcDbEntity
  8
dim
  6
Continuous
390
DFF
 62
    82
420
        0
100
AcDbLine
 10
88.8438364476
 20
128.0029536532
 30
0.0
 11
79.05444728020001
 21
128.0029536532
 31
0.0
  0
LINE
  5
293
330
219
100
AcDbEntity
  8
dim
  6
Continuous
390
DFF
 62
    82
420
        0
100
AcDbLine
 10
79.05444728020001
 20
128.0029536532
 30
0.0
 11
76.36944728020001
 21
128.0029536532
 31
0.0
  0
LINE
  5
294
330
219
100
AcDbEntity
  8
dim
  6
Continuous
390
DFF
 62
    82
420
        0
100
AcDbLine
 10
106.274795212
 20
203.0029536532
 30
0.0
 11
79.05444728020001
 21
203.0029536532
 31
0.0
  0
LINE
  5
295
330
219
100
AcDbEntity
  8
dim
  6
Continuous
390
DFF
 62
    82
420
        0
100
AcDbLine
 10
79.05444728020001
 20
203.0029536532
 30
0.0
 11
76.36944728020001
 21
203.0029536532
 31
0.0
  0
LINE
  5
296
330
219
100
AcDbEntity
  8
dim
  6
Continuous
390
DFF
 62
    82
420
        0
100
AcDbLine
 10
76.49444728020001
 20
128.0029536532
 30
0.0
 11
76.49444728020001
 21
162.3029536532
 31
0.0
  0
LINE
  5
297
330
219
100
AcDbEntity
  8
dim
  6
Continuous
390
DFF
 62
    82
420
        0
100
AcDbLine
 10
76.49444728020001
 20
203.0029536532
 30
0.0
 11
76.49444728020001
 21
168.7029536532
 31
0.0
  0
INSERT
  5
298
330
219
100
AcDbEntity
  8
dim
  6
Continuous
390
DFF
 62
    82
420
        0
100
AcDbBlockReference
  2
_FILLED
 10
76.49444728020001
 20
128.0029536532
 30
0.0
 41
0.1875
 42
0.1875
 43
0.1875
 50
270.0
  0
INSERT
  5
299
330
219
100
AcDbEntity
  8
dim
  6
Continuous
390
DFF
 62
    82
420
        0
100
AcDbBlockReference
  2
_FILLED
 10
76.49444728020001
 20
203.0029536532
 30
0.0
 41
0.1875
 42
0.1875
 43
0.1875
 50
90.0
  0
ENDBLK
  5
29A
330
219
100
AcDbEntity
  8
0
  6
ByBlock
390
DFF
 62
     0
100
AcDbBlockEnd
  0
BLOCK
  5
29B
330
21A
100
AcDbEntity
  8
dim
  6
Continuous
390
DFF
 62
    82
420
  3394560
100
AcDbBlockBegin
  2
*D12
 70
     1
 10
0.0
 20
0.0
 30
0.0
  3
*D12
  1

  0
MTEXT
  5
29C
330
21A
100
AcDbEntity
  8
dim
  6
Continuous
390
DFF
 62
    82
420
        0
100
AcDbMText
 10
56.03527750439999
 20
217.1029536532
 30
0.0
210
0.0
220
0.0
230
1.0
 11
1.0
 21
0.0
 31
0.0
 40
3.2
 41
5.12
 46
0.0
 71
     2
 72
     1
  1
25
  7
Standard
 73
     2
 44
0.9
101
Embedded Object
 70
     1
 10
56.03527750439999
 20
217.1029536532
 30
0.0
 11
1.0
 21
0.0
 31
0.0
 40
5.12
 41
0.0
 42
0.0
 43
0.0
 71
     0
  0
LINE
  5
29D
330
21A
100
AcDbEntity
  8
dim
  6
Continuous
390
DFF
 62
    82
420
        0
100
AcDbLine
 10
38.9688364476
 20
228.0029536532
 30
0.0
 11
56.16027750439999
 21
228.0029536532
 31
0.0
  0
LINE
  5
29E
330
21A
100
AcDbEntity
  8
dim
  6
Continuous
390
DFF
 62
    82
420
        0
100
AcDbLine
 10
54.3415575963
 20
203.0029536532
 30
0.0
 11
56.16027750439999
 21
203.0029536532
 31
0.0
  0
LINE
  5
29F
330
21A
100
AcDbEntity
  8
dim
  6
Continuous
390
DFF
 62
    82
420
        0
100
AcDbLine
 10
56.03527750439999
 20
228.0029536532
 30
0.0
 11
56.03527750439999
 21
218.7029536532
 31
0.0
  0
LINE
  5
2A0
330
21A
100
AcDbEntity
  8
dim
  6
Continuous
390
DFF
 62
    82
420
        0
100
AcDbLine
 10
56.03527750439999
 20
203.0029536532
 30
0.0
 11
56.03527750439999
 21
212.3029536532
 31
0.0
  0
INSERT
  5
2A1
330
21A
100
AcDbEntity
  8
dim
  6
Continuous
390
DFF
 62
    82
420
        0
100
AcDbBlockReference
  2
_FILLED
 10
56.03527750439999
 20
228.0029536532
 30
0.0
 41
0.1875
 42
0.1875
 43
0.1875
 50
90.0
  0
INSERT
  5
2A2
330
21A
100
AcDbEntity
  8
dim
  6
Continuous
390
DFF
 62
    82
420
        0
100
AcDbBlockReference
  2
_FILLED
 10
56.03527750439999
 20
203.0029536532
 30
0.0
 41
0.1875
 42
0.1875
 43
0.1875
 50
270.0
  0
ENDBLK
  5
2A3
330
21A
100
AcDbEntity
  8
0
  6
ByBlock
390
DFF
 62
     0
100
AcDbBlockEnd
  0
BLOCK
  5
2A4
330
21B
100
AcDbEntity
  8
dim
  6
Continuous
390
DFF
 62
    82
420
  3394560
100
AcDbBlockBegin
  2
*D13
 70
     1
 10
0.0
 20
0.0
 30
0.0
  3
*D13
  1

  0
MTEXT
  5
2A5
330
21B
100
AcDbEntity
  8
dim
  6
Continuous
390
DFF
 62
    82
420
        0
100
AcDbMText
 10
76.4063364476
 20
242.0091039369
 30
0.0
210
0.0
220
0.0
230
1.0
 11
1.0
 21
0.0
 31
0.0
 40
3.2
 41
5.12
 46
0.0
 71
     2
 72
     1
  1
75
  7
Standard
 73
     2
 44
0.9
101
Embedded Object
 70
     1
 10
76.4063364476
 20
242.0091039369
 30
0.0
 11
1.0
 21
0.0
 31
0.0
 40
5.12
 41
0.0
 42
0.0
 43
0.0
 71
     0
  0
LINE
  5
2A6
330
21B
100
AcDbEntity
  8
dim
  6
Continuous
390
DFF
 62
    82
420
        0
100
AcDbLine
 10
38.9063364476
 20
228.0654536532
 30
0.0
 11
38.9063364476
 21
238.8091039369
 31
0.0
  0
LINE
  5
2A7
330
21B
100
AcDbEntity
  8
dim
  6
Continuous
390
DFF
 62
    82
420
        0
100
AcDbLine
 10
38.9063364476
 20
238.8091039369
 30
0.0
 11
38.9063364476
 21
240.5341039369
 31
0.0
  0
LINE
  5
2A8
330
21B
100
AcDbEntity
  8
dim
  6
Continuous
390
DFF
 62
    82
420
        0
100
AcDbLine
 10
113.9063364476
 20
252.1649347928
 30
0.0
 11
113.9063364476
 21
240.2841039369
 31
0.0
  0
LINE
  5
2A9
330
21B
100
AcDbEntity
  8
dim
  6
Continuous
390
DFF
 62
    82
420
        0
100
AcDbLine
 10
38.9063364476
 20
240.4091039369
 30
0.0
 11
72.2463364476
 21
240.4091039369
 31
0.0
  0
LINE
  5
2AA
330
21B
100
AcDbEntity
  8
dim
  6
Continuous
390
DFF
 62
    82
420
        0
100
AcDbLine
 10
113.9063364476
 20
240.4091039369
 30
0.0
 11
80.56633644760001
 21
240.4091039369
 31
0.0
  0
INSERT
  5
2AB
330
21B
100
AcDbEntity
  8
dim
  6
Continuous
390
DFF
 62
    82
420
        0
100
AcDbBlockReference
  2
_FILLED
 10
38.9063364476
 20
240.4091039369
 30
0.0
 41
0.1875
 42
0.1875
 43
0.1875
 50
180.0
  0
INSERT
  5
2AC
330
21B
100
AcDbEntity
  8
dim
  6
Continuous
390
DFF
 62
    82
420
        0
100
AcDbBlockReference
  2
_FILLED
 10
113.9063364476
 20
240.4091039369
 30
0.0
 41
0.1875
 42
0.1875
 43
0.1875
  0
ENDBLK
  5
2AD
330
21B
100
AcDbEntity
  8
0
  6
ByBlock
390
DFF
 62
     0
100
AcDbBlockEnd
  0
BLOCK
  5
2AE
330
21C
100
AcDbEntity
  8
dim
  6
Continuous
390
DFF
 62
    82
420
  3394560
100
AcDbBlockBegin
  2
*D14
 70
     1
 10
0.0
 20
0.0
 30
0.0
  3
*D14
  1

  0
MTEXT
  5
2AF
330
21C
100
AcDbEntity
  8
dim
  6
Continuous
390
DFF
 62
    82
420
        0
100
AcDbMText
 10
126.4063364476
 20
287.1941903119
 30
0.0
210
0.0
220
0.0
230
1.0
 11
1.0
 21
0.0
 31
0.0
 40
3.2
 41
5.12
 46
0.0
 71
     2
 72
     1
  1
25
  7
Standard
 73
     2
 44
0.9
101
Embedded Object
 70
     1
 10
126.4063364476
 20
287.1941903119
 30
0.0
 11
1.0
 21
0.0
 31
0.0
 40
5.12
 41
0.0
 42
0.0
 43
0.0
 71
     0
  0
LINE
  5
2B0
330
21C
100
AcDbEntity
  8
dim
  6
Continuous
390
DFF
 62
    82
420
        0
100
AcDbLine
 10
138.9063364476
 20
278.0654536532
 30
0.0
 11
138.9063364476
 21
283.9941903119
 31
0.0
  0
LINE
  5
2B1
330
21C
100
AcDbEntity
  8
dim
  6
Continuous
390
DFF
 62
    82
420
        0
100
AcDbLine
 10
138.9063364476
 20
283.9941903119
 30
0.0
 11
138.9063364476
 21
285.7191903119
 31
0.0
  0
LINE
  5
2B2
330
21C
100
AcDbEntity
  8
dim
  6
Continuous
390
DFF
 62
    82
420
        0
100
AcDbLine
 10
113.9063364476
 20
263.7035085376
 30
0.0
 11
113.9063364476
 21
283.9941903119
 31
0.0
  0
LINE
  5
2B3
330
21C
100
AcDbEntity
  8
dim
  6
Continuous
390
DFF
 62
    82
420
        0
100
AcDbLine
 10
113.9063364476
 20
283.9941903119
 30
0.0
 11
113.9063364476
 21
285.7191903119
 31
0.0
  0
LINE
  5
2B4
330
21C
100
AcDbEntity
  8
dim
  6
Continuous
390
DFF
 62
    82
420
        0
100
AcDbLine
 10
138.9063364476
 20
285.5941903119
 30
0.0
 11
130.5663364476
 21
285.5941903119
 31
0.0
  0
LINE
  5
2B5
330
21C
100
AcDbEntity
  8
dim
  6
Continuous
390
DFF
 62
    82
420
        0
100
AcDbLine
 10
113.9063364476
 20
285.5941903119
 30
0.0
 11
122.2463364476
 21
285.5941903119
 31
0.0
  0
INSERT
  5
2B6
330
21C
100
AcDbEntity
  8
dim
  6
Continuous
390
DFF
 62
    82
420
        0
100
AcDbBlockReference
  2
_FILLED
 10
138.9063364476
 20
285.5941903119
 30
0.0
 41
0.1875
 42
0.1875
 43
0.1875
  0
INSERT
  5
2B7
330
21C
100
AcDbEntity
  8
dim
  6
Continuous
390
DFF
 62
    82
420
        0
100
AcDbBlockReference
  2
_FILLED
 10
113.9063364476
 20
285.5941903119
 30
0.0
 41
0.1875
 42
0.1875
 43
0.1875
 50
180.0
  0
ENDBLK
  5
2B8
330
21C
100
AcDbEntity
  8
0
  6
ByBlock
390
DFF
 62
     0
100
AcDbBlockEnd
  0
BLOCK
  5
2B9
330
21D
100
AcDbEntity
  8
dim
  6
Continuous
390
DFF
 62
    82
420
  3394560
100
AcDbBlockBegin
  2
*D15
 70
     1
 10
0.0
 20
0.0
 30
0.0
  3
*D15
  1

  0
MTEXT
  5
2BA
330
21D
100
AcDbEntity
  8
dim
  6
Continuous
390
DFF
 62
    82
420
        0
100
AcDbMText
 10
151.4978040004
 20
242.1029536532
 30
0.0
210
0.0
220
0.0
230
1.0
 11
1.0
 21
0.0
 31
0.0
 40
3.2
 41
5.12
 46
0.0
 71
     2
 72
     1
  1
75
  7
Standard
 73
     2
 44
0.9
101
Embedded Object
 70
     1
 10
151.4978040004
 20
242.1029536532
 30
0.0
 11
1.0
 21
0.0
 31
0.0
 40
5.12
 41
0.0
 42
0.0
 43
0.0
 71
     0
  0
LINE
  5
2BB
330
21D
100
AcDbEntity
  8
dim
  6
Continuous
390
DFF
 62
    82
420
        0
100
AcDbLine
 10
138.9688364476
 20
278.0029536532
 30
0.0
 11
151.6228040004
 21
278.0029536532
 31
0.0
  0
LINE
  5
2BC
330
21D
100
AcDbEntity
  8
dim
  6
Continuous
390
DFF
 62
    82
420
        0
100
AcDbLine
 10
165.3900796754
 20
203.0029536532
 30
0.0
 11
154.0578040004
 21
203.0029536532
 31
0.0
  0
LINE
  5
2BD
330
21D
100
AcDbEntity
  8
dim
  6
Continuous
390
DFF
 62
    82
420
        0
100
AcDbLine
 10
154.0578040004
 20
203.0029536532
 30
0.0
 11
151.3728040004
 21
203.0029536532
 31
0.0
  0
LINE
  5
2BE
330
21D
100
AcDbEntity
  8
dim
  6
Continuous
390
DFF
 62
    82
420
        0
100
AcDbLine
 10
151.4978040004
 20
278.0029536532
 30
0.0
 11
151.4978040004
 21
243.7029536532
 31
0.0
  0
LINE
  5
2BF
330
21D
100
AcDbEntity
  8
dim
  6
Continuous
390
DFF
 62
    82
420
        0
100
AcDbLine
 10
151.4978040004
 20
203.0029536532
 30
0.0
 11
151.4978040004
 21
237.3029536532
 31
0.0
  0
INSERT
  5
2C0
330
21D
100
AcDbEntity
  8
dim
  6
Continuous
390
DFF
 62
    82
420
        0
100
AcDbBlockReference
  2
_FILLED
 10
151.4978040004
 20
278.0029536532
 30
0.0
 41
0.1875
 42
0.1875
 43
0.1875
 50
90.0
  0
INSERT
  5
2C1
330
21D
100
AcDbEntity
  8
dim
  6
Continuous
390
DFF
 62
    82
420
        0
100
AcDbBlockReference
  2
_FILLED
 10
151.4978040004
 20
203.0029536532
 30
0.0
 41
0.1875
 42
0.1875
 43
0.1875
 50
270.0
  0
ENDBLK
  5
2C2
330
21D
100
AcDbEntity
  8
0
  6
ByBlock
390
DFF
 62
     0
100
AcDbBlockEnd
  0
BLOCK
  5
2C3
330
21E
100
AcDbEntity
  8
dim
  6
Continuous
390
DFF
 62
    82
420
  3394560
100
AcDbBlockBegin
  2
*D16
 70
     1
 10
0.0
 20
0.0
 30
0.0
  3
*D16
  1

  0
MTEXT
  5
2C4
330
21E
100
AcDbEntity
  8
dim
  6
Continuous
390
DFF
 62
    82
420
        0
100
AcDbMText
 10
198.4322376323
 20
172.388358309
 30
0.0
210
0.0
220
0.0
230
1.0
 11
1.0
 21
0.0
 31
0.0
 40
3.2
 41
9.501538461499999
 46
0.0
 71
     2
 72
     1
  1
⌀\ftxt;{\W0.8;3}
  7
TEXTSTYLE_2
 73
     2
 44
0.9
101
Embedded Object
 70
     1
 10
198.4322376323
 20
172.388358309
 30
0.0
 11
1.0
 21
0.0
 31
0.0
 40
9.501538461499999
 41
0.0
 42
0.0
 43
0.0
 71
     0
  0
LINE
  5
2C5
330
21E
100
AcDbEntity
  8
dim
  6
Continuous
390
DFF
 62
    82
420
        0
100
AcDbLine
 10
190.1020952855
 20
177.0973263559
 30
0.0
 11
194.2070687439
 21
173.988358309
 31
0.0
  0
INSERT
  5
2C6
330
21E
100
AcDbEntity
  8
dim
  6
Continuous
390
DFF
 62
    82
420
        0
100
AcDbBlockReference
  2
_FILLED
 10
190.1020952855
 20
177.0973263559
 30
0.0
 41
0.1875
 42
0.1875
 43
0.1875
 50
142.8609435482
  0
ENDBLK
  5
2C7
330
21E
100
AcDbEntity
  8
0
  6
ByBlock
390
DFF
 62
     0
100
AcDbBlockEnd
  0
BLOCK
  5
2C8
330
21F
100
AcDbEntity
  8
dim
  6
Continuous
390
DFF
 62
    82
420
  3394560
100
AcDbBlockBegin
  2
*D17
 70
     1
 10
0.0
 20
0.0
 30
0.0
  3
*D17
  1

  0
MTEXT
  5
2C9
330
21F
100
AcDbEntity
  8
dim
  6
Continuous
390
DFF
 62
    82
420
        0
100
AcDbMText
 10
10.4754539467
 20
54.0837533028
 30
0.0
210
0.0
220
0.0
230
1.0
 11
1.0
 21
0.0
 31
0.0
 40
3.2
 41
7.68
 46
0.0
 71
     2
 72
     1
  1
4.5
  7
Standard
 73
     2
 44
0.9
101
Embedded Object
 70
     1
 10
10.4754539467
 20
54.0837533028
 30
0.0
 11
1.0
 21
0.0
 31
0.0
 40
7.68
 41
0.0
 42
0.0
 43
0.0
 71
     0
  0
LINE
  5
2CA
330
21F
100
AcDbEntity
  8
dim
  6
Continuous
390
DFF
 62
    82
420
        0
100
AcDbLine
 10
41.9575676777
 20
62.3320047314
 30
0.0
 11
14.3154539467
 21
62.3320047314
 31
0.0
  0
LINE
  5
2CB
330
21F
100
AcDbEntity
  8
dim
  6
Continuous
390
DFF
 62
    82
420
        0
100
AcDbLine
 10
14.3154539467
 20
62.3320047314
 30
0.0
 11
10.3504539467
 21
62.3320047314
 31
0.0
  0
LINE
  5
2CC
330
21F
100
AcDbEntity
  8
dim
  6
Continuous
390
DFF
 62
    82
420
        0
100
AcDbLine
 10
41.3438609902
 20
57.8320047314
 30
0.0
 11
14.3154539467
 21
57.8320047314
 31
0.0
  0
LINE
  5
2CD
330
21F
100
AcDbEntity
  8
dim
  6
Continuous
390
DFF
 62
    82
420
        0
100
AcDbLine
 10
14.3154539467
 20
57.8320047314
 30
0.0
 11
10.3504539467
 21
57.8320047314
 31
0.0
  0
LINE
  5
2CE
330
21F
100
AcDbEntity
  8
dim
  6
Continuous
390
DFF
 62
    82
420
        0
100
AcDbLine
 10
10.4754539467
 20
62.3320047314
 30
0.0
 11
10.4754539467
 21
62.8320047314
 31
0.0
  0
LINE
  5
2CF
330
21F
100
AcDbEntity
  8
dim
  6
Continuous
390
DFF
 62
    82
420
        0
100
AcDbLine
 10
10.4754539467
 20
57.8320047314
 30
0.0
 11
10.4754539467
 21
55.6837533028
 31
0.0
  0
INSERT
  5
2D0
330
21F
100
AcDbEntity
  8
dim
  6
Continuous
390
DFF
 62
    82
420
        0
100
AcDbBlockReference
  2
_FILLED
 10
10.4754539467
 20
62.3320047314
 30
0.0
 41
0.1875
 42
0.1875
 43
0.1875
 50
270.0
  0
INSERT
  5
2D1
330
21F
100
AcDbEntity
  8
dim
  6
Continuous
390
DFF
 62
    82
420
        0
100
AcDbBlockReference
  2
_FILLED
 10
10.4754539467
 20
57.8320047314
 30
0.0
 41
0.1875
 42
0.1875
 43
0.1875
 50
90.0
  0
ENDBLK
  5
2D2
330
21F
100
AcDbEntity
  8
0
  6
ByBlock
390
DFF
 62
     0
100
AcDbBlockEnd
  0
BLOCK
  5
2D3
330
220
100
AcDbEntity
  8
dim
  6
Continuous
390
DFF
 62
    82
420
  3394560
100
AcDbBlockBegin
  2
*D18
 70
     1
 10
0.0
 20
0.0
 30
0.0
  3
*D18
  1

  0
MTEXT
  5
2D4
330
220
100
AcDbEntity
  8
dim
  6
Continuous
390
DFF
 62
    82
420
        0
100
AcDbMText
 10
79.8370319871
 20
53.8856580647
 30
0.0
210
0.0
220
0.0
230
1.0
 11
1.0
 21
0.0
 31
0.0
 40
3.2
 41
2.56
 46
0.0
 71
     2
 72
     1
  1
3
  7
Standard
 73
     2
 44
0.9
101
Embedded Object
 70
     1
 10
79.8370319871
 20
53.8856580647
 30
0.0
 11
1.0
 21
0.0
 31
0.0
 40
2.56
 41
0.0
 42
0.0
 43
0.0
 71
     0
  0
LINE
  5
2D5
330
220
100
AcDbEntity
  8
dim
  6
Continuous
390
DFF
 62
    82
420
        0
100
AcDbLine
 10
81.0108972062
 20
60.8320047314
 30
0.0
 11
79.7120319871
 21
60.8320047314
 31
0.0
  0
LINE
  5
2D6
330
220
100
AcDbEntity
  8
dim
  6
Continuous
390
DFF
 62
    82
420
        0
100
AcDbLine
 10
81.0108972062
 20
57.8320047314
 30
0.0
 11
79.7120319871
 21
57.8320047314
 31
0.0
  0
LINE
  5
2D7
330
220
100
AcDbEntity
  8
dim
  6
Continuous
390
DFF
 62
    82
420
        0
100
AcDbLine
 10
79.8370319871
 20
60.8320047314
 30
0.0
 11
79.8370319871
 21
61.3320047314
 31
0.0
  0
LINE
  5
2D8
330
220
100
AcDbEntity
  8
dim
  6
Continuous
390
DFF
 62
    82
420
        0
100
AcDbLine
 10
79.8370319871
 20
57.8320047314
 30
0.0
 11
79.8370319871
 21
55.4856580647
 31
0.0
  0
INSERT
  5
2D9
330
220
100
AcDbEntity
  8
dim
  6
Continuous
390
DFF
 62
    82
420
        0
100
AcDbBlockReference
  2
_FILLED
 10
79.8370319871
 20
60.8320047314
 30
0.0
 41
0.1875
 42
0.1875
 43
0.1875
 50
270.0
  0
INSERT
  5
2DA
330
220
100
AcDbEntity
  8
dim
  6
Continuous
390
DFF
 62
    82
420
        0
100
AcDbBlockReference
  2
_FILLED
 10
79.8370319871
 20
57.8320047314
 30
0.0
 41
0.1875
 42
0.1875
 43
0.1875
 50
90.0
  0
ENDBLK
  5
2DB
330
220
100
AcDbEntity
  8
0
  6
ByBlock
390
DFF
 62
     0
100
AcDbBlockEnd
  0
BLOCK
  5
2DC
330
221
100
AcDbEntity
  8
dim
  6
Continuous
390
DFF
 62
    82
420
  3394560
100
AcDbBlockBegin
  2
*D19
 70
     1
 10
0.0
 20
0.0
 30
0.0
  3
*D19
  1

  0
MTEXT
  5
2DD
330
221
100
AcDbEntity
  8
dim
  6
Continuous
390
DFF
 62
    82
420
        0
100
AcDbMText
 10
346.2997251141001
 20
106.8610030429
 30
0.0
210
0.0
220
0.0
230
1.0
 11
1.0
 21
0.0
 31
0.0
 40
3.2
 41
7.68
 46
0.0
 71
     2
 72
     1
  1
145
  7
Standard
 73
     2
 44
0.9
101
Embedded Object
 70
     1
 10
346.2997251141001
 20
106.8610030429
 30
0.0
 11
1.0
 21
0.0
 31
0.0
 40
7.68
 41
0.0
 42
0.0
 43
0.0
 71
     0
  0
LINE
  5
2DE
330
221
100
AcDbEntity
  8
dim
  6
Continuous
390
DFF
 62
    82
420
        0
100
AcDbLine
 10
264.5203132304
 20
130.4404536532
 30
0.0
 11
264.5203132304
 21
105.1360030429
 31
0.0
  0
LINE
  5
2DF
330
221
100
AcDbEntity
  8
dim
  6
Continuous
390
DFF
 62
    82
420
        0
100
AcDbLine
 10
409.5203132304
 20
130.4404536532
 30
0.0
 11
409.5203132304
 21
105.1360030429
 31
0.0
  0
LINE
  5
2E0
330
221
100
AcDbEntity
  8
dim
  6
Continuous
390
DFF
 62
    82
420
        0
100
AcDbLine
 10
264.5203132304
 20
105.2610030429
 30
0.0
 11
340.8597251141
 21
105.2610030429
 31
0.0
  0
LINE
  5
2E1
330
221
100
AcDbEntity
  8
dim
  6
Continuous
390
DFF
 62
    82
420
        0
100
AcDbLine
 10
409.5203132304
 20
105.2610030429
 30
0.0
 11
351.7397251141001
 21
105.2610030429
 31
0.0
  0
INSERT
  5
2E2
330
221
100
AcDbEntity
  8
dim
  6
Continuous
390
DFF
 62
    82
420
        0
100
AcDbBlockReference
  2
_FILLED
 10
264.5203132304
 20
105.2610030429
 30
0.0
 41
0.1875
 42
0.1875
 43
0.1875
 50
180.0
  0
INSERT
  5
2E3
330
221
100
AcDbEntity
  8
dim
  6
Continuous
390
DFF
 62
    82
420
        0
100
AcDbBlockReference
  2
_FILLED
 10
409.5203132304
 20
105.2610030429
 30
0.0
 41
0.1875
 42
0.1875
 43
0.1875
  0
ENDBLK
  5
2E4
330
221
100
AcDbEntity
  8
0
  6
ByBlock
390
DFF
 62
     0
100
AcDbBlockEnd
  0
BLOCK
  5
2E5
330
222
100
AcDbEntity
  8
dim
  6
Continuous
390
DFF
 62
    82
420
  3394560
100
AcDbBlockBegin
  2
*D20
 70
     1
 10
0.0
 20
0.0
 30
0.0
  3
*D20
  1

  0
MTEXT
  5
2E6
330
222
100
AcDbEntity
  8
dim
  6
Continuous
390
DFF
 62
    82
420
        0
100
AcDbMText
 10
252.3104870284
 20
204.6029536532
 30
0.0
210
0.0
220
0.0
230
1.0
 11
1.0
 21
0.0
 31
0.0
 40
3.2
 41
7.68
 46
0.0
 71
     2
 72
     1
  1
145
  7
Standard
 73
     2
 44
0.9
101
Embedded Object
 70
     1
 10
252.3104870284
 20
204.6029536532
 30
0.0
 11
1.0
 21
0.0
 31
0.0
 40
7.68
 41
0.0
 42
0.0
 43
0.0
 71
     0
  0
LINE
  5
2E7
330
222
100
AcDbEntity
  8
dim
  6
Continuous
390
DFF
 62
    82
420
        0
100
AcDbLine
 10
264.4578132304
 20
130.5029536532
 30
0.0
 11
256.1504870284
 21
130.5029536532
 31
0.0
  0
LINE
  5
2E8
330
222
100
AcDbEntity
  8
dim
  6
Continuous
390
DFF
 62
    82
420
        0
100
AcDbLine
 10
256.1504870284
 20
130.5029536532
 30
0.0
 11
252.1854870284
 21
130.5029536532
 31
0.0
  0
LINE
  5
2E9
330
222
100
AcDbEntity
  8
dim
  6
Continuous
390
DFF
 62
    82
420
        0
100
AcDbLine
 10
264.4578132304
 20
275.5029536532
 30
0.0
 11
256.1504870284
 21
275.5029536532
 31
0.0
  0
LINE
  5
2EA
330
222
100
AcDbEntity
  8
dim
  6
Continuous
390
DFF
 62
    82
420
        0
100
AcDbLine
 10
256.1504870284
 20
275.5029536532
 30
0.0
 11
252.1854870284
 21
275.5029536532
 31
0.0
  0
LINE
  5
2EB
330
222
100
AcDbEntity
  8
dim
  6
Continuous
390
DFF
 62
    82
420
        0
100
AcDbLine
 10
252.3104870284
 20
130.5029536532
 30
0.0
 11
252.3104870284
 21
199.8029536532
 31
0.0
  0
LINE
  5
2EC
330
222
100
AcDbEntity
  8
dim
  6
Continuous
390
DFF
 62
    82
420
        0
100
AcDbLine
 10
252.3104870284
 20
275.5029536532
 30
0.0
 11
252.3104870284
 21
206.2029536532
 31
0.0
  0
INSERT
  5
2ED
330
222
100
AcDbEntity
  8
dim
  6
Continuous
390
DFF
 62
    82
420
        0
100
AcDbBlockReference
  2
_FILLED
 10
252.3104870284
 20
130.5029536532
 30
0.0
 41
0.1875
 42
0.1875
 43
0.1875
 50
270.0
  0
INSERT
  5
2EE
330
222
100
AcDbEntity
  8
dim
  6
Continuous
390
DFF
 62
    82
420
        0
100
AcDbBlockReference
  2
_FILLED
 10
252.3104870284
 20
275.5029536532
 30
0.0
 41
0.1875
 42
0.1875
 43
0.1875
 50
90.0
  0
ENDBLK
  5
2EF
330
222
100
AcDbEntity
  8
0
  6
ByBlock
390
DFF
 62
     0
100
AcDbBlockEnd
  0
BLOCK
  5
2F0
330
223
100
AcDbEntity
  8
dim
  6
Continuous
390
DFF
 62
    82
420
  3394560
100
AcDbBlockBegin
  2
*D21
 70
     1
 10
0.0
 20
0.0
 30
0.0
  3
*D21
  1

  0
MTEXT
  5
2F1
330
223
100
AcDbEntity
  8
dim
  6
Continuous
390
DFF
 62
    82
420
        0
100
AcDbMText
 10
350.1571408131
 20
204.6029536532
 30
0.0
210
0.0
220
0.0
230
1.0
 11
1.0
 21
0.0
 31
0.0
 40
3.2
 41
5.12
 46
0.0
 71
     2
 72
     1
  1
60
  7
Standard
 73
     2
 44
0.9
101
Embedded Object
 70
     1
 10
350.1571408131
 20
204.6029536532
 30
0.0
 11
1.0
 21
0.0
 31
0.0
 40
5.12
 41
0.0
 42
0.0
 43
0.0
 71
     0
  0
LINE
  5
2F2
330
223
100
AcDbEntity
  8
dim
  6
Continuous
390
DFF
 62
    82
420
        0
100
AcDbLine
 10
337.0828132304
 20
173.0029536532
 30
0.0
 11
350.2821408131
 21
173.0029536532
 31
0.0
  0
LINE
  5
2F3
330
223
100
AcDbEntity
  8
dim
  6
Continuous
390
DFF
 62
    82
420
        0
100
AcDbLine
 10
337.0828132304
 20
233.0029536532
 30
0.0
 11
350.2821408131
 21
233.0029536532
 31
0.0
  0
LINE
  5
2F4
330
223
100
AcDbEntity
  8
dim
  6
Continuous
390
DFF
 62
    82
420
        0
100
AcDbLine
 10
350.1571408131
 20
173.0029536532
 30
0.0
 11
350.1571408131
 21
199.8029536532
 31
0.0
  0
LINE
  5
2F5
330
223
100
AcDbEntity
  8
dim
  6
Continuous
390
DFF
 62
    82
420
        0
100
AcDbLine
 10
350.1571408131
 20
233.0029536532
 30
0.0
 11
350.1571408131
 21
206.2029536532
 31
0.0
  0
INSERT
  5
2F6
330
223
100
AcDbEntity
  8
dim
  6
Continuous
390
DFF
 62
    82
420
        0
100
AcDbBlockReference
  2
_FILLED
 10
350.1571408131
 20
173.0029536532
 30
0.0
 41
0.1875
 42
0.1875
 43
0.1875
 50
270.0
  0
INSERT
  5
2F7
330
223
100
AcDbEntity
  8
dim
  6
Continuous
390
DFF
 62
    82
420
        0
100
AcDbBlockReference
  2
_FILLED
 10
350.1571408131
 20
233.0029536532
 30
0.0
 41
0.1875
 42
0.1875
 43
0.1875
 50
90.0
  0
ENDBLK
  5
2F8
330
223
100
AcDbEntity
  8
0
  6
ByBlock
390
DFF
 62
     0
100
AcDbBlockEnd
  0
BLOCK
  5
2F9
330
224
100
AcDbEntity
  8
dim
  6
Continuous
390
DFF
 62
    82
420
  3394560
100
AcDbBlockBegin
  2
*D22
 70
     1
 10
0.0
 20
0.0
 30
0.0
  3
*D22
  1

  0
MTEXT
  5
2FA
330
224
100
AcDbEntity
  8
dim
  6
Continuous
390
DFF
 62
    82
420
        0
100
AcDbMText
 10
298.2899132304
 20
99.837393455
 30
0.0
210
0.0
220
0.0
230
1.0
 11
1.0
 21
0.0
 31
0.0
 40
3.2
 41
12.8
 46
0.0
 71
     2
 72
     1
  1
77.46
  7
Standard
 73
     2
 44
0.9
101
Embedded Object
 70
     1
 10
298.2899132304
 20
99.837393455
 30
0.0
 11
1.0
 21
0.0
 31
0.0
 40
12.8
 41
0.0
 42
0.0
 43
0.0
 71
     0
  0
LINE
  5
2FB
330
224
100
AcDbEntity
  8
dim
  6
Continuous
390
DFF
 62
    82
420
        0
100
AcDbLine
 10
259.5595132304
 20
124.2604536532
 30
0.0
 11
259.5595132304
 21
98.112393455
 31
0.0
  0
LINE
  5
2FC
330
224
100
AcDbEntity
  8
dim
  6
Continuous
390
DFF
 62
    82
420
        0
100
AcDbLine
 10
337.0203132304
 20
127.2564175899
 30
0.0
 11
337.0203132304
 21
98.112393455
 31
0.0
  0
LINE
  5
2FD
330
224
100
AcDbEntity
  8
dim
  6
Continuous
390
DFF
 62
    82
420
        0
100
AcDbLine
 10
259.5595132304
 20
98.237393455
 30
0.0
 11
290.2899132304
 21
98.237393455
 31
0.0
  0
LINE
  5
2FE
330
224
100
AcDbEntity
  8
dim
  6
Continuous
390
DFF
 62
    82
420
        0
100
AcDbLine
 10
337.0203132304
 20
98.237393455
 30
0.0
 11
306.2899132304
 21
98.237393455
 31
0.0
  0
INSERT
  5
2FF
330
224
100
AcDbEntity
  8
dim
  6
Continuous
390
DFF
 62
    82
420
        0
100
AcDbBlockReference
  2
_FILLED
 10
259.5595132304
 20
98.237393455
 30
0.0
 41
0.1875
 42
0.1875
 43
0.1875
 50
180.0
  0
INSERT
  5
300
330
224
100
AcDbEntity
  8
dim
  6
Continuous
390
DFF
 62
    82
420
        0
100
AcDbBlockReference
  2
_FILLED
 10
337.0203132304
 20
98.237393455
 30
0.0
 41
0.1875
 42
0.1875
 43
0.1875
  0
ENDBLK
  5
301
330
224
100
AcDbEntity
  8
0
  6
ByBlock
390
DFF
 62
     0
100
AcDbBlockEnd
  0
BLOCK
  5
302
330
225
100
AcDbEntity
  8
dim
  6
Continuous
390
DFF
 62
    82
420
  3394560
100
AcDbBlockBegin
  2
*D23
 70
     1
 10
0.0
 20
0.0
 30
0.0
  3
*D23
  1

  0
MTEXT
  5
303
330
225
100
AcDbEntity
  8
dim
  6
Continuous
390
DFF
 62
    82
420
        0
100
AcDbMText
 10
375.7507132304
 20
98.82704095
 30
0.0
210
0.0
220
0.0
230
1.0
 11
1.0
 21
0.0
 31
0.0
 40
3.2
 41
12.8
 46
0.0
 71
     2
 72
     1
  1
77.46
  7
Standard
 73
     2
 44
0.9
101
Embedded Object
 70
     1
 10
375.7507132304
 20
98.82704095
 30
0.0
 11
1.0
 21
0.0
 31
0.0
 40
12.8
 41
0.0
 42
0.0
 43
0.0
 71
     0
  0
LINE
  5
304
330
225
100
AcDbEntity
  8
dim
  6
Continuous
390
DFF
 62
    82
420
        0
100
AcDbLine
 10
337.0203132304
 20
114.6936311512
 30
0.0
 11
337.0203132304
 21
97.10204095
 31
0.0
  0
LINE
  5
305
330
225
100
AcDbEntity
  8
dim
  6
Continuous
390
DFF
 62
    82
420
        0
100
AcDbLine
 10
414.4811132304
 20
124.2604536532
 30
0.0
 11
414.4811132304
 21
97.10204095
 31
0.0
  0
LINE
  5
306
330
225
100
AcDbEntity
  8
dim
  6
Continuous
390
DFF
 62
    82
420
        0
100
AcDbLine
 10
337.0203132304
 20
97.22704095
 30
0.0
 11
367.7507132304
 21
97.22704095
 31
0.0
  0
LINE
  5
307
330
225
100
AcDbEntity
  8
dim
  6
Continuous
390
DFF
 62
    82
420
        0
100
AcDbLine
 10
414.4811132304
 20
97.22704095
 30
0.0
 11
383.7507132304
 21
97.22704095
 31
0.0
  0
INSERT
  5
308
330
225
100
AcDbEntity
  8
dim
  6
Continuous
390
DFF
 62
    82
420
        0
100
AcDbBlockReference
  2
_FILLED
 10
337.0203132304
 20
97.22704095
 30
0.0
 41
0.1875
 42
0.1875
 43
0.1875
 50
180.0
  0
INSERT
  5
309
330
225
100
AcDbEntity
  8
dim
  6
Continuous
390
DFF
 62
    82
420
        0
100
AcDbBlockReference
  2
_FILLED
 10
414.4811132304
 20
97.22704095
 30
0.0
 41
0.1875
 42
0.1875
 43
0.1875
  0
ENDBLK
  5
30A
330
225
100
AcDbEntity
  8
0
  6
ByBlock
390
DFF
 62
     0
100
AcDbBlockEnd
  0
BLOCK
  5
30B
330
226
100
AcDbEntity
  8
dim
  6
Continuous
390
DFF
 62
    82
420
  3394560
100
AcDbBlockBegin
  2
*D24
 70
     1
 10
0.0
 20
0.0
 30
0.0
  3
*D24
  1

  0
MTEXT
  5
30C
330
226
100
AcDbEntity
  8
dim
  6
Continuous
390
DFF
 62
    82
420
        0
100
AcDbMText
 10
239.3796923538
 20
117.2984601179
 30
0.0
210
0.0
220
0.0
230
1.0
 11
1.0
 21
0.0
 31
0.0
 40
3.2
 41
5.12
 46
0.0
 71
     2
 72
     1
  1
12
  7
Standard
 73
     2
 44
0.9
101
Embedded Object
 70
     1
 10
239.3796923538
 20
117.2984601179
 30
0.0
 11
1.0
 21
0.0
 31
0.0
 40
5.12
 41
0.0
 42
0.0
 43
0.0
 71
     0
  0
LINE
  5
30D
330
226
100
AcDbEntity
  8
dim
  6
Continuous
390
DFF
 62
    82
420
        0
100
AcDbLine
 10
221.8181075919
 20
124.8458146568
 30
0.0
 11
221.8181075919
 21
115.5734601179
 31
0.0
  0
LINE
  5
30E
330
226
100
AcDbEntity
  8
dim
  6
Continuous
390
DFF
 62
    82
420
        0
100
AcDbLine
 10
233.8181075919
 20
126.2930784629
 30
0.0
 11
233.8181075919
 21
115.5734601179
 31
0.0
  0
LINE
  5
30F
330
226
100
AcDbEntity
  8
dim
  6
Continuous
390
DFF
 62
    82
420
        0
100
AcDbLine
 10
221.8181075919
 20
115.6984601179
 30
0.0
 11
227.8181075919
 21
115.6984601179
 31
0.0
  0
LINE
  5
310
330
226
100
AcDbEntity
  8
dim
  6
Continuous
390
DFF
 62
    82
420
        0
100
AcDbLine
 10
233.8181075919
 20
115.6984601179
 30
0.0
 11
227.8181075919
 21
115.6984601179
 31
0.0
  0
LINE
  5
311
330
226
100
AcDbEntity
  8
dim
  6
Continuous
390
DFF
 62
    82
420
        0
100
AcDbLine
 10
227.8181075919
 20
115.6984601179
 30
0.0
 11
235.2196923538
 21
115.6984601179
 31
0.0
  0
INSERT
  5
312
330
226
100
AcDbEntity
  8
dim
  6
Continuous
390
DFF
 62
    82
420
        0
100
AcDbBlockReference
  2
_FILLED
 10
221.8181075919
 20
115.6984601179
 30
0.0
 41
0.1875
 42
0.1875
 43
0.1875
 50
180.0
  0
INSERT
  5
313
330
226
100
AcDbEntity
  8
dim
  6
Continuous
390
DFF
 62
    82
420
        0
100
AcDbBlockReference
  2
_FILLED
 10
233.8181075919
 20
115.6984601179
 30
0.0
 41
0.1875
 42
0.1875
 43
0.1875
  0
ENDBLK
  5
314
330
226
100
AcDbEntity
  8
0
  6
ByBlock
390
DFF
 62
     0
100
AcDbBlockEnd
  0
BLOCK
  5
315
330
227
100
AcDbEntity
  8
dim
  6
Continuous
390
DFF
 62
    82
420
  3394560
100
AcDbBlockBegin
  2
*D25
 70
     1
 10
0.0
 20
0.0
 30
0.0
  3
*D25
  1

  0
MTEXT
  5
316
330
227
100
AcDbEntity
  8
dim
  6
Continuous
390
DFF
 62
    82
420
        0
100
AcDbMText
 10
243.7301685443
 20
132.1855754163
 30
0.0
210
0.0
220
0.0
230
1.0
 11
1.0
 21
0.0
 31
0.0
 40
3.2
 41
7.68
 46
0.0
 71
     2
 72
     1
  1
0.8
  7
Standard
 73
     2
 44
0.9
101
Embedded Object
 70
     1
 10
243.7301685443
 20
132.1855754163
 30
0.0
 11
1.0
 21
0.0
 31
0.0
 40
7.68
 41
0.0
 42
0.0
 43
0.0
 71
     0
  0
LINE
  5
317
330
227
100
AcDbEntity
  8
dim
  6
Continuous
390
DFF
 62
    82
420
        0
100
AcDbLine
 10
233.8181075919
 20
124.3305714356
 30
0.0
 11
233.8181075919
 21
128.9855754163
 31
0.0
  0
LINE
  5
318
330
227
100
AcDbEntity
  8
dim
  6
Continuous
390
DFF
 62
    82
420
        0
100
AcDbLine
 10
233.8181075919
 20
128.9855754163
 30
0.0
 11
233.8181075919
 21
130.7105754163
 31
0.0
  0
LINE
  5
319
330
227
100
AcDbEntity
  8
dim
  6
Continuous
390
DFF
 62
    82
420
        0
100
AcDbLine
 10
234.6181075919
 20
124.3854536532
 30
0.0
 11
234.6181075919
 21
128.9855754163
 31
0.0
  0
LINE
  5
31A
330
227
100
AcDbEntity
  8
dim
  6
Continuous
390
DFF
 62
    82
420
        0
100
AcDbLine
 10
234.6181075919
 20
128.9855754163
 30
0.0
 11
234.6181075919
 21
130.7105754163
 31
0.0
  0
LINE
  5
31B
330
227
100
AcDbEntity
  8
dim
  6
Continuous
390
DFF
 62
    82
420
        0
100
AcDbLine
 10
233.8181075919
 20
130.5855754163
 30
0.0
 11
233.3181075919
 21
130.5855754163
 31
0.0
  0
LINE
  5
31C
330
227
100
AcDbEntity
  8
dim
  6
Continuous
390
DFF
 62
    82
420
        0
100
AcDbLine
 10
234.6181075919
 20
130.5855754163
 30
0.0
 11
238.2901685443
 21
130.5855754163
 31
0.0
  0
INSERT
  5
31D
330
227
100
AcDbEntity
  8
dim
  6
Continuous
390
DFF
 62
    82
420
        0
100
AcDbBlockReference
  2
_FILLED
 10
233.8181075919
 20
130.5855754163
 30
0.0
 41
0.1875
 42
0.1875
 43
0.1875
  0
INSERT
  5
31E
330
227
100
AcDbEntity
  8
dim
  6
Continuous
390
DFF
 62
    82
420
        0
100
AcDbBlockReference
  2
_FILLED
 10
234.6181075919
 20
130.5855754163
 30
0.0
 41
0.1875
 42
0.1875
 43
0.1875
 50
180.0
  0
ENDBLK
  5
31F
330
227
100
AcDbEntity
  8
0
  6
ByBlock
390
DFF
 62
     0
100
AcDbBlockEnd
  0
ENDSEC
  0
SECTION
  2
ENTITIES
  0
SPLINE
  5
320
330
20C
100
AcDbEntity
  8
2
  6
Continuous
390
DFF
 62
   155
420
  5075865
100
AcDbSpline
210
0.0
220
0.0
230
1.0
 70
     8
 71
     3
 72
    10
 73
     6
 74
     0
 42
1E-07
 43
1E-10
 40
0.0
 40
0.0
 40
0.0
 40
0.0
 40
0.5004526023
 40
0.5004526023
 40
1.0
 40
1.0
 40
1.0
 40
1.0
 10
65.8822608359
 20
282.2395769055
 30
0.0
 10
65.8822608359
 20
281.9090963386
 30
0.0
 10
66.0182192557
 20
281.5807409854
 30
0.0
 10
66.48525009640001
 20
281.1143504153
 30
0.0
 10
66.81302621420001
 20
280.978910934
 30
0.0
 10
67.14290140279999
 20
280.9788726614
 30
0.0
  0
SPLINE
  5
321
330
20C
100
AcDbEntity
  8
2
  6
Continuous
390
DFF
 62
   155
420
  5075865
100
AcDbSpline
210
0.0
220
0.0
230
1.0
 70
     8
 71
     3
 72
    10
 73
     6
 74
     0
 42
1E-07
 43
1E-10
 40
0.0
 40
0.0
 40
0.0
 40
0.0
 40
0.4995628424
 40
0.4995628424
 40
1.0
 40
1.0
 40
1.0
 40
1.0
 10
67.14292597239999
 20
281.2409115275
 30
0.0
 10
66.8814628965
 20
281.2409360431
 30
0.0
 10
66.6218704657
 20
281.348242372
 30
0.0
 10
66.25202296080001
 20
281.7175828386
 30
0.0
 10
66.1443073503
 20
281.9776132642
 30
0.0
 10
66.1442997298
 20
282.2395405139
 30
0.0
  0
SPLINE
  5
322
330
20C
100
AcDbEntity
  8
2
  6
Continuous
390
DFF
 62
   155
420
  5075865
100
AcDbSpline
210
0.0
220
0.0
230
1.0
 70
     8
 71
     3
 72
    14
 73
    10
 74
     0
 42
1E-07
 43
1E-10
 40
0.0
 40
0.0
 40
0.0
 40
0.0
 40
0.25
 40
0.25
 40
0.5
 40
0.5
 40
0.75
 40
0.75
 40
1.0
 40
1.0
 40
1.0
 40
1.0
 10
191.8822586548
 20
156.239543178
 30
0.0
 10
191.882271442
 20
156.1058420781
 30
0.0
 10
191.90382811
 20
155.9764220463
 30
0.0
 10
191.9857386559
 20
155.725291527
 30
0.0
 10
192.0463713878
 20
155.6053111369
 30
0.0
 10
192.2008798396
 20
155.3910586477
 30
0.0
 10
192.2963383642
 20
155.2958543026
 30
0.0
 10
192.5103870894
 20
155.1420675295
 30
0.0
 10
192.6310445396
 20
155.0813368314
 30
0.0
 10
192.7564724853
 20
155.0406752548
 30
0.0
  0
SPLINE
  5
323
330
20C
100
AcDbEntity
  8
2
  6
Continuous
390
DFF
 62
   155
420
  5075865
100
AcDbSpline
210
0.0
220
0.0
230
1.0
 70
     8
 71
     3
 72
    12
 73
     8
 74
     0
 42
1E-07
 43
1E-10
 40
0.0
 40
0.0
 40
0.0
 40
0.0
 40
0.25
 40
0.25
 40
0.5
 40
0.5
 40
1.0
 40
1.0
 40
1.0
 40
1.0
 10
192.1442975512
 20
156.239543178
 30
0.0
 10
192.144309918
 20
156.107650416
 30
0.0
 10
192.1710954622
 20
155.9785850772
 30
0.0
 10
192.2711267642
 20
155.736777939
 30
0.0
 10
192.3444398855
 20
155.6254706116
 30
0.0
 10
192.6203441437
 20
155.3494126896
 30
0.0
 10
192.8792762637
 20
155.240924606
 30
0.0
 10
193.1429233083
 20
155.2409169354
 30
0.0
  0
SPLINE
  5
324
330
20C
100
AcDbEntity
  8
2
  6
Continuous
390
DFF
 62
   155
420
  5075865
100
AcDbSpline
210
0.0
220
0.0
230
1.0
 70
     8
 71
     3
 72
    10
 73
     6
 74
     0
 42
1E-07
 43
1E-10
 40
0.0
 40
0.0
 40
0.0
 40
0.0
 40
0.5004425943
 40
0.5004425943
 40
1.0
 40
1.0
 40
1.0
 40
1.0
 10
70.66974580919999
 20
125.0270309938
 30
0.0
 10
71.00021297640001
 20
125.0270201093
 30
0.0
 10
71.32855126770001
 20
124.8910633354
 30
0.0
 10
71.7949327283
 20
124.4240416162
 30
0.0
 10
71.9303720934
 20
124.0962656146
 30
0.0
 10
71.9304103652
 20
123.7663904264
 30
0.0
  0
SPLINE
  5
325
330
20C
100
AcDbEntity
  8
2
  6
Continuous
390
DFF
 62
   155
420
  5075865
100
AcDbSpline
210
0.0
220
0.0
230
1.0
 70
     8
 71
     3
 72
    10
 73
     6
 74
     0
 42
1E-07
 43
1E-10
 40
0.0
 40
0.0
 40
0.0
 40
0.0
 40
0.4995638587
 40
0.4995638587
 40
1.0
 40
1.0
 40
1.0
 40
1.0
 10
71.6683714986
 20
123.7663658573
 30
0.0
 10
71.6683469834
 20
124.0278289327
 30
0.0
 10
71.56104074640001
 20
124.2874212714
 30
0.0
 10
71.1917008468
 20
124.6572682088
 30
0.0
 10
70.9316718764
 20
124.7649836036
 30
0.0
 10
70.66974570710001
 20
124.7649920998
 30
0.0
  0
SPLINE
  5
326
330
20C
100
AcDbEntity
  8
2
  6
Continuous
390
DFF
 62
   155
420
  5075865
100
AcDbSpline
210
0.0
220
0.0
230
1.0
 70
     8
 71
     3
 72
    10
 73
     6
 74
     0
 42
1E-07
 43
1E-10
 40
0.0
 40
0.0
 40
0.0
 40
0.0
 40
0.5004425943
 40
0.5004425943
 40
1.0
 40
1.0
 40
1.0
 40
1.0
 10
157.1429270861
 20
280.9788763127
 30
0.0
 10
156.8124599189
 20
280.9788871971
 30
0.0
 10
156.4841216276
 20
281.114843971
 30
0.0
 10
156.017740167
 20
281.5818656902
 30
0.0
 10
155.8823008019
 20
281.9096416918
 30
0.0
 10
155.88226253
 20
282.23951688
 30
0.0
  0
SPLINE
  5
327
330
20C
100
AcDbEntity
  8
2
  6
Continuous
390
DFF
 62
   155
420
  5075865
100
AcDbSpline
210
0.0
220
0.0
230
1.0
 70
     8
 71
     3
 72
    10
 73
     6
 74
     0
 42
1E-07
 43
1E-10
 40
0.0
 40
0.0
 40
0.0
 40
0.0
 40
0.4995638587
 40
0.4995638587
 40
1.0
 40
1.0
 40
1.0
 40
1.0
 10
156.1443013967
 20
282.2395414491
 30
0.0
 10
156.1443259118
 20
281.9780783738
 30
0.0
 10
156.2516321489
 20
281.718486035
 30
0.0
 10
156.6209720485
 20
281.3486390976
 30
0.0
 10
156.8810010189
 20
281.2409237028
 30
0.0
 10
157.1429271882
 20
281.2409152066
 30
0.0
  0
SPLINE
  5
328
330
20C
100
AcDbEntity
  8
2
  6
Continuous
390
DFF
 62
   155
420
  5075865
100
AcDbSpline
210
0.0
220
0.0
230
1.0
 70
     8
 71
     3
 72
    12
 73
     8
 74
     0
 42
1E-07
 43
1E-10
 40
0.0
 40
0.0
 40
0.0
 40
0.0
 40
0.25
 40
0.25
 40
0.5
 40
0.5
 40
1.0
 40
1.0
 40
1.0
 40
1.0
 10
35.668375344
 20
156.239543178
 30
0.0
 10
35.6683629773
 20
156.107650416
 30
0.0
 10
35.6415774331
 20
155.9785850772
 30
0.0
 10
35.5415461311
 20
155.736777939
 30
0.0
 10
35.4682330098
 20
155.6254706116
 30
0.0
 10
35.1923287515
 20
155.3494126896
 30
0.0
 10
34.9333966316
 20
155.240924606
 30
0.0
 10
34.669749587
 20
155.2409169354
 30
0.0
  0
SPLINE
  5
329
330
20C
100
AcDbEntity
  8
2
  6
Continuous
390
DFF
 62
   155
420
  5075865
100
AcDbSpline
210
0.0
220
0.0
230
1.0
 70
     8
 71
     3
 72
    14
 73
    10
 74
     0
 42
1E-07
 43
1E-10
 40
0.0
 40
0.0
 40
0.0
 40
0.0
 40
0.25
 40
0.25
 40
0.5
 40
0.5
 40
0.75
 40
0.75
 40
1.0
 40
1.0
 40
1.0
 40
1.0
 10
35.9304142405
 20
156.239543178
 30
0.0
 10
35.9304014532
 20
156.1058420781
 30
0.0
 10
35.9088447853
 20
155.9764220463
 30
0.0
 10
35.8269342394
 20
155.725291527
 30
0.0
 10
35.7663015075
 20
155.6053111369
 30
0.0
 10
35.61179305570001
 20
155.3910586477
 30
0.0
 10
35.5163345311
 20
155.2958543026
 30
0.0
 10
35.3022858059
 20
155.1420675295
 30
0.0
 10
35.1816283557
 20
155.0813368314
 30
0.0
 10
35.0562004099
 20
155.0406752548
 30
0.0
  0
SPLINE
  5
32A
330
20C
100
AcDbEntity
  8
2
  6
Continuous
390
DFF
 62
   155
420
  5075865
100
AcDbSpline
210
0.0
220
0.0
230
1.0
 70
     8
 71
     3
 72
    10
 73
     6
 74
     0
 42
1E-07
 43
1E-10
 40
0.0
 40
0.0
 40
0.0
 40
0.0
 40
0.5004425943
 40
0.5004425943
 40
1.0
 40
1.0
 40
1.0
 40
1.0
 10
70.66974580919999
 20
280.9788763127
 30
0.0
 10
71.00021297640001
 20
280.9788871971
 30
0.0
 10
71.32855126770001
 20
281.114843971
 30
0.0
 10
71.7949327283
 20
281.5818656902
 30
0.0
 10
71.9303720934
 20
281.9096416918
 30
0.0
 10
71.9304103652
 20
282.23951688
 30
0.0
  0
SPLINE
  5
32B
330
20C
100
AcDbEntity
  8
2
  6
Continuous
390
DFF
 62
   155
420
  5075865
100
AcDbSpline
210
0.0
220
0.0
230
1.0
 70
     8
 71
     3
 72
    10
 73
     6
 74
     0
 42
1E-07
 43
1E-10
 40
0.0
 40
0.0
 40
0.0
 40
0.0
 40
0.4995638587
 40
0.4995638587
 40
1.0
 40
1.0
 40
1.0
 40
1.0
 10
71.6683714986
 20
282.2395414491
 30
0.0
 10
71.6683469834
 20
281.9780783738
 30
0.0
 10
71.56104074640001
 20
281.718486035
 30
0.0
 10
71.1917008468
 20
281.3486390976
 30
0.0
 10
70.9316718764
 20
281.2409237028
 30
0.0
 10
70.66974570710001
 20
281.2409152066
 30
0.0
  0
SPLINE
  5
32C
330
20C
100
AcDbEntity
  8
2
  6
Continuous
390
DFF
 62
   155
420
  5075865
100
AcDbSpline
210
0.0
220
0.0
230
1.0
 70
     8
 71
     3
 72
    10
 73
     6
 74
     0
 42
1E-07
 43
1E-10
 40
0.0
 40
0.0
 40
0.0
 40
0.0
 40
0.5004425943
 40
0.5004425943
 40
1.0
 40
1.0
 40
1.0
 40
1.0
 10
157.1429270861
 20
125.0270309938
 30
0.0
 10
156.8124599189
 20
125.0270201093
 30
0.0
 10
156.4841216276
 20
124.8910633354
 30
0.0
 10
156.017740167
 20
124.4240416162
 30
0.0
 10
155.8823008019
 20
124.0962656146
 30
0.0
 10
155.88226253
 20
123.7663904264
 30
0.0
  0
SPLINE
  5
32D
330
20C
100
AcDbEntity
  8
2
  6
Continuous
390
DFF
 62
   155
420
  5075865
100
AcDbSpline
210
0.0
220
0.0
230
1.0
 70
     8
 71
     3
 72
    10
 73
     6
 74
     0
 42
1E-07
 43
1E-10
 40
0.0
 40
0.0
 40
0.0
 40
0.0
 40
0.4995638587
 40
0.4995638587
 40
1.0
 40
1.0
 40
1.0
 40
1.0
 10
156.1443013967
 20
123.7663658573
 30
0.0
 10
156.1443259118
 20
124.0278289327
 30
0.0
 10
156.2516321489
 20
124.2874212714
 30
0.0
 10
156.6209720485
 20
124.6572682088
 30
0.0
 10
156.8810010189
 20
124.7649836036
 30
0.0
 10
157.1429271882
 20
124.7649920998
 30
0.0
  0
SPLINE
  5
32E
330
20C
100
AcDbEntity
  8
2
  6
Continuous
390
DFF
 62
   155
420
  5075865
100
AcDbSpline
210
0.0
220
0.0
230
1.0
 70
     8
 71
     3
 72
    10
 73
     6
 74
     0
 42
1E-07
 43
1E-10
 40
0.0
 40
0.0
 40
0.0
 40
0.0
 40
0.5004526023
 40
0.5004526023
 40
1.0
 40
1.0
 40
1.0
 40
1.0
 10
161.9304120593
 20
123.7663304009
 30
0.0
 10
161.9304120593
 20
124.0968109679
 30
0.0
 10
161.7944536396
 20
124.425166321
 30
0.0
 10
161.3274227989
 20
124.8915568911
 30
0.0
 10
160.9996466811
 20
125.0269963724
 30
0.0
 10
160.6697714925
 20
125.027034645
 30
0.0
  0
SPLINE
  5
32F
330
20C
100
AcDbEntity
  8
2
  6
Continuous
390
DFF
 62
   155
420
  5075865
100
AcDbSpline
210
0.0
220
0.0
230
1.0
 70
     8
 71
     3
 72
    10
 73
     6
 74
     0
 42
1E-07
 43
1E-10
 40
0.0
 40
0.0
 40
0.0
 40
0.0
 40
0.4995628424
 40
0.4995628424
 40
1.0
 40
1.0
 40
1.0
 40
1.0
 10
160.6697469229
 20
124.764995779
 30
0.0
 10
160.9312099988
 20
124.7649712634
 30
0.0
 10
161.1908024296
 20
124.6576649345
 30
0.0
 10
161.5606499344
 20
124.2883244678
 30
0.0
 10
161.6683655449
 20
124.0282940423
 30
0.0
 10
161.6683731655
 20
123.7663667925
 30
0.0
  0
SPLINE
  5
330
330
20C
100
AcDbEntity
  8
2
  6
Continuous
390
DFF
 62
   155
420
  5075865
100
AcDbSpline
210
0.0
220
0.0
230
1.0
 70
     8
 71
     3
 72
    10
 73
     6
 74
     0
 42
1E-07
 43
1E-10
 40
0.0
 40
0.0
 40
0.0
 40
0.0
 40
0.4995628424
 40
0.4995628424
 40
1.0
 40
1.0
 40
1.0
 40
1.0
 10
160.6697469229
 20
281.2409115275
 30
0.0
 10
160.9312099988
 20
281.2409360431
 30
0.0
 10
161.1908024296
 20
281.348242372
 30
0.0
 10
161.5606499344
 20
281.7175828386
 30
0.0
 10
161.6683655449
 20
281.9776132642
 30
0.0
 10
161.6683731655
 20
282.2395405139
 30
0.0
  0
SPLINE
  5
331
330
20C
100
AcDbEntity
  8
2
  6
Continuous
390
DFF
 62
   155
420
  5075865
100
AcDbSpline
210
0.0
220
0.0
230
1.0
 70
     8
 71
     3
 72
    10
 73
     6
 74
     0
 42
1E-07
 43
1E-10
 40
0.0
 40
0.0
 40
0.0
 40
0.0
 40
0.5004526023
 40
0.5004526023
 40
1.0
 40
1.0
 40
1.0
 40
1.0
 10
161.9304120593
 20
282.2395769055
 30
0.0
 10
161.9304120593
 20
281.9090963386
 30
0.0
 10
161.7944536396
 20
281.5807409854
 30
0.0
 10
161.3274227989
 20
281.1143504153
 30
0.0
 10
160.9996466811
 20
280.978910934
 30
0.0
 10
160.6697714925
 20
280.9788726614
 30
0.0
  0
SPLINE
  5
332
330
20C
100
AcDbEntity
  8
2
  6
Continuous
390
DFF
 62
   155
420
  5075865
100
AcDbSpline
210
0.0
220
0.0
230
1.0
 70
     8
 71
     3
 72
    10
 73
     6
 74
     0
 42
1E-07
 43
1E-10
 40
0.0
 40
0.0
 40
0.0
 40
0.0
 40
0.4995628424
 40
0.4995628424
 40
1.0
 40
1.0
 40
1.0
 40
1.0
 10
67.14292597239999
 20
124.764995779
 30
0.0
 10
66.8814628965
 20
124.7649712634
 30
0.0
 10
66.6218704657
 20
124.6576649345
 30
0.0
 10
66.25202296080001
 20
124.2883244678
 30
0.0
 10
66.1443073503
 20
124.0282940423
 30
0.0
 10
66.1442997298
 20
123.7663667925
 30
0.0
  0
SPLINE
  5
333
330
20C
100
AcDbEntity
  8
2
  6
Continuous
390
DFF
 62
   155
420
  5075865
100
AcDbSpline
210
0.0
220
0.0
230
1.0
 70
     8
 71
     3
 72
    10
 73
     6
 74
     0
 42
1E-07
 43
1E-10
 40
0.0
 40
0.0
 40
0.0
 40
0.0
 40
0.5004526023
 40
0.5004526023
 40
1.0
 40
1.0
 40
1.0
 40
1.0
 10
65.8822608359
 20
123.7663304009
 30
0.0
 10
65.8822608359
 20
124.0968109679
 30
0.0
 10
66.0182192557
 20
124.425166321
 30
0.0
 10
66.48525009640001
 20
124.8915568911
 30
0.0
 10
66.81302621420001
 20
125.0269963724
 30
0.0
 10
67.14290140279999
 20
125.027034645
 30
0.0
  0
SPLINE
  5
334
330
20C
100
AcDbEntity
  8
2
  6
Continuous
390
DFF
 62
   155
420
  5075865
100
AcDbSpline
210
0.0
220
0.0
230
1.0
 70
     8
 71
     3
 72
    14
 73
    10
 74
     0
 42
1E-07
 43
1E-10
 40
0.0
 40
0.0
 40
0.0
 40
0.0
 40
0.25
 40
0.25
 40
0.5
 40
0.5
 40
0.75
 40
0.75
 40
1.0
 40
1.0
 40
1.0
 40
1.0
 10
35.9304142405
 20
249.7663641285
 30
0.0
 10
35.9304014532
 20
249.9000652284
 30
0.0
 10
35.9088447853
 20
250.0294852601
 30
0.0
 10
35.8269342394
 20
250.2806157795
 30
0.0
 10
35.7663015075
 20
250.4005961696
 30
0.0
 10
35.61179305570001
 20
250.6148486587
 30
0.0
 10
35.5163345311
 20
250.7100530038
 30
0.0
 10
35.3022858059
 20
250.8638397769
 30
0.0
 10
35.1816283557
 20
250.924570475
 30
0.0
 10
35.0562004099
 20
250.9652320516
 30
0.0
  0
SPLINE
  5
335
330
20C
100
AcDbEntity
  8
2
  6
Continuous
390
DFF
 62
   155
420
  5075865
100
AcDbSpline
210
0.0
220
0.0
230
1.0
 70
     8
 71
     3
 72
    12
 73
     8
 74
     0
 42
1E-07
 43
1E-10
 40
0.0
 40
0.0
 40
0.0
 40
0.0
 40
0.25
 40
0.25
 40
0.5
 40
0.5
 40
1.0
 40
1.0
 40
1.0
 40
1.0
 10
35.668375344
 20
249.7663641285
 30
0.0
 10
35.6683629773
 20
249.8982568904
 30
0.0
 10
35.6415774331
 20
250.0273222292
 30
0.0
 10
35.5415461311
 20
250.2691293675
 30
0.0
 10
35.4682330098
 20
250.3804366949
 30
0.0
 10
35.1923287515
 20
250.6564946168
 30
0.0
 10
34.9333966316
 20
250.7649827005
 30
0.0
 10
34.669749587
 20
250.7649903711
 30
0.0
  0
SPLINE
  5
336
330
20C
100
AcDbEntity
  8
2
  6
Continuous
390
DFF
 62
   155
420
  5075865
100
AcDbSpline
210
0.0
220
0.0
230
1.0
 70
     8
 71
     3
 72
    12
 73
     8
 74
     0
 42
1E-07
 43
1E-10
 40
0.0
 40
0.0
 40
0.0
 40
0.0
 40
0.25
 40
0.25
 40
0.5
 40
0.5
 40
1.0
 40
1.0
 40
1.0
 40
1.0
 10
192.1442975512
 20
249.7663641285
 30
0.0
 10
192.144309918
 20
249.8982568904
 30
0.0
 10
192.1710954622
 20
250.0273222292
 30
0.0
 10
192.2711267642
 20
250.2691293675
 30
0.0
 10
192.3444398855
 20
250.3804366949
 30
0.0
 10
192.6203441437
 20
250.6564946168
 30
0.0
 10
192.8792762637
 20
250.7649827005
 30
0.0
 10
193.1429233083
 20
250.7649903711
 30
0.0
  0
SPLINE
  5
337
330
20C
100
AcDbEntity
  8
2
  6
Continuous
390
DFF
 62
   155
420
  5075865
100
AcDbSpline
210
0.0
220
0.0
230
1.0
 70
     8
 71
     3
 72
    14
 73
    10
 74
     0
 42
1E-07
 43
1E-10
 40
0.0
 40
0.0
 40
0.0
 40
0.0
 40
0.25
 40
0.25
 40
0.5
 40
0.5
 40
0.75
 40
0.75
 40
1.0
 40
1.0
 40
1.0
 40
1.0
 10
191.8822586548
 20
249.7663641285
 30
0.0
 10
191.882271442
 20
249.9000652284
 30
0.0
 10
191.90382811
 20
250.0294852601
 30
0.0
 10
191.9857386559
 20
250.2806157795
 30
0.0
 10
192.0463713878
 20
250.4005961696
 30
0.0
 10
192.2008798396
 20
250.6148486587
 30
0.0
 10
192.2963383642
 20
250.7100530038
 30
0.0
 10
192.5103870894
 20
250.8638397769
 30
0.0
 10
192.6310445396
 20
250.924570475
 30
0.0
 10
192.7564724853
 20
250.9652320516
 30
0.0
  0
SPLINE
  5
338
330
20C
100
AcDbEntity
  8
2
  6
Continuous
390
DFF
 62
   155
420
  5075865
100
AcDbSpline
210
0.0
220
0.0
230
1.0
 70
     8
 71
     3
 72
    16
 73
    12
 74
     0
 42
1E-07
 43
1E-10
 40
0.0
 40
0.0
 40
0.0
 40
0.0
 40
0.125
 40
0.125
 40
0.25
 40
0.25
 40
0.5
 40
0.5
 40
0.75
 40
0.75
 40
1.0
 40
1.0
 40
1.0
 40
1.0
 10
36.4558565421
 20
163.8541893001
 30
0.0
 10
36.4558565421
 20
163.7661980925
 30
0.0
 10
36.4672486967
 20
163.6801422672
 30
0.0
 10
36.5122420825
 20
163.5118036561
 30
0.0
 10
36.5461457507
 20
163.4299895544
 30
0.0
 10
36.6763617154
 20
163.204650243
 30
0.0
 10
36.8041845462
 20
163.0768033969
 30
0.0
 10
37.1081425382
 20
162.903269688
 30
0.0
 10
37.2821318622
 20
162.8583131141
 30
0.0
 10
37.6297591885
 20
162.8612766154
 30
0.0
 10
37.8034252336
 20
162.9091587653
 30
0.0
 10
37.954943288
 20
162.9986732665
 30
0.0
  0
SPLINE
  5
339
330
20C
100
AcDbEntity
  8
2
  6
Continuous
390
DFF
 62
   155
420
  5075865
100
AcDbSpline
210
0.0
220
0.0
230
1.0
 70
     8
 71
     3
 72
    16
 73
    12
 74
     0
 42
1E-07
 43
1E-10
 40
0.0
 40
0.0
 40
0.0
 40
0.0
 40
0.125
 40
0.125
 40
0.25
 40
0.25
 40
0.5
 40
0.5
 40
0.75
 40
0.75
 40
1.0
 40
1.0
 40
1.0
 40
1.0
 10
37.7530233426
 20
162.5584233129
 30
0.0
 10
37.6782028722
 20
162.5066323039
 30
0.0
 10
37.5981635713
 20
162.4660064246
 30
0.0
 10
37.4278781622
 20
162.4065910388
 30
0.0
 10
37.3382570114
 20
162.38845744
 30
0.0
 10
37.0695416511
 20
162.3711968209
 30
0.0
 10
36.8854251825
 20
162.4099292437
 30
0.0
 10
36.5660402387
 20
162.5771523603
 30
0.0
 10
36.4305496263
 20
162.7047141349
 30
0.0
 10
36.243926224
 20
163.0139416762
 30
0.0
 10
36.1938176457
 20
163.193446067
 30
0.0
 10
36.1938176457
 20
163.3754435645
 30
0.0
  0
SPLINE
  5
33A
330
20C
100
AcDbEntity
  8
2
  6
Continuous
390
DFF
 62
   155
420
  5075865
100
AcDbSpline
210
0.0
220
0.0
230
1.0
 70
     8
 71
     3
 72
    16
 73
    12
 74
     0
 42
1E-07
 43
1E-10
 40
0.0
 40
0.0
 40
0.0
 40
0.0
 40
0.125
 40
0.125
 40
0.25
 40
0.25
 40
0.5
 40
0.5
 40
0.75
 40
0.75
 40
1.0
 40
1.0
 40
1.0
 40
1.0
 10
36.1938176457
 20
242.6304637419
 30
0.0
 10
36.1938176457
 20
242.7214605209
 30
0.0
 10
36.2059684655
 20
242.8103936869
 30
0.0
 10
36.2540339219
 20
242.9842241327
 30
0.0
 10
36.2901321533
 20
243.0682342133
 30
0.0
 10
36.4288801453
 20
243.2990044623
 30
0.0
 10
36.5655171654
 20
243.4283464684
 30
0.0
 10
36.8847915849
 20
243.5957804456
 30
0.0
 10
37.0667917572
 20
243.6345834849
 30
0.0
 10
37.42726559760001
 20
243.6120333621
 30
0.0
 10
37.6033791535
 20
243.5510682599
 30
0.0
 10
37.7530233426
 20
243.4474839936
 30
0.0
  0
SPLINE
  5
33B
330
20C
100
AcDbEntity
  8
2
  6
Continuous
390
DFF
 62
   155
420
  5075865
100
AcDbSpline
210
0.0
220
0.0
230
1.0
 70
     8
 71
     3
 72
    16
 73
    12
 74
     0
 42
1E-07
 43
1E-10
 40
0.0
 40
0.0
 40
0.0
 40
0.0
 40
0.125
 40
0.125
 40
0.25
 40
0.25
 40
0.5
 40
0.5
 40
0.75
 40
0.75
 40
1.0
 40
1.0
 40
1.0
 40
1.0
 10
37.954943288
 20
243.00723404
 30
0.0
 10
37.879185193
 20
243.0519907398
 30
0.0
 10
37.7992988284
 20
243.0859547792
 30
0.0
 10
37.6314779327
 20
243.1328422919
 30
0.0
 10
37.54379307449999
 20
243.1452669789
 30
0.0
 10
37.2835476159
 20
243.1477734352
 30
0.0
 10
37.1084577846
 20
243.1027503895
 30
0.0
 10
36.8044419971
 20
242.9293179725
 30
0.0
 10
36.6772361301
 20
242.8023847787
 30
0.0
 10
36.5029668686
 20
242.5015795364
 30
0.0
 10
36.4558565421
 20
242.3277025834
 30
0.0
 10
36.4558565421
 20
242.1517180064
 30
0.0
  0
SPLINE
  5
33C
330
20C
100
AcDbEntity
  8
2
  6
Continuous
390
DFF
 62
   155
420
  5075865
100
AcDbSpline
210
0.0
220
0.0
230
1.0
 70
     8
 71
     3
 72
    10
 73
     6
 74
     0
 42
1E-07
 43
1E-10
 40
0.0
 40
0.0
 40
0.0
 40
0.0
 40
0.5829741242000001
 40
0.5829741242000001
 40
1.0
 40
1.0
 40
1.0
 40
1.0
 10
36.7564739278
 20
243.5277757819
 30
0.0
 10
36.8008592386
 20
243.4261365322
 30
0.0
 10
36.8452665077
 20
243.3279740719
 30
0.0
 10
36.9214692373
 20
243.1641956667
 30
0.0
 10
36.9532566976
 20
243.097312977
 30
0.0
 10
36.98505228699999
 20
243.0317174264
 30
0.0
  0
SPLINE
  5
33D
330
20C
100
AcDbEntity
  8
2
  6
Continuous
390
DFF
 62
   155
420
  5075865
100
AcDbSpline
210
0.0
220
0.0
230
1.0
 70
     8
 71
     3
 72
    10
 73
     6
 74
     0
 42
1E-07
 43
1E-10
 40
0.0
 40
0.0
 40
0.0
 40
0.0
 40
0.5
 40
0.5
 40
1.0
 40
1.0
 40
1.0
 40
1.0
 10
191.6188552496
 20
242.6304637419
 30
0.0
 10
191.6188552496
 20
242.8536539569
 30
0.0
 10
191.5443067424
 20
243.0706019241
 30
0.0
 10
191.2694434214
 20
243.4213470053
 30
0.0
 10
191.0757290333
 20
243.5457918063
 30
0.0
 10
190.8593039367
 20
243.5978119571
 30
0.0
  0
SPLINE
  5
33E
330
20C
100
AcDbEntity
  8
2
  6
Continuous
390
DFF
 62
   155
420
  5075865
100
AcDbSpline
210
0.0
220
0.0
230
1.0
 70
     8
 71
     3
 72
    10
 73
     6
 74
     0
 42
1E-07
 43
1E-10
 40
0.0
 40
0.0
 40
0.0
 40
0.0
 40
0.6361040491
 40
0.6361040491
 40
1.0
 40
1.0
 40
1.0
 40
1.0
 10
191.0561144901
 20
243.5277214417
 30
0.0
 10
191.0144098964
 20
243.4321752556
 30
0.0
 10
190.9726884131
 20
243.3396811928
 30
0.0
 10
190.90707783
 20
243.1981587593
 30
0.0
 10
190.8831979962
 20
243.1474559242
 30
0.0
 10
190.8593140284
 20
243.0975001676
 30
0.0
  0
SPLINE
  5
33F
330
20C
100
AcDbEntity
  8
2
  6
Continuous
390
DFF
 62
   155
420
  5075865
100
AcDbSpline
210
0.0
220
0.0
230
1.0
 70
     8
 71
     3
 72
    10
 73
     6
 74
     0
 42
1E-07
 43
1E-10
 40
0.0
 40
0.0
 40
0.0
 40
0.0
 40
0.5
 40
0.5
 40
1.0
 40
1.0
 40
1.0
 40
1.0
 10
190.8593039367
 20
162.4080953494
 30
0.0
 10
191.0730116464
 20
162.4594623463
 30
0.0
 10
191.2708003349
 20
162.586504429
 30
0.0
 10
191.5422206142
 20
162.9324312953
 30
0.0
 10
191.6188552496
 20
163.1524797479
 30
0.0
 10
191.6188552496
 20
163.3754435645
 30
0.0
  0
SPLINE
  5
340
330
20C
100
AcDbEntity
  8
2
  6
Continuous
390
DFF
 62
   155
420
  5075865
100
AcDbSpline
210
0.0
220
0.0
230
1.0
 70
     8
 71
     3
 72
    10
 73
     6
 74
     0
 42
1E-07
 43
1E-10
 40
0.0
 40
0.0
 40
0.0
 40
0.0
 40
0.6964769648
 40
0.6964769648
 40
1.0
 40
1.0
 40
1.0
 40
1.0
 10
83.8225618158
 20
277.3667992248
 30
0.0
 10
83.7581874008
 20
277.2481594261
 30
0.0
 10
83.6698900608
 20
277.1884616927
 30
0.0
 10
83.5093889843
 20
277.1884616921
 30
0.0
 10
83.4641529084
 20
277.2020637071
 30
0.0
 10
83.422831493
 20
277.2300234046
 30
0.0
  0
SPLINE
  5
341
330
20C
100
AcDbEntity
  8
2
  6
Continuous
390
DFF
 62
   155
420
  5075865
100
AcDbSpline
210
0.0
220
0.0
230
1.0
 70
     8
 71
     3
 72
    10
 73
     6
 74
     0
 42
1E-07
 43
1E-10
 40
0.0
 40
0.0
 40
0.0
 40
0.0
 40
0.8363095237999999
 40
0.8363095237999999
 40
1.0
 40
1.0
 40
1.0
 40
1.0
 10
83.2036105088
 20
277.6509302048
 30
0.0
 10
83.1783826968
 20
277.7741040082
 30
0.0
 10
83.16576879039999
 20
277.9418621946
 30
0.0
 10
83.16576878949999
 20
278.1957664767
 30
0.0
 10
83.16620375159999
 20
278.2297715145
 30
0.0
 10
83.1670736761
 20
278.2577312122
 30
0.0
  0
SPLINE
  5
342
330
20C
100
AcDbEntity
  8
2
  6
Continuous
390
DFF
 62
   155
420
  5075865
100
AcDbSpline
210
0.0
220
0.0
230
1.0
 70
     8
 71
     3
 72
    10
 73
     6
 74
     0
 42
1E-07
 43
1E-10
 40
0.0
 40
0.0
 40
0.0
 40
0.0
 40
0.5807692308
 40
0.5807692308
 40
1.0
 40
1.0
 40
1.0
 40
1.0
 10
83.3445382802
 20
278.4685624472
 30
0.0
 10
83.4010833748
 20
278.4950108101
 30
0.0
 10
83.4619780921
 20
278.5086128254
 30
0.0
 10
83.5750682816
 20
278.5086128259
 30
0.0
 10
83.6203043574
 20
278.5018118185
 30
0.0
 10
83.6633656218
 20
278.4882098035
 30
0.0
  0
SPLINE
  5
343
330
20C
100
AcDbEntity
  8
2
  6
Continuous
390
DFF
 62
   155
420
  5075865
100
AcDbSpline
210
0.0
220
0.0
230
1.0
 70
     8
 71
     3
 72
    10
 73
     6
 74
     0
 42
1E-07
 43
1E-10
 40
0.0
 40
0.0
 40
0.0
 40
0.0
 40
0.3586956522
 40
0.3586956522
 40
1.0
 40
1.0
 40
1.0
 40
1.0
 10
83.8869362282
 20
278.1897211394
 30
0.0
 10
83.90824937959999
 20
278.1081090488
 30
0.0
 10
83.9186884744
 20
278.0045826005
 30
0.0
 10
83.91868847569999
 20
277.6569755476
 30
0.0
 10
83.8865012686
 20
277.4854390235
 30
0.0
 10
83.8225618158
 20
277.3667992248
 30
0.0
  0
SPLINE
  5
344
330
20C
100
AcDbEntity
  8
2
  6
Continuous
390
DFF
 62
   155
420
  5075865
100
AcDbSpline
210
0.0
220
0.0
230
1.0
 70
     8
 71
     3
 72
    14
 73
    10
 74
     0
 42
1E-07
 43
1E-10
 40
0.0
 40
0.0
 40
0.0
 40
0.0
 40
0.2353760446
 40
0.2353760446
 40
0.4707520890999999
 40
0.4707520890999999
 40
0.7353760445999999
 40
0.7353760445999999
 40
1.0
 40
1.0
 40
1.0
 40
1.0
 10
83.9487008684
 20
278.6612576636
 30
0.0
 10
83.889980962
 20
278.7322904089
 30
0.0
 10
83.8325659426
 20
278.7798974616
 30
0.0
 10
83.72034567750001
 20
278.8267488466
 30
0.0
 10
83.6555362997
 20
278.8388395264
 30
0.0
 10
83.49938484579999
 20
278.8388395258
 30
0.0
 10
83.42674614729999
 20
278.8207035054
 30
0.0
 10
83.3006070902
 20
278.7496707593
 30
0.0
 10
83.2366676371
 20
278.6975297012
 30
0.0
 10
83.1714232973
 20
278.6295196253
 30
0.0
  0
SPLINE
  5
345
330
20C
100
AcDbEntity
  8
2
  6
Continuous
390
DFF
 62
   155
420
  5075865
100
AcDbSpline
210
0.0
220
0.0
230
1.0
 70
     8
 71
     3
 72
    10
 73
     6
 74
     0
 42
1E-07
 43
1E-10
 40
0.0
 40
0.0
 40
0.0
 40
0.0
 40
0.7843942505
 40
0.7843942505
 40
1.0
 40
1.0
 40
1.0
 40
1.0
 10
83.34453827680001
 20
279.3610057721
 30
0.0
 10
83.4432747107
 20
279.5416103065
 30
0.0
 10
83.5759382018
 20
279.6322904077
 30
0.0
 10
83.7877648259
 20
279.6322904085
 30
0.0
 10
83.8325659394
 20
279.6232223986
 30
0.0
 10
83.8760621662
 20
279.6050863786
 30
0.0
  0
SPLINE
  5
346
330
20C
100
AcDbEntity
  8
2
  6
Continuous
390
DFF
 62
   155
420
  5075865
100
AcDbSpline
210
0.0
220
0.0
230
1.0
 70
     8
 71
     3
 72
    10
 73
     6
 74
     0
 42
1E-07
 43
1E-10
 40
0.0
 40
0.0
 40
0.0
 40
0.0
 40
0.2419354839
 40
0.2419354839
 40
1.0
 40
1.0
 40
1.0
 40
1.0
 10
83.8917208064
 20
279.9693181167
 30
0.0
 10
83.8608384854
 20
279.9753634567
 30
0.0
 10
83.82256180590001
 20
279.9791417941
 30
0.0
 10
83.633788182
 20
279.9791417933
 30
0.0
 10
83.50851904930001
 20
279.936068745
 30
0.0
 10
83.4010833697
 20
279.8514339839
 30
0.0
  0
SPLINE
  5
347
330
20C
100
AcDbEntity
  8
2
  6
Continuous
390
DFF
 62
   155
420
  5075865
100
AcDbSpline
210
0.0
220
0.0
230
1.0
 70
     8
 71
     3
 72
    14
 73
    10
 74
     0
 42
1E-07
 43
1E-10
 40
0.0
 40
0.0
 40
0.0
 40
0.0
 40
0.2664820711
 40
0.2664820711
 40
0.5269077315
 40
0.5269077315
 40
0.7883652977
 40
0.7883652977
 40
1.0
 40
1.0
 40
1.0
 40
1.0
 10
82.9804748609
 20
278.9476556448
 30
0.0
 10
82.9478526916
 20
278.7421140829
 30
0.0
 10
82.9313241264
 20
278.5063458209
 30
0.0
 10
82.93132412840001
 20
277.9804012365
 30
0.0
 10
82.949300067
 20
277.7590186129
 30
0.0
 10
83.0213613199
 20
277.3909805819
 30
0.0
 10
83.07270576409999
 20
277.2428809953
 30
0.0
 10
83.1923014922
 20
277.0418621947
 30
0.0
 10
83.2536311721
 20
276.9738521194
 30
0.0
 10
83.323225135
 20
276.9285120692
 30
0.0
  0
SPLINE
  5
348
330
20C
100
AcDbEntity
  8
2
  6
Continuous
390
DFF
 62
   155
420
  5075865
100
AcDbSpline
210
0.0
220
0.0
230
1.0
 70
     8
 71
     3
 72
    10
 73
     6
 74
     0
 42
1E-07
 43
1E-10
 40
0.0
 40
0.0
 40
0.0
 40
0.0
 40
0.3367697595
 40
0.3367697595
 40
1.0
 40
1.0
 40
1.0
 40
1.0
 10
83.323225135
 20
276.9285120692
 30
0.0
 10
83.3928190979
 20
276.8824163516
 30
0.0
 10
83.4702423815
 20
276.8597463267
 30
0.0
 10
83.7233904209
 20
276.8597463277
 30
0.0
 10
83.86518811960001
 20
276.9557161015
 30
0.0
 10
83.9804531196
 20
277.1491669836
 30
0.0
  0
SPLINE
  5
349
330
20C
100
AcDbEntity
  8
2
  6
Continuous
390
DFF
 62
   155
420
  5075865
100
AcDbSpline
210
0.0
220
0.0
230
1.0
 70
     8
 71
     3
 72
    10
 73
     6
 74
     0
 42
1E-07
 43
1E-10
 40
0.0
 40
0.0
 40
0.0
 40
0.0
 40
0.63125
 40
0.63125
 40
1.0
 40
1.0
 40
1.0
 40
1.0
 10
83.9804531196
 20
277.1491669836
 30
0.0
 10
84.0961530819
 20
277.3418621981
 30
0.0
 10
84.1540030625
 20
277.5904768079
 30
0.0
 10
84.1540030606
 20
278.0741040119
 30
0.0
 10
84.13660456939999
 20
278.2259931806
 30
0.0
 10
84.1022425498
 20
278.350678319
 30
0.0
  0
SPLINE
  5
34A
330
20C
100
AcDbEntity
  8
2
  6
Continuous
390
DFF
 62
   155
420
  5075865
100
AcDbSpline
210
0.0
220
0.0
230
1.0
 70
     8
 71
     3
 72
    10
 73
     6
 74
     0
 42
1E-07
 43
1E-10
 40
0.0
 40
0.0
 40
0.0
 40
0.0
 40
0.5
 40
0.5
 40
1.0
 40
1.0
 40
1.0
 40
1.0
 10
92.124686598
 20
279.5960183999
 30
0.0
 10
92.0959790885
 20
279.5695700371
 30
0.0
 10
92.0537877487
 20
279.5491670142
 30
0.0
 10
91.9424374084
 20
279.5204516486
 30
0.0
 10
91.89024193639999
 20
279.5136506408
 30
0.0
 10
91.8415261625
 20
279.5136506406
 30
0.0
  0
SPLINE
  5
34B
330
20C
100
AcDbEntity
  8
2
  6
Continuous
390
DFF
 62
   155
420
  5075865
100
AcDbSpline
210
0.0
220
0.0
230
1.0
 70
     8
 71
     3
 72
    10
 73
     6
 74
     0
 42
1E-07
 43
1E-10
 40
0.0
 40
0.0
 40
0.0
 40
0.0
 40
0.6964769648
 40
0.6964769648
 40
1.0
 40
1.0
 40
1.0
 40
1.0
 10
88.470133639
 20
277.3667992424
 30
0.0
 10
88.40575922389999
 20
277.2481594437
 30
0.0
 10
88.31746188389999
 20
277.1884617104
 30
0.0
 10
88.1569608074
 20
277.1884617098
 30
0.0
 10
88.11172473159999
 20
277.2020637247
 30
0.0
 10
88.07040331610001
 20
277.2300234223
 30
0.0
  0
SPLINE
  5
34C
330
20C
100
AcDbEntity
  8
2
  6
Continuous
390
DFF
 62
   155
420
  5075865
100
AcDbSpline
210
0.0
220
0.0
230
1.0
 70
     8
 71
     3
 72
    10
 73
     6
 74
     0
 42
1E-07
 43
1E-10
 40
0.0
 40
0.0
 40
0.0
 40
0.0
 40
0.8363095237999999
 40
0.8363095237999999
 40
1.0
 40
1.0
 40
1.0
 40
1.0
 10
87.85118233190001
 20
277.6509302225
 30
0.0
 10
87.82595452
 20
277.7741040259
 30
0.0
 10
87.8133406136
 20
277.9418622122
 30
0.0
 10
87.8133406126
 20
278.1957664944
 30
0.0
 10
87.81377557479999
 20
278.2297715321
 30
0.0
 10
87.8146454992
 20
278.2577312299
 30
0.0
  0
SPLINE
  5
34D
330
20C
100
AcDbEntity
  8
2
  6
Continuous
390
DFF
 62
   155
420
  5075865
100
AcDbSpline
210
0.0
220
0.0
230
1.0
 70
     8
 71
     3
 72
    10
 73
     6
 74
     0
 42
1E-07
 43
1E-10
 40
0.0
 40
0.0
 40
0.0
 40
0.0
 40
0.5807692308
 40
0.5807692308
 40
1.0
 40
1.0
 40
1.0
 40
1.0
 10
87.99211010329999
 20
278.4685624648
 30
0.0
 10
88.04865519799999
 20
278.4950108277
 30
0.0
 10
88.10954991530001
 20
278.5086128431
 30
0.0
 10
88.22264010469999
 20
278.5086128435
 30
0.0
 10
88.2678761805
 20
278.5018118361
 30
0.0
 10
88.31093744499999
 20
278.4882098212
 30
0.0
  0
SPLINE
  5
34E
330
20C
100
AcDbEntity
  8
2
  6
Continuous
390
DFF
 62
   155
420
  5075865
100
AcDbSpline
210
0.0
220
0.0
230
1.0
 70
     8
 71
     3
 72
    10
 73
     6
 74
     0
 42
1E-07
 43
1E-10
 40
0.0
 40
0.0
 40
0.0
 40
0.0
 40
0.3586956522
 40
0.3586956522
 40
1.0
 40
1.0
 40
1.0
 40
1.0
 10
88.5345080514
 20
278.189721157
 30
0.0
 10
88.5558212028
 20
278.1081090664
 30
0.0
 10
88.5662602976
 20
278.0045826181
 30
0.0
 10
88.56626029889999
 20
277.6569755652
 30
0.0
 10
88.5340730918
 20
277.4854390412
 30
0.0
 10
88.470133639
 20
277.3667992424
 30
0.0
  0
SPLINE
  5
34F
330
20C
100
AcDbEntity
  8
2
  6
Continuous
390
DFF
 62
   155
420
  5075865
100
AcDbSpline
210
0.0
220
0.0
230
1.0
 70
     8
 71
     3
 72
    14
 73
    10
 74
     0
 42
1E-07
 43
1E-10
 40
0.0
 40
0.0
 40
0.0
 40
0.0
 40
0.2353760446
 40
0.2353760446
 40
0.4707520890999999
 40
0.4707520890999999
 40
0.7353760445999999
 40
0.7353760445999999
 40
1.0
 40
1.0
 40
1.0
 40
1.0
 10
88.59627269149999
 20
278.6612576812
 30
0.0
 10
88.53755278520001
 20
278.7322904266
 30
0.0
 10
88.4801377658
 20
278.7798974793
 30
0.0
 10
88.3679175007
 20
278.8267488642
 30
0.0
 10
88.30310812290001
 20
278.8388395441
 30
0.0
 10
88.14695666899999
 20
278.8388395435
 30
0.0
 10
88.07431797049999
 20
278.8207035231
 30
0.0
 10
87.9481789133
 20
278.749670777
 30
0.0
 10
87.88423946020001
 20
278.6975297188
 30
0.0
 10
87.81899512049999
 20
278.629519643
 30
0.0
  0
SPLINE
  5
350
330
20C
100
AcDbEntity
  8
2
  6
Continuous
390
DFF
 62
   155
420
  5075865
100
AcDbSpline
210
0.0
220
0.0
230
1.0
 70
     8
 71
     3
 72
    10
 73
     6
 74
     0
 42
1E-07
 43
1E-10
 40
0.0
 40
0.0
 40
0.0
 40
0.0
 40
0.7843942505
 40
0.7843942505
 40
1.0
 40
1.0
 40
1.0
 40
1.0
 10
87.9921100999
 20
279.3610057897
 30
0.0
 10
88.09084653389999
 20
279.5416103241
 30
0.0
 10
88.223510025
 20
279.6322904254
 30
0.0
 10
88.43533664899999
 20
279.6322904262
 30
0.0
 10
88.48013776260001
 20
279.6232224163
 30
0.0
 10
88.52363398930001
 20
279.6050863963
 30
0.0
  0
SPLINE
  5
351
330
20C
100
AcDbEntity
  8
2
  6
Continuous
390
DFF
 62
   155
420
  5075865
100
AcDbSpline
210
0.0
220
0.0
230
1.0
 70
     8
 71
     3
 72
    10
 73
     6
 74
     0
 42
1E-07
 43
1E-10
 40
0.0
 40
0.0
 40
0.0
 40
0.0
 40
0.2419354839
 40
0.2419354839
 40
1.0
 40
1.0
 40
1.0
 40
1.0
 10
88.53929262959998
 20
279.9693181344
 30
0.0
 10
88.50841030860001
 20
279.9753634743
 30
0.0
 10
88.4701336291
 20
279.9791418117
 30
0.0
 10
88.2813600052
 20
279.979141811
 30
0.0
 10
88.1560908724
 20
279.9360687627
 30
0.0
 10
88.04865519280001
 20
279.8514340015
 30
0.0
  0
SPLINE
  5
352
330
20C
100
AcDbEntity
  8
2
  6
Continuous
390
DFF
 62
   155
420
  5075865
100
AcDbSpline
210
0.0
220
0.0
230
1.0
 70
     8
 71
     3
 72
    14
 73
    10
 74
     0
 42
1E-07
 43
1E-10
 40
0.0
 40
0.0
 40
0.0
 40
0.0
 40
0.2664820711
 40
0.2664820711
 40
0.5269077315
 40
0.5269077315
 40
0.7883652977
 40
0.7883652977
 40
1.0
 40
1.0
 40
1.0
 40
1.0
 10
87.628046684
 20
278.9476556624
 30
0.0
 10
87.5954245148
 20
278.7421141006
 30
0.0
 10
87.57889594950001
 20
278.5063458386
 30
0.0
 10
87.5788959515
 20
277.9804012542
 30
0.0
 10
87.5968718901
 20
277.7590186306
 30
0.0
 10
87.66893314299999
 20
277.3909805996
 30
0.0
 10
87.72027758729999
 20
277.242881013
 30
0.0
 10
87.83987331530001
 20
277.0418622123
 30
0.0
 10
87.90120299520001
 20
276.973852137
 30
0.0
 10
87.9707969581
 20
276.9285120869
 30
0.0
  0
SPLINE
  5
353
330
20C
100
AcDbEntity
  8
2
  6
Continuous
390
DFF
 62
   155
420
  5075865
100
AcDbSpline
210
0.0
220
0.0
230
1.0
 70
     8
 71
     3
 72
    10
 73
     6
 74
     0
 42
1E-07
 43
1E-10
 40
0.0
 40
0.0
 40
0.0
 40
0.0
 40
0.3367697595
 40
0.3367697595
 40
1.0
 40
1.0
 40
1.0
 40
1.0
 10
87.9707969581
 20
276.9285120869
 30
0.0
 10
88.04039092100001
 20
276.8824163693
 30
0.0
 10
88.11781420459999
 20
276.8597463444
 30
0.0
 10
88.370962244
 20
276.8597463453
 30
0.0
 10
88.5127599427
 20
276.9557161192
 30
0.0
 10
88.62802494270001
 20
277.1491670012
 30
0.0
  0
SPLINE
  5
354
330
20C
100
AcDbEntity
  8
2
  6
Continuous
390
DFF
 62
   155
420
  5075865
100
AcDbSpline
210
0.0
220
0.0
230
1.0
 70
     8
 71
     3
 72
    10
 73
     6
 74
     0
 42
1E-07
 43
1E-10
 40
0.0
 40
0.0
 40
0.0
 40
0.0
 40
0.63125
 40
0.63125
 40
1.0
 40
1.0
 40
1.0
 40
1.0
 10
88.62802494270001
 20
277.1491670012
 30
0.0
 10
88.74372490499999
 20
277.3418622158
 30
0.0
 10
88.80157488559999
 20
277.5904768256
 30
0.0
 10
88.80157488379999
 20
278.0741040296
 30
0.0
 10
88.7841763925
 20
278.2259931983
 30
0.0
 10
88.7498143729
 20
278.3506783367
 30
0.0
  0
SPLINE
  5
355
330
20C
100
AcDbEntity
  8
2
  6
Continuous
390
DFF
 62
   155
420
  5075865
100
AcDbSpline
210
0.0
220
0.0
230
1.0
 70
     8
 71
     3
 72
    10
 73
     6
 74
     0
 42
1E-07
 43
1E-10
 40
0.0
 40
0.0
 40
0.0
 40
0.0
 40
0.3100616016
 40
0.3100616016
 40
1.0
 40
1.0
 40
1.0
 40
1.0
 10
79.06711934489999
 20
278.8395951765
 30
0.0
 10
79.08364791060001
 20
278.9385876199
 30
0.0
 10
79.0919121933
 20
279.0451367383
 30
0.0
 10
79.09191219189999
 20
279.4131468139
 30
0.0
 10
79.04189153039999
 20
279.6141543704
 30
0.0
 10
78.9409802839
 20
279.7622652012
 30
0.0
  0
SPLINE
  5
356
330
20C
100
AcDbEntity
  8
2
  6
Continuous
390
DFF
 62
   155
420
  5075865
100
AcDbSpline
210
0.0
220
0.0
230
1.0
 70
     8
 71
     3
 72
    10
 73
     6
 74
     0
 42
1E-07
 43
1E-10
 40
0.0
 40
0.0
 40
0.0
 40
0.0
 40
0.6738410596
 40
0.6738410596
 40
1.0
 40
1.0
 40
1.0
 40
1.0
 10
78.9409802839
 20
279.7622652012
 30
0.0
 10
78.8405039997
 20
279.9111316996
 30
0.0
 10
78.70175103619999
 20
279.9851871147
 30
0.0
 10
78.4390338269
 20
279.9851871137
 30
0.0
 10
78.3503015245
 20
279.9655397582
 30
0.0
 10
78.25852448640001
 20
279.927000715
 30
0.0
  0
SPLINE
  5
357
330
20C
100
AcDbEntity
  8
2
  6
Continuous
390
DFF
 62
   155
420
  5075865
100
AcDbSpline
210
0.0
220
0.0
230
1.0
 70
     8
 71
     3
 72
    10
 73
     6
 74
     0
 42
1E-07
 43
1E-10
 40
0.0
 40
0.0
 40
0.0
 40
0.0
 40
0.4
 40
0.4
 40
1.0
 40
1.0
 40
1.0
 40
1.0
 10
78.29071169550001
 20
279.5718369871
 30
0.0
 10
78.37248460149999
 20
279.6149100353
 30
0.0
 10
78.4486029981
 20
279.6368243933
 30
0.0
 10
78.6247627163
 20
279.636824394
 30
0.0
 10
78.7074055472
 20
279.5929956789
 30
0.0
 10
78.7665604158
 20
279.5045825809
 30
0.0
  0
SPLINE
  5
358
330
20C
100
AcDbEntity
  8
2
  6
Continuous
390
DFF
 62
   155
420
  5075865
100
AcDbSpline
210
0.0
220
0.0
230
1.0
 70
     8
 71
     3
 72
    10
 73
     6
 74
     0
 42
1E-07
 43
1E-10
 40
0.0
 40
0.0
 40
0.0
 40
0.0
 40
0.4768518519
 40
0.4768518519
 40
1.0
 40
1.0
 40
1.0
 40
1.0
 10
78.7665604158
 20
279.5045825809
 30
0.0
 10
78.82571528449999
 20
279.4169251504
 30
0.0
 10
78.85529271909999
 20
279.2945070145
 30
0.0
 10
78.8552927203
 20
278.9680586518
 30
0.0
 10
78.8278900981
 20
278.8093684753
 30
0.0
 10
78.773084853
 20
278.6627689789
 30
0.0
  0
SPLINE
  5
359
330
20C
100
AcDbEntity
  8
2
  6
Continuous
390
DFF
 62
   155
420
  5075865
100
AcDbSpline
210
0.0
220
0.0
230
1.0
 70
     8
 71
     3
 72
    10
 73
     6
 74
     0
 42
1E-07
 43
1E-10
 40
0.0
 40
0.0
 40
0.0
 40
0.0
 40
0.7875457875
 40
0.7875457875
 40
1.0
 40
1.0
 40
1.0
 40
1.0
 10
81.13710477399999
 20
278.7466480811
 30
0.0
 10
81.0670758489
 20
278.7746077785
 30
0.0
 10
80.9848679804
 20
278.7882097934
 30
0.0
 10
80.86612328149999
 20
278.7882097929
 30
0.0
 10
80.83567592279999
 20
278.7866984578
 30
0.0
 10
80.80131390370001
 20
278.7844314551
 30
0.0
  0
SPLINE
  5
35A
330
20C
100
AcDbEntity
  8
2
  6
Continuous
390
DFF
 62
   155
420
  5075865
100
AcDbSpline
210
0.0
220
0.0
230
1.0
 70
     8
 71
     3
 72
    10
 73
     6
 74
     0
 42
1E-07
 43
1E-10
 40
0.0
 40
0.0
 40
0.0
 40
0.0
 40
0.4875
 40
0.4875
 40
1.0
 40
1.0
 40
1.0
 40
1.0
 10
80.6382030549
 20
278.425489389
 30
0.0
 10
80.7008376213
 20
278.4413584069
 30
0.0
 10
80.76651692359999
 20
278.4496707497
 30
0.0
 10
80.9057048491
 20
278.4496707502
 30
0.0
 10
80.9700792646
 20
278.4390914054
 30
0.0
 10
81.027494284
 20
278.4186883829
 30
0.0
  0
SPLINE
  5
35B
330
20C
100
AcDbEntity
  8
2
  6
Continuous
390
DFF
 62
   155
420
  5075865
100
AcDbSpline
210
0.0
220
0.0
230
1.0
 70
     8
 71
     3
 72
    10
 73
     6
 74
     0
 42
1E-07
 43
1E-10
 40
0.0
 40
0.0
 40
0.0
 40
0.0
 40
0.4945848375
 40
0.4945848375
 40
1.0
 40
1.0
 40
1.0
 40
1.0
 10
81.2593291733
 20
278.1390914065
 30
0.0
 10
81.28020736239999
 20
278.068058661
 30
0.0
 10
81.29021149489999
 20
277.9804012303
 30
0.0
 10
81.29021149569999
 20
277.771081331
 30
0.0
 10
81.28151225069999
 20
277.6773785602
 30
0.0
 10
81.26411376029999
 20
277.5972778045
 30
0.0
  0
SPLINE
  5
35C
330
20C
100
AcDbEntity
  8
2
  6
Continuous
390
DFF
 62
   155
420
  5075865
100
AcDbSpline
210
0.0
220
0.0
230
1.0
 70
     8
 71
     3
 72
    10
 73
     6
 74
     0
 42
1E-07
 43
1E-10
 40
0.0
 40
0.0
 40
0.0
 40
0.0
 40
0.4012738854
 40
0.4012738854
 40
1.0
 40
1.0
 40
1.0
 40
1.0
 10
81.04967736399999
 20
277.2481594158
 30
0.0
 10
80.99835181659999
 20
277.2217110528
 30
0.0
 10
80.9448514578
 20
277.2081090375
 30
0.0
 10
80.808273306
 20
277.208109037
 30
0.0
 10
80.72476055060001
 20
277.2322903969
 30
0.0
 10
80.6395079461
 20
277.2814087845
 30
0.0
  0
SPLINE
  5
35D
330
20C
100
AcDbEntity
  8
2
  6
Continuous
390
DFF
 62
   155
420
  5075865
100
AcDbSpline
210
0.0
220
0.0
230
1.0
 70
     8
 71
     3
 72
    14
 73
    10
 74
     0
 42
1E-07
 43
1E-10
 40
0.0
 40
0.0
 40
0.0
 40
0.0
 40
0.2411111111
 40
0.2411111111
 40
0.4822222222
 40
0.4822222222
 40
0.7411111110999999
 40
0.7411111110999999
 40
1.0
 40
1.0
 40
1.0
 40
1.0
 10
80.40071366239999
 20
277.0350611765
 30
0.0
 10
80.46117341770001
 20
276.9866984563
 30
0.0
 10
80.53468204100001
 20
276.9451367438
 30
0.0
 10
80.7095368726
 20
276.8771266689
 30
0.0
 10
80.8004439865
 20
276.8597463166
 30
0.0
 10
80.99617700659999
 20
276.8597463173
 30
0.0
 10
81.084909309
 20
276.8846833454
 30
0.0
 10
81.2388859512
 20
276.9859427918
 30
0.0
 10
81.3050002155
 20
277.0577312051
 30
0.0
 10
81.3606753853
 20
277.1521896436
 30
0.0
  0
SPLINE
  5
35E
330
20C
100
AcDbEntity
  8
2
  6
Continuous
390
DFF
 62
   155
420
  5075865
100
AcDbSpline
210
0.0
220
0.0
230
1.0
 70
     8
 71
     3
 72
    10
 73
     6
 74
     0
 42
1E-07
 43
1E-10
 40
0.0
 40
0.0
 40
0.0
 40
0.0
 40
0.4425837321
 40
0.4425837321
 40
1.0
 40
1.0
 40
1.0
 40
1.0
 10
81.4815948943
 20
277.4741040018
 30
0.0
 10
81.5107373657
 20
277.6018118105
 30
0.0
 10
81.52552608229999
 20
277.7355649591
 30
0.0
 10
81.5255260811
 20
278.0514339768
 30
0.0
 10
81.5085625521
 20
278.1980334729
 30
0.0
 10
81.4746354948
 20
278.3144062688
 30
0.0
  0
SPLINE
  5
35F
330
20C
100
AcDbEntity
  8
2
  6
Continuous
390
DFF
 62
   155
420
  5075865
100
AcDbSpline
210
0.0
220
0.0
230
1.0
 70
     8
 71
     3
 72
    10
 73
     6
 74
     0
 42
1E-07
 43
1E-10
 40
0.0
 40
0.0
 40
0.0
 40
0.0
 40
0.5906163753
 40
0.5906163753
 40
1.0
 40
1.0
 40
1.0
 40
1.0
 10
77.2581112779
 20
278.4247337087
 30
0.0
 10
77.2002612965
 20
278.3960183432
 30
0.0
 10
77.1250128244
 20
278.3816606603
 30
0.0
 10
76.9674114963
 20
278.3816606597
 30
0.0
 10
76.9028920933
 20
278.3816606595
 30
0.0
 10
76.83837269039999
 20
278.3816606592
 30
0.0
  0
SPLINE
  5
360
330
20C
100
AcDbEntity
  8
2
  6
Continuous
390
DFF
 62
   155
420
  5075865
100
AcDbSpline
210
0.0
220
0.0
230
1.0
 70
     8
 71
     3
 72
    10
 73
     6
 74
     0
 42
1E-07
 43
1E-10
 40
0.0
 40
0.0
 40
0.0
 40
0.0
 40
0.5107421875
 40
0.5107421875
 40
1.0
 40
1.0
 40
1.0
 40
1.0
 10
76.8383726858
 20
279.5801493242
 30
0.0
 10
76.91420110770001
 20
279.5801493245
 30
0.0
 10
76.99002952959999
 20
279.5801493248
 30
0.0
 10
77.13849665010001
 20
279.5801493253
 30
0.0
 10
77.198521443
 20
279.5710813155
 30
0.0
 10
77.2459323301
 20
279.5529452955
 30
0.0
  0
SPLINE
  5
361
330
20C
100
AcDbEntity
  8
2
  6
Continuous
390
DFF
 62
   155
420
  5075865
100
AcDbSpline
210
0.0
220
0.0
230
1.0
 70
     8
 71
     3
 72
    10
 73
     6
 74
     0
 42
1E-07
 43
1E-10
 40
0.0
 40
0.0
 40
0.0
 40
0.0
 40
0.5393700787
 40
0.5393700787
 40
1.0
 40
1.0
 40
1.0
 40
1.0
 10
77.46819804960001
 20
279.2756153216
 30
0.0
 10
77.4890762388
 20
279.1992929035
 30
0.0
 10
77.4995153335
 20
279.1093684703
 30
0.0
 10
77.4995153342
 20
278.9174289237
 30
0.0
 10
77.49212097600001
 20
278.837328168
 30
0.0
 10
77.47689729689999
 20
278.7662954223
 30
0.0
  0
SPLINE
  5
362
330
20C
100
AcDbEntity
  8
2
  6
Continuous
390
DFF
 62
   155
420
  5075865
100
AcDbSpline
210
0.0
220
0.0
230
1.0
 70
     8
 71
     3
 72
    10
 73
     6
 74
     0
 42
1E-07
 43
1E-10
 40
0.0
 40
0.0
 40
0.0
 40
0.0
 40
0.5429448781
 40
0.5429448781
 40
1.0
 40
1.0
 40
1.0
 40
1.0
 10
77.6843742957
 20
279.4486631813
 30
0.0
 10
77.6482724271
 20
279.5627689746
 30
0.0
 10
77.5978401822
 20
279.6587590056
 30
0.0
 10
77.4760273685
 20
279.7992929034
 30
0.0
 10
77.41252287729999
 20
279.8468999561
 30
0.0
 10
77.34031914090001
 20
279.8771266561
 30
0.0
  0
SPLINE
  5
363
330
20C
100
AcDbEntity
  8
2
  6
Continuous
390
DFF
 62
   155
420
  5075865
100
AcDbSpline
210
0.0
220
0.0
230
1.0
 70
     8
 71
     3
 72
    10
 73
     6
 74
     0
 42
1E-07
 43
1E-10
 40
0.0
 40
0.0
 40
0.0
 40
0.0
 40
0.3986599665
 40
0.3986599665
 40
1.0
 40
1.0
 40
1.0
 40
1.0
 10
77.34031914090001
 20
279.8771266561
 30
0.0
 10
77.2685503667
 20
279.9073533561
 30
0.0
 10
77.1806879887
 20
279.9224667058
 30
0.0
 10
76.9210155153
 20
279.9224667049
 30
0.0
 10
76.7648640614
 20
279.9224667043
 30
0.0
 10
76.6087126075
 20
279.9224667037
 30
0.0
  0
SPLINE
  5
364
330
20C
100
AcDbEntity
  8
2
  6
Continuous
390
DFF
 62
   155
420
  5075865
100
AcDbSpline
210
0.0
220
0.0
230
1.0
 70
     8
 71
     3
 72
    10
 73
     6
 74
     0
 42
1E-07
 43
1E-10
 40
0.0
 40
0.0
 40
0.0
 40
0.0
 40
0.3826086957
 40
0.3826086957
 40
1.0
 40
1.0
 40
1.0
 40
1.0
 10
76.8383726917
 20
278.0408546139
 30
0.0
 10
76.9149260507
 20
278.0408546142
 30
0.0
 10
76.99147940970001
 20
278.0408546144
 30
0.0
 10
77.1915620525
 20
278.0408546152
 30
0.0
 10
77.2942131474
 20
278.0665473108
 30
0.0
 10
77.3751161289
 20
278.1186883691
 30
0.0
  0
SPLINE
  5
365
330
20C
100
AcDbEntity
  8
2
  6
Continuous
390
DFF
 62
   155
420
  5075865
100
AcDbSpline
210
0.0
220
0.0
230
1.0
 70
     8
 71
     3
 72
    14
 73
    10
 74
     0
 42
1E-07
 43
1E-10
 40
0.0
 40
0.0
 40
0.0
 40
0.0
 40
0.2732485664
 40
0.2732485664
 40
0.4926452256
 40
0.4926452256
 40
0.7120418848000001
 40
0.7120418848000001
 40
1.0
 40
1.0
 40
1.0
 40
1.0
 10
77.3751161289
 20
278.1186883691
 30
0.0
 10
77.4564540726
 20
278.1700737598
 30
0.0
 10
77.5269179596
 20
278.2479075132
 30
0.0
 10
77.63435363880001
 20
278.4345573877
 30
0.0
 10
77.67176039340001
 20
278.5327941636
 30
0.0
 10
77.7248257891
 20
278.7594944157
 30
0.0
 10
77.73830961899999
 20
278.8826682193
 30
0.0
 10
77.7383096178
 20
279.1902248944
 30
0.0
 10
77.72047616430001
 20
279.334557388
 30
0.0
 10
77.6843742957
 20
279.4486631813
 30
0.0
  0
SPLINE
  5
366
330
20C
100
AcDbEntity
  8
2
  6
Continuous
390
DFF
 62
   155
420
  5075865
100
AcDbSpline
210
0.0
220
0.0
230
1.0
 70
     8
 71
     3
 72
    10
 73
     6
 74
     0
 42
1E-07
 43
1E-10
 40
0.0
 40
0.0
 40
0.0
 40
0.0
 40
0.6964769648
 40
0.6964769648
 40
1.0
 40
1.0
 40
1.0
 40
1.0
 10
94.07940703450001
 20
277.3667992638
 30
0.0
 10
94.0150326194
 20
277.248159465
 30
0.0
 10
93.92673527950001
 20
277.1884617317
 30
0.0
 10
93.76623420290001
 20
277.1884617311
 30
0.0
 10
93.72099812709999
 20
277.202063746
 30
0.0
 10
93.6796767116
 20
277.2300234436
 30
0.0
  0
SPLINE
  5
367
330
20C
100
AcDbEntity
  8
2
  6
Continuous
390
DFF
 62
   155
420
  5075865
100
AcDbSpline
210
0.0
220
0.0
230
1.0
 70
     8
 71
     3
 72
    10
 73
     6
 74
     0
 42
1E-07
 43
1E-10
 40
0.0
 40
0.0
 40
0.0
 40
0.0
 40
0.8363095237999999
 40
0.8363095237999999
 40
1.0
 40
1.0
 40
1.0
 40
1.0
 10
93.4604557275
 20
277.6509302438
 30
0.0
 10
93.43522791549999
 20
277.7741040472
 30
0.0
 10
93.4226140091
 20
277.9418622336
 30
0.0
 10
93.4226140082
 20
278.1957665157
 30
0.0
 10
93.4230489703
 20
278.2297715535
 30
0.0
 10
93.42391889469999
 20
278.2577312512
 30
0.0
  0
SPLINE
  5
368
330
20C
100
AcDbEntity
  8
2
  6
Continuous
390
DFF
 62
   155
420
  5075865
100
AcDbSpline
210
0.0
220
0.0
230
1.0
 70
     8
 71
     3
 72
    10
 73
     6
 74
     0
 42
1E-07
 43
1E-10
 40
0.0
 40
0.0
 40
0.0
 40
0.0
 40
0.5807692308
 40
0.5807692308
 40
1.0
 40
1.0
 40
1.0
 40
1.0
 10
93.60138349889999
 20
278.4685624861
 30
0.0
 10
93.6579285935
 20
278.4950108491
 30
0.0
 10
93.7188233108
 20
278.5086128644
 30
0.0
 10
93.8319135002
 20
278.5086128648
 30
0.0
 10
93.87714957600001
 20
278.5018118574
 30
0.0
 10
93.92021084049999
 20
278.4882098425
 30
0.0
  0
SPLINE
  5
369
330
20C
100
AcDbEntity
  8
2
  6
Continuous
390
DFF
 62
   155
420
  5075865
100
AcDbSpline
210
0.0
220
0.0
230
1.0
 70
     8
 71
     3
 72
    10
 73
     6
 74
     0
 42
1E-07
 43
1E-10
 40
0.0
 40
0.0
 40
0.0
 40
0.0
 40
0.3586956522
 40
0.3586956522
 40
1.0
 40
1.0
 40
1.0
 40
1.0
 10
94.14378144690001
 20
278.1897211784
 30
0.0
 10
94.1650945983
 20
278.1081090878
 30
0.0
 10
94.17553369309999
 20
278.0045826394
 30
0.0
 10
94.1755336944
 20
277.6569755865
 30
0.0
 10
94.14334648729999
 20
277.4854390625
 30
0.0
 10
94.07940703450001
 20
277.3667992638
 30
0.0
  0
SPLINE
  5
36A
330
20C
100
AcDbEntity
  8
2
  6
Continuous
390
DFF
 62
   155
420
  5075865
100
AcDbSpline
210
0.0
220
0.0
230
1.0
 70
     8
 71
     3
 72
    14
 73
    10
 74
     0
 42
1E-07
 43
1E-10
 40
0.0
 40
0.0
 40
0.0
 40
0.0
 40
0.2353760446
 40
0.2353760446
 40
0.4707520890999999
 40
0.4707520890999999
 40
0.7353760445999999
 40
0.7353760445999999
 40
1.0
 40
1.0
 40
1.0
 40
1.0
 10
94.205546087
 20
278.6612577025
 30
0.0
 10
94.1468261807
 20
278.7322904479
 30
0.0
 10
94.08941116129999
 20
278.7798975006
 30
0.0
 10
93.97719089620001
 20
278.8267488855
 30
0.0
 10
93.9123815184
 20
278.8388395654
 30
0.0
 10
93.7562300645
 20
278.8388395648
 30
0.0
 10
93.683591366
 20
278.8207035444
 30
0.0
 10
93.55745230879999
 20
278.7496707983
 30
0.0
 10
93.49351285580001
 20
278.6975297401
 30
0.0
 10
93.428268516
 20
278.6295196643
 30
0.0
  0
SPLINE
  5
36B
330
20C
100
AcDbEntity
  8
2
  6
Continuous
390
DFF
 62
   155
420
  5075865
100
AcDbSpline
210
0.0
220
0.0
230
1.0
 70
     8
 71
     3
 72
    10
 73
     6
 74
     0
 42
1E-07
 43
1E-10
 40
0.0
 40
0.0
 40
0.0
 40
0.0
 40
0.7843942505
 40
0.7843942505
 40
1.0
 40
1.0
 40
1.0
 40
1.0
 10
93.60138349549999
 20
279.3610058111
 30
0.0
 10
93.7001199294
 20
279.5416103454
 30
0.0
 10
93.83278342049999
 20
279.6322904467
 30
0.0
 10
94.0446100445
 20
279.6322904475
 30
0.0
 10
94.08941115809999
 20
279.6232224376
 30
0.0
 10
94.13290738489999
 20
279.6050864176
 30
0.0
  0
SPLINE
  5
36C
330
20C
100
AcDbEntity
  8
2
  6
Continuous
390
DFF
 62
   155
420
  5075865
100
AcDbSpline
210
0.0
220
0.0
230
1.0
 70
     8
 71
     3
 72
    10
 73
     6
 74
     0
 42
1E-07
 43
1E-10
 40
0.0
 40
0.0
 40
0.0
 40
0.0
 40
0.2419354839
 40
0.2419354839
 40
1.0
 40
1.0
 40
1.0
 40
1.0
 10
94.1485660251
 20
279.9693181557
 30
0.0
 10
94.1176837041
 20
279.9753634956
 30
0.0
 10
94.07940702459999
 20
279.979141833
 30
0.0
 10
93.8906334007
 20
279.9791418323
 30
0.0
 10
93.765364268
 20
279.936068784
 30
0.0
 10
93.6579285883
 20
279.8514340229
 30
0.0
  0
SPLINE
  5
36D
330
20C
100
AcDbEntity
  8
2
  6
Continuous
390
DFF
 62
   155
420
  5075865
100
AcDbSpline
210
0.0
220
0.0
230
1.0
 70
     8
 71
     3
 72
    14
 73
    10
 74
     0
 42
1E-07
 43
1E-10
 40
0.0
 40
0.0
 40
0.0
 40
0.0
 40
0.2664820711
 40
0.2664820711
 40
0.5269077315
 40
0.5269077315
 40
0.7883652977
 40
0.7883652977
 40
1.0
 40
1.0
 40
1.0
 40
1.0
 10
93.2373200796
 20
278.9476556837
 30
0.0
 10
93.20469791030001
 20
278.7421141219
 30
0.0
 10
93.18816934510001
 20
278.5063458599
 30
0.0
 10
93.18816934709999
 20
277.9804012755
 30
0.0
 10
93.2061452856
 20
277.7590186519
 30
0.0
 10
93.2782065386
 20
277.3909806209
 30
0.0
 10
93.3295509828
 20
277.2428810343
 30
0.0
 10
93.44914671079999
 20
277.0418622337
 30
0.0
 10
93.51047639069999
 20
276.9738521583
 30
0.0
 10
93.58007035360001
 20
276.9285121082
 30
0.0
  0
SPLINE
  5
36E
330
20C
100
AcDbEntity
  8
2
  6
Continuous
390
DFF
 62
   155
420
  5075865
100
AcDbSpline
210
0.0
220
0.0
230
1.0
 70
     8
 71
     3
 72
    10
 73
     6
 74
     0
 42
1E-07
 43
1E-10
 40
0.0
 40
0.0
 40
0.0
 40
0.0
 40
0.3367697595
 40
0.3367697595
 40
1.0
 40
1.0
 40
1.0
 40
1.0
 10
93.58007035360001
 20
276.9285121082
 30
0.0
 10
93.64966431649999
 20
276.8824163906
 30
0.0
 10
93.72708760020001
 20
276.8597463657
 30
0.0
 10
93.9802356396
 20
276.8597463667
 30
0.0
 10
94.1220333382
 20
276.9557161405
 30
0.0
 10
94.23729833829999
 20
277.1491670225
 30
0.0
  0
SPLINE
  5
36F
330
20C
100
AcDbEntity
  8
2
  6
Continuous
390
DFF
 62
   155
420
  5075865
100
AcDbSpline
210
0.0
220
0.0
230
1.0
 70
     8
 71
     3
 72
    10
 73
     6
 74
     0
 42
1E-07
 43
1E-10
 40
0.0
 40
0.0
 40
0.0
 40
0.0
 40
0.63125
 40
0.63125
 40
1.0
 40
1.0
 40
1.0
 40
1.0
 10
94.23729833829999
 20
277.1491670225
 30
0.0
 10
94.35299830059999
 20
277.3418622371
 30
0.0
 10
94.4108482811
 20
277.5904768469
 30
0.0
 10
94.4108482793
 20
278.0741040509
 30
0.0
 10
94.393449788
 20
278.2259932196
 30
0.0
 10
94.3590877685
 20
278.350678358
 30
0.0
  0
SPLINE
  5
370
330
20C
100
AcDbEntity
  8
2
  6
Continuous
390
DFF
 62
   155
420
  5075865
100
AcDbSpline
210
0.0
220
0.0
230
1.0
 70
     8
 71
     3
 72
    12
 73
     8
 74
     0
 42
1E-07
 43
1E-10
 40
0.0
 40
0.0
 40
0.0
 40
0.0
 40
0.25
 40
0.25
 40
0.5
 40
0.5
 40
1.0
 40
1.0
 40
1.0
 40
1.0
 10
191.3568163532
 20
163.8541893001
 30
0.0
 10
191.3568163532
 20
163.7664679486
 30
0.0
 10
191.3454927919
 20
163.6806703261
 30
0.0
 10
191.3007755461
 20
163.5128245144
 30
0.0
 10
191.267070078
 20
163.4312093405
 30
0.0
 10
191.1376180668
 20
163.2063590298
 30
0.0
 10
191.0106001829
 20
163.0786693359
 30
0.0
 10
190.8593039367
 20
162.9916380443
 30
0.0
  0
SPLINE
  5
371
330
20C
100
AcDbEntity
  8
2
  6
Continuous
390
DFF
 62
   155
420
  5075865
100
AcDbSpline
210
0.0
220
0.0
230
1.0
 70
     8
 71
     3
 72
    10
 73
     6
 74
     0
 42
1E-07
 43
1E-10
 40
0.0
 40
0.0
 40
0.0
 40
0.0
 40
0.5
 40
0.5
 40
1.0
 40
1.0
 40
1.0
 40
1.0
 10
190.8593039367
 20
243.0142692621
 30
0.0
 10
191.0104161041
 20
242.9273438596
 30
0.0
 10
191.1368712724
 20
242.8005190223
 30
0.0
 10
191.3100371965
 20
242.5003913216
 30
0.0
 10
191.3568163532
 20
242.3271073507
 30
0.0
 10
191.3568163532
 20
242.1517180064
 30
0.0
  0
SPLINE
  5
372
330
20C
100
AcDbEntity
  8
2
  6
Continuous
390
DFF
 62
   155
420
  5075865
100
AcDbSpline
210
0.0
220
0.0
230
1.0
 70
     8
 71
     3
 72
    12
 73
     8
 74
     0
 42
1E-07
 43
1E-10
 40
0.0
 40
0.0
 40
0.0
 40
0.0
 40
0.2525000051
 40
0.2525000051
 40
0.5050000103
 40
0.5050000103
 40
1.0
 40
1.0
 40
1.0
 40
1.0
 10
42.0063364476
 20
147.1844509841
 30
0.0
 10
42.1795820537
 20
147.34376253
 30
0.0
 10
42.3528338977
 20
147.5030672926
 30
0.0
 10
42.6993500388
 20
147.821663273
 30
0.0
 10
42.8726143361
 20
147.980954491
 30
0.0
 10
43.3855636605
 20
148.4524995525
 30
0.0
 10
43.7252663599
 20
148.7647341742
 30
0.0
 10
44.06499286020001
 20
149.0769428953
 30
0.0
  0
SPLINE
  5
373
330
20C
100
AcDbEntity
  8
2
  6
Continuous
390
DFF
 62
   155
420
  5075865
100
AcDbSpline
210
0.0
220
0.0
230
1.0
 70
     8
 71
     3
 72
    12
 73
     8
 74
     0
 42
1E-07
 43
1E-10
 40
0.0
 40
0.0
 40
0.0
 40
0.0
 40
0.2525000051
 40
0.2525000051
 40
0.5050000103
 40
0.5050000103
 40
1.0
 40
1.0
 40
1.0
 40
1.0
 10
185.8063364476
 20
258.8214563223
 30
0.0
 10
185.6330908416
 20
258.6621447764
 30
0.0
 10
185.4598389975
 20
258.5028400138
 30
0.0
 10
185.1133228565
 20
258.1842440335
 30
0.0
 10
184.9400585592
 20
258.0249528155
 30
0.0
 10
184.4271092348
 20
257.553407754
 30
0.0
 10
184.0874065353
 20
257.2411731323
 30
0.0
 10
183.7476800351
 20
256.9289644112
 30
0.0
  0
SPLINE
  5
374
330
20C
100
AcDbEntity
  8
2
  6
Continuous
390
DFF
 62
   155
420
  5075865
100
AcDbSpline
210
0.0
220
0.0
230
1.0
 70
     8
 71
     3
 72
    12
 73
     8
 74
     0
 42
1E-07
 43
1E-10
 40
0.0
 40
0.0
 40
0.0
 40
0.0
 40
0.2525000051
 40
0.2525000051
 40
0.5050000103
 40
0.5050000103
 40
1.0
 40
1.0
 40
1.0
 40
1.0
 10
42.0063364476
 20
258.8214563223
 30
0.0
 10
42.1795820537
 20
258.6621447764
 30
0.0
 10
42.3528338977
 20
258.5028400138
 30
0.0
 10
42.6993500388
 20
258.1842440335
 30
0.0
 10
42.8726143361
 20
258.0249528155
 30
0.0
 10
43.3855636605
 20
257.553407754
 30
0.0
 10
43.7252663599
 20
257.2411731323
 30
0.0
 10
44.06499286020001
 20
256.9289644112
 30
0.0
  0
SPLINE
  5
375
330
20C
100
AcDbEntity
  8
2
  6
Continuous
390
DFF
 62
   155
420
  5075865
100
AcDbSpline
210
0.0
220
0.0
230
1.0
 70
     8
 71
     3
 72
    12
 73
     8
 74
     0
 42
1E-07
 43
1E-10
 40
0.0
 40
0.0
 40
0.0
 40
0.0
 40
0.2525000051
 40
0.2525000051
 40
0.5050000103
 40
0.5050000103
 40
1.0
 40
1.0
 40
1.0
 40
1.0
 10
185.8063364476
 20
147.1844509841
 30
0.0
 10
185.6330908416
 20
147.34376253
 30
0.0
 10
185.4598389975
 20
147.5030672926
 30
0.0
 10
185.1133228565
 20
147.821663273
 30
0.0
 10
184.9400585592
 20
147.980954491
 30
0.0
 10
184.4271092348
 20
148.4524995525
 30
0.0
 10
184.0874065353
 20
148.7647341742
 30
0.0
 10
183.7476800351
 20
149.0769428953
 30
0.0
  0
SPLINE
  5
376
330
20C
100
AcDbEntity
  8
2
  6
Continuous
390
DFF
 62
   155
420
  5075865
100
AcDbSpline
210
0.0
220
0.0
230
1.0
 70
     8
 71
     3
 72
    10
 73
     6
 74
     0
 42
1E-07
 43
1E-10
 40
0.0
 40
0.0
 40
0.0
 40
0.0
 40
0.3285145957
 40
0.3285145957
 40
1.0
 40
1.0
 40
1.0
 40
1.0
 10
265.781739744
 20
141.0997128226
 30
0.0
 10
266.267398606
 20
140.302965688
 30
0.0
 10
266.7361994598
 20
139.4996334333
 30
0.0
 10
268.244302929
 20
137.1150482341
 30
0.0
 10
269.3706016847
 20
135.6068815072
 30
0.0
 10
270.8725296267
 20
134.4695687867
 30
0.0
  0
LINE
  5
377
330
20C
100
AcDbEntity
  8
2
  6
Continuous
390
DFF
 62
   155
420
  5075865
100
AcDbLine
 10
403.2612488533
 20
134.3218833011
 30
0.0
 11
403.1958799062
 21
134.4150690611
 31
0.0
  0
SPLINE
  5
378
330
20C
100
AcDbEntity
  8
2
  6
Continuous
390
DFF
 62
   155
420
  5075865
100
AcDbSpline
210
0.0
220
0.0
230
1.0
 70
     8
 71
     3
 72
    12
 73
     8
 74
     0
 42
1E-07
 43
1E-10
 40
0.0
 40
0.0
 40
0.0
 40
0.0
 40
0.25
 40
0.25
 40
0.5
 40
0.5
 40
1.0
 40
1.0
 40
1.0
 40
1.0
 10
405.2607751155001
 20
267.2404876639
 30
0.0
 10
405.0268800018
 20
267.5902637336
 30
0.0
 10
404.7847426962001
 20
267.93396241
 30
0.0
 10
404.2748126924
 20
268.6024427178
 30
0.0
 10
404.0062663861
 20
268.927906633
 30
0.0
 10
403.1577794402
 20
269.8533250982
 30
0.0
 10
402.5328277528
 20
270.4050220131
 30
0.0
 10
401.8213242826999
 20
270.8614745503
 30
0.0
  0
SPLINE
  5
379
330
20C
100
AcDbEntity
  8
2
  6
Continuous
390
DFF
 62
   155
420
  5075865
100
AcDbSpline
210
0.0
220
0.0
230
1.0
 70
     8
 71
     3
 72
    10
 73
     6
 74
     0
 42
1E-07
 43
1E-10
 40
0.0
 40
0.0
 40
0.0
 40
0.0
 40
0.0364357461
 40
0.0364357461
 40
1.0
 40
1.0
 40
1.0
 40
1.0
 10
264.8096776281
 20
263.5700252291
 30
0.0
 10
264.7847904136
 20
263.5330613571
 30
0.0
 10
264.759903199
 20
263.4960974851
 30
0.0
 10
264.0768592859
 20
262.4816027655
 30
0.0
 10
263.7203132353
 20
261.3146421553
 30
0.0
 10
263.7203132304
 20
260.1363087632
 30
0.0
  0
LINE
  5
37A
330
20C
100
AcDbEntity
  8
2
  6
Continuous
390
DFF
 62
   155
420
  5075865
100
AcDbLine
 10
403.2685244233
 20
271.6793564913
 30
0.0
 11
403.1680968341
 21
271.5363385197
 31
0.0
  0
SPLINE
  5
37B
330
20C
100
AcDbEntity
  8
2
  6
Continuous
390
DFF
 62
   155
420
  5075865
100
AcDbSpline
210
0.0
220
0.0
230
1.0
 70
     8
 71
     3
 72
    12
 73
     8
 74
     0
 42
1E-07
 43
1E-10
 40
0.0
 40
0.0
 40
0.0
 40
0.0
 40
0.1176376778
 40
0.1176376778
 40
0.4369250968
 40
0.4369250968
 40
1.0
 40
1.0
 40
1.0
 40
1.0
 10
409.2872435866
 20
263.6114662382
 30
0.0
 10
409.0679512751
 20
263.9433281919
 30
0.0
 10
408.8520084801
 20
264.2773987753
 30
0.0
 10
408.0733024941001
 20
265.5335524346
 30
0.0
 10
407.5339689464
 20
266.4699865859
 30
0.0
 10
405.9382821027
 20
268.9930569904
 30
0.0
 10
404.7987194942
 20
270.5223178545
 30
0.0
 10
403.2685244233
 20
271.6793564913
 30
0.0
  0
SPLINE
  5
37C
330
20C
100
AcDbEntity
  8
2
  6
Continuous
390
DFF
 62
   155
420
  5075865
100
AcDbSpline
210
0.0
220
0.0
230
1.0
 70
     8
 71
     3
 72
    10
 73
     6
 74
     0
 42
1E-07
 43
1E-10
 40
0.0
 40
0.0
 40
0.0
 40
0.0
 40
0.3285145957
 40
0.3285145957
 40
1.0
 40
1.0
 40
1.0
 40
1.0
 10
408.2588867168
 20
264.9061944838
 30
0.0
 10
407.7732278548
 20
265.7029416184
 30
0.0
 10
407.3044270009
 20
266.5062738732
 30
0.0
 10
405.7963235318
 20
268.8908590724
 30
0.0
 10
404.6700247761
 20
270.3990257992
 30
0.0
 10
403.1680968341
 20
271.5363385197
 30
0.0
  0
SPLINE
  5
37D
330
20C
100
AcDbEntity
  8
2
  6
Continuous
390
DFF
 62
   155
420
  5075865
100
AcDbSpline
210
0.0
220
0.0
230
1.0
 70
     8
 71
     3
 72
    10
 73
     6
 74
     0
 42
1E-07
 43
1E-10
 40
0.0
 40
0.0
 40
0.0
 40
0.0
 40
0.0371593664
 40
0.0371593664
 40
1.0
 40
1.0
 40
1.0
 40
1.0
 10
409.2294162702
 20
263.5723014759
 30
0.0
 10
409.2548143389
 20
263.534578855
 30
0.0
 10
409.2802124076
 20
263.4968562341
 30
0.0
 10
409.9637027675
 20
262.481698427
 30
0.0
 10
410.3203132254
 20
261.3147572891
 30
0.0
 10
410.3203132304
 20
260.1363087632
 30
0.0
  0
SPLINE
  5
37E
330
20C
100
AcDbEntity
  8
2
  6
Continuous
390
DFF
 62
   155
420
  5075865
100
AcDbSpline
210
0.0
220
0.0
230
1.0
 70
     8
 71
     3
 72
    14
 73
    10
 74
     0
 42
1E-07
 43
1E-10
 40
0.0
 40
0.0
 40
0.0
 40
0.0
 40
0.5
 40
0.5
 40
0.75
 40
0.75
 40
0.875
 40
0.875
 40
1.0
 40
1.0
 40
1.0
 40
1.0
 10
410.3901547694
 20
260.1363087632
 30
0.0
 10
410.3901547668
 20
260.7562269697
 30
0.0
 10
410.2929003072
 20
261.3723959383
 30
0.0
 10
410.011241668
 20
262.2569695917
 30
0.0
 10
409.8951350408
 20
262.543584709
 30
0.0
 10
409.6903948154
 20
262.9558822433
 30
0.0
 10
409.6169343311
 20
263.0906556933
 30
0.0
 10
409.4594206138
 20
263.354800184
 30
0.0
 10
409.3735674523001
 20
263.483253243
 30
0.0
 10
409.2872435866
 20
263.6114662382
 30
0.0
  0
SPLINE
  5
37F
330
20C
100
AcDbEntity
  8
2
  6
Continuous
390
DFF
 62
   155
420
  5075865
100
AcDbSpline
210
0.0
220
0.0
230
1.0
 70
     8
 71
     3
 72
    10
 73
     6
 74
     0
 42
1E-07
 43
1E-10
 40
0.0
 40
0.0
 40
0.0
 40
0.0
 40
0.0371593664
 40
0.0371593664
 40
1.0
 40
1.0
 40
1.0
 40
1.0
 10
264.8112101906
 20
142.4336058305
 30
0.0
 10
264.7858121219
 20
142.4713284514
 30
0.0
 10
264.7604140532
 20
142.5090510724
 30
0.0
 10
264.0769236931
 20
143.5242088797
 30
0.0
 10
263.7203132358
 20
144.6911500171
 30
0.0
 10
263.7203132304
 20
145.8695985432
 30
0.0
  0
SPLINE
  5
380
330
20C
100
AcDbEntity
  8
2
  6
Continuous
390
DFF
 62
   155
420
  5075865
100
AcDbSpline
210
0.0
220
0.0
230
1.0
 70
     8
 71
     3
 72
    14
 73
    10
 74
     0
 42
1E-07
 43
1E-10
 40
0.0
 40
0.0
 40
0.0
 40
0.0
 40
0.5
 40
0.5
 40
0.75
 40
0.75
 40
0.875
 40
0.875
 40
1.0
 40
1.0
 40
1.0
 40
1.0
 10
263.6504716914
 20
145.8695985432
 30
0.0
 10
263.6504716942
 20
145.2496803368
 30
0.0
 10
263.7477261537
 20
144.6335113681
 30
0.0
 10
264.0293847928
 20
143.7489377147
 30
0.0
 10
264.14549142
 20
143.4623225974
 30
0.0
 10
264.3502316454
 20
143.0500250631
 30
0.0
 10
264.4236921298
 20
142.9152516131
 30
0.0
 10
264.581205847
 20
142.6511071223
 30
0.0
 10
264.6670590086
 20
142.5226540633
 30
0.0
 10
264.7533828742
 20
142.3944410682
 30
0.0
  0
SPLINE
  5
381
330
20C
100
AcDbEntity
  8
2
  6
Continuous
390
DFF
 62
   155
420
  5075865
100
AcDbSpline
210
0.0
220
0.0
230
1.0
 70
     8
 71
     3
 72
    12
 73
     8
 74
     0
 42
1E-07
 43
1E-10
 40
0.0
 40
0.0
 40
0.0
 40
0.0
 40
0.2525000051
 40
0.2525000051
 40
0.5050000103
 40
0.5050000103
 40
1.0
 40
1.0
 40
1.0
 40
1.0
 10
265.1203132304
 20
147.1844509841
 30
0.0
 10
265.2935588364
 20
147.34376253
 30
0.0
 10
265.4668106805
 20
147.5030672926
 30
0.0
 10
265.8133268216
 20
147.821663273
 30
0.0
 10
265.9865911189
 20
147.980954491
 30
0.0
 10
266.4995404433
 20
148.4524995525
 30
0.0
 10
266.8392431427
 20
148.7647341741
 30
0.0
 10
267.1789696429
 20
149.0769428953
 30
0.0
  0
LINE
  5
382
330
20C
100
AcDbEntity
  8
2
  6
Continuous
390
DFF
 62
   155
420
  5075865
100
AcDbLine
 10
270.7721020374
 20
134.3265508151
 30
0.0
 11
270.8725296267
 21
134.4695687867
 31
0.0
  0
SPLINE
  5
383
330
20C
100
AcDbEntity
  8
2
  6
Continuous
390
DFF
 62
   155
420
  5075865
100
AcDbSpline
210
0.0
220
0.0
230
1.0
 70
     8
 71
     3
 72
    12
 73
     8
 74
     0
 42
1E-07
 43
1E-10
 40
0.0
 40
0.0
 40
0.0
 40
0.0
 40
0.1176376778
 40
0.1176376778
 40
0.4369250968
 40
0.4369250968
 40
1.0
 40
1.0
 40
1.0
 40
1.0
 10
264.7533828742
 20
142.3944410682
 30
0.0
 10
264.9726751857
 20
142.0625791145
 30
0.0
 10
265.1886179807
 20
141.7285085311
 30
0.0
 10
265.9673239667
 20
140.4723548719
 30
0.0
 10
266.5066575144
 20
139.5359207205
 30
0.0
 10
268.1023443581
 20
137.0128503161
 30
0.0
 10
269.2419069666
 20
135.4835894519
 30
0.0
 10
270.7721020374
 20
134.3265508151
 30
0.0
  0
SPLINE
  5
384
330
20C
100
AcDbEntity
  8
2
  6
Continuous
390
DFF
 62
   155
420
  5075865
100
AcDbSpline
210
0.0
220
0.0
230
1.0
 70
     8
 71
     3
 72
    12
 73
     8
 74
     0
 42
1E-07
 43
1E-10
 40
0.0
 40
0.0
 40
0.0
 40
0.0
 40
0.2525000051
 40
0.2525000051
 40
0.5050000103
 40
0.5050000103
 40
1.0
 40
1.0
 40
1.0
 40
1.0
 10
408.9203132304
 20
147.1844509841
 30
0.0
 10
408.7470676244
 20
147.34376253
 30
0.0
 10
408.5738157803
 20
147.5030672926
 30
0.0
 10
408.2272996392
 20
147.821663273
 30
0.0
 10
408.0540353419
 20
147.980954491
 30
0.0
 10
407.5410860175
 20
148.4524995525
 30
0.0
 10
407.2013833181
 20
148.7647341741
 30
0.0
 10
406.8616568179
 20
149.0769428953
 30
0.0
  0
SPLINE
  5
385
330
20C
100
AcDbEntity
  8
2
  6
Continuous
390
DFF
 62
   155
420
  5075865
100
AcDbSpline
210
0.0
220
0.0
230
1.0
 70
     8
 71
     3
 72
    12
 73
     8
 74
     0
 42
1E-07
 43
1E-10
 40
0.0
 40
0.0
 40
0.0
 40
0.0
 40
0.2525000051
 40
0.2525000051
 40
0.5050000103
 40
0.5050000103
 40
1.0
 40
1.0
 40
1.0
 40
1.0
 10
265.1203132304
 20
258.8214563223
 30
0.0
 10
265.2935588364
 20
258.6621447764
 30
0.0
 10
265.4668106805
 20
258.5028400138
 30
0.0
 10
265.8133268216
 20
258.1842440335
 30
0.0
 10
265.9865911189
 20
258.0249528155
 30
0.0
 10
266.4995404433
 20
257.553407754
 30
0.0
 10
266.8392431427
 20
257.2411731323
 30
0.0
 10
267.1789696429
 20
256.9289644112
 30
0.0
  0
SPLINE
  5
386
330
20C
100
AcDbEntity
  8
2
  6
Continuous
390
DFF
 62
   155
420
  5075865
100
AcDbSpline
210
0.0
220
0.0
230
1.0
 70
     8
 71
     3
 72
    10
 73
     6
 74
     0
 42
1E-07
 43
1E-10
 40
0.0
 40
0.0
 40
0.0
 40
0.0
 40
0.0364357461
 40
0.0364357461
 40
1.0
 40
1.0
 40
1.0
 40
1.0
 10
409.2309488326
 20
142.4358820773
 30
0.0
 10
409.2558360472
 20
142.4728459493
 30
0.0
 10
409.2807232618
 20
142.5098098213
 30
0.0
 10
409.9637671749
 20
143.5243045409
 30
0.0
 10
410.3203132255001
 20
144.6912651511
 30
0.0
 10
410.3203132304
 20
145.8695985432
 30
0.0
  0
SPLINE
  5
387
330
20C
100
AcDbEntity
  8
2
  6
Continuous
390
DFF
 62
   155
420
  5075865
100
AcDbSpline
210
0.0
220
0.0
230
1.0
 70
     8
 71
     3
 72
    12
 73
     8
 74
     0
 42
1E-07
 43
1E-10
 40
0.0
 40
0.0
 40
0.0
 40
0.0
 40
0.2525000051
 40
0.2525000051
 40
0.5050000103
 40
0.5050000103
 40
1.0
 40
1.0
 40
1.0
 40
1.0
 10
408.9203132304
 20
258.8214563223
 30
0.0
 10
408.7470676244
 20
258.6621447764
 30
0.0
 10
408.5738157803
 20
258.5028400138
 30
0.0
 10
408.2272996392
 20
258.1842440335
 30
0.0
 10
408.0540353419
 20
258.0249528155
 30
0.0
 10
407.5410860175
 20
257.553407754
 30
0.0
 10
407.2013833181
 20
257.2411731323
 30
0.0
 10
406.8616568179
 20
256.9289644112
 30
0.0
  0
SPLINE
  5
388
330
20C
100
AcDbEntity
  8
2
  6
Continuous
390
DFF
 62
   155
420
  5075865
100
AcDbSpline
210
0.0
220
0.0
230
1.0
 70
     8
 71
     3
 72
    14
 73
    10
 74
     0
 42
1E-07
 43
1E-10
 40
0.0
 40
0.0
 40
0.0
 40
0.0
 40
0.5
 40
0.5
 40
0.75
 40
0.75
 40
0.875
 40
0.875
 40
1.0
 40
1.0
 40
1.0
 40
1.0
 10
263.6504716914
 20
260.1363087632
 30
0.0
 10
263.650471694
 20
260.755762739
 30
0.0
 10
263.7475827773
 20
261.3714776935
 30
0.0
 10
264.0288238705
 20
262.2554414023
 30
0.0
 10
264.1447680092
 20
262.5418923109
 30
0.0
 10
264.3492201355
 20
262.9539628488
 30
0.0
 10
264.4225774709
 20
263.0886655302
 30
0.0
 10
264.5798696442
 20
263.3526788352
 30
0.0
 10
264.6655939454
 20
263.48107725
 30
0.0
 10
264.751857552
 20
263.609200745
 30
0.0
  0
SPLINE
  5
389
330
20C
100
AcDbEntity
  8
2
  6
Continuous
390
DFF
 62
   155
420
  5075865
100
AcDbSpline
210
0.0
220
0.0
230
1.0
 70
     8
 71
     3
 72
    14
 73
    10
 74
     0
 42
1E-07
 43
1E-10
 40
0.0
 40
0.0
 40
0.0
 40
0.0
 40
0.5
 40
0.5
 40
0.75
 40
0.75
 40
0.875
 40
0.875
 40
1.0
 40
1.0
 40
1.0
 40
1.0
 10
410.3901547694
 20
145.8695985432
 30
0.0
 10
410.3901547668
 20
145.2501445675
 30
0.0
 10
410.2930436835
 20
144.6344296129
 30
0.0
 10
410.0118025903
 20
143.7504659042
 30
0.0
 10
409.8958584516
 20
143.4640149955
 30
0.0
 10
409.6914063253
 20
143.0519444576
 30
0.0
 10
409.6180489899
 20
142.9172417762
 30
0.0
 10
409.4607568166001
 20
142.6532284712
 30
0.0
 10
409.3750325154
 20
142.5248300564
 30
0.0
 10
409.2887689088
 20
142.3967065614
 30
0.0
  0
SPLINE
  5
38A
330
20C
100
AcDbEntity
  8
2
  6
Continuous
390
DFF
 62
   155
420
  5075865
100
AcDbSpline
210
0.0
220
0.0
230
1.0
 70
     8
 71
     3
 72
    12
 73
     8
 74
     0
 42
1E-07
 43
1E-10
 40
0.0
 40
0.0
 40
0.0
 40
0.0
 40
0.25
 40
0.25
 40
0.5
 40
0.5
 40
1.0
 40
1.0
 40
1.0
 40
1.0
 10
268.7798513453
 20
138.7654196425
 30
0.0
 10
269.013746459
 20
138.4156435729
 30
0.0
 10
269.2558837646
 20
138.0719448965
 30
0.0
 10
269.7658137684
 20
137.4034645886
 30
0.0
 10
270.0343600747
 20
137.0780006734
 30
0.0
 10
270.8828470206
 20
136.1525822082
 30
0.0
 10
271.5077987079
 20
135.6008852934
 30
0.0
 10
272.2193021781
 20
135.1444327562
 30
0.0
  0
SPLINE
  5
38B
330
20C
100
AcDbEntity
  8
2
  6
Continuous
390
DFF
 62
   155
420
  5075865
100
AcDbSpline
210
0.0
220
0.0
230
1.0
 70
     8
 71
     3
 72
    12
 73
     8
 74
     0
 42
1E-07
 43
1E-10
 40
0.0
 40
0.0
 40
0.0
 40
0.0
 40
0.1180812223
 40
0.1180812223
 40
0.4372357856
 40
0.4372357856
 40
1.0
 40
1.0
 40
1.0
 40
1.0
 10
409.2887689088
 20
142.3967065614
 30
0.0
 10
409.0683229324
 20
142.0631326239
 30
0.0
 10
408.8512843354
 20
141.7273900081
 30
0.0
 10
408.0713911928
 20
140.4691368519
 30
0.0
 10
407.5313808604
 20
139.531585878
 30
0.0
 10
405.9359534361
 20
137.009597543
 30
0.0
 10
404.7765025651
 20
135.4691396618
 30
0.0
 10
403.2612488533
 20
134.3218833011
 30
0.0
  0
LINE
  5
38C
330
20C
100
AcDbEntity
  8
2
  6
Continuous
390
DFF
 62
   155
420
  5075865
100
AcDbLine
 10
270.7793776075
 20
271.6840240053
 30
0.0
 11
270.8447465545
 21
271.5908382453
 31
0.0
  0
SPLINE
  5
38D
330
20C
100
AcDbEntity
  8
2
  6
Continuous
390
DFF
 62
   155
420
  5075865
100
AcDbSpline
210
0.0
220
0.0
230
1.0
 70
     8
 71
     3
 72
    12
 73
     8
 74
     0
 42
1E-07
 43
1E-10
 40
0.0
 40
0.0
 40
0.0
 40
0.0
 40
0.1180812223
 40
0.1180812223
 40
0.4372357856
 40
0.4372357856
 40
1.0
 40
1.0
 40
1.0
 40
1.0
 10
264.751857552
 20
263.609200745
 30
0.0
 10
264.9723035283
 20
263.9427746825
 30
0.0
 10
265.1893421254
 20
264.2785172983
 30
0.0
 10
265.969235268
 20
265.5367704545
 30
0.0
 10
266.5092456004
 20
266.4743214284
 30
0.0
 10
268.1046730247
 20
268.9963097634
 30
0.0
 10
269.2641238957
 20
270.5367676446
 30
0.0
 10
270.7793776075
 20
271.6840240053
 30
0.0
  0
LINE
  5
38E
330
20C
100
AcDbEntity
  8
2
  6
Continuous
390
DFF
 62
   155
420
  5075865
100
AcDbLine
 10
119.0040972619
 20
62.8320047314
 30
0.0
 11
118.8812736332
 21
59.3320047314
 31
0.0
  0
LINE
  5
38F
330
20C
100
AcDbEntity
  8
2
  6
Continuous
390
DFF
 62
   155
420
  5075865
100
AcDbLine
 10
117.8749634142
 20
60.8320047314
 30
0.0
 11
118.015713041
 21
64.8320047314
 31
0.0
  0
SPLINE
  5
390
330
20C
100
AcDbEntity
  8
2
  6
Continuous
390
DFF
 62
   155
420
  5075865
100
AcDbSpline
210
0.0
220
0.0
230
1.0
 70
     8
 71
     3
 72
    10
 73
     6
 74
     0
 42
1E-07
 43
1E-10
 40
0.0
 40
0.0
 40
0.0
 40
0.0
 40
0.5
 40
0.5
 40
1.0
 40
1.0
 40
1.0
 40
1.0
 10
125.220209867
 20
69.8320047314
 30
0.0
 10
125.0813744429
 20
69.0030055643
 30
0.0
 10
124.9624052934
 20
68.1702205955
 30
0.0
 10
124.7418938004
 20
66.5024967591
 30
0.0
 10
124.641061029
 20
65.66756169760001
 30
0.0
 10
124.5456890316
 20
64.8320047314
 30
0.0
  0
LINE
  5
391
330
20C
100
AcDbEntity
  8
2
  6
Continuous
390
DFF
 62
   155
420
  5075865
100
AcDbLine
 10
108.9313992621
 20
59.3320047314
 30
0.0
 11
108.8085756334
 21
62.8320047314
 31
0.0
  0
LINE
  5
392
330
20C
100
AcDbEntity
  8
2
  6
Continuous
390
DFF
 62
   155
420
  5075865
100
AcDbLine
 10
46.50409726189999
 20
62.8320047314
 30
0.0
 11
46.3812736332
 21
59.3320047314
 31
0.0
  0
LINE
  5
393
330
20C
100
AcDbEntity
  8
2
  6
Continuous
390
DFF
 62
   155
420
  5075865
100
AcDbLine
 10
45.5508891718
 20
65.8320047314
 30
0.0
 11
45.3749634142
 21
60.8320047314
 31
0.0
  0
SPLINE
  5
394
330
20C
100
AcDbEntity
  8
2
  6
Continuous
390
DFF
 62
   155
420
  5075865
100
AcDbSpline
210
0.0
220
0.0
230
1.0
 70
     8
 71
     3
 72
    10
 73
     6
 74
     0
 42
1E-07
 43
1E-10
 40
0.0
 40
0.0
 40
0.0
 40
0.0
 40
0.5
 40
0.5
 40
1.0
 40
1.0
 40
1.0
 40
1.0
 10
103.2669838636
 20
64.8320047314
 30
0.0
 10
103.1716241592
 20
65.6674539987
 30
0.0
 10
103.0708074326
 20
66.5022579243
 30
0.0
 10
102.8503476897
 20
68.16963939850001
 30
0.0
 10
102.7313068407
 20
69.0029554767
 30
0.0
 10
102.5924630283
 20
69.8320047314
 30
0.0
  0
LINE
  5
395
330
20C
100
AcDbEntity
  8
2
  6
Continuous
390
DFF
 62
   155
420
  5075865
100
AcDbLine
 10
109.7969598543
 20
64.8320047314
 30
0.0
 11
109.937709481
 21
60.8320047314
 31
0.0
  0
LINE
  5
396
330
20C
100
AcDbEntity
  8
2
  6
Continuous
390
DFF
 62
   155
420
  5075865
100
AcDbLine
 10
36.4313992621
 20
59.3320047314
 30
0.0
 11
36.3085756334
 21
62.8320047314
 31
0.0
  0
LINE
  5
397
330
20C
100
AcDbEntity
  8
2
  6
Continuous
390
DFF
 62
   155
420
  5075865
100
AcDbLine
 10
37.437709481
 20
60.8320047314
 30
0.0
 11
37.2617837235
 21
65.8320047314
 31
0.0
  0
SPLINE
  5
398
330
20C
100
AcDbEntity
  8
2
  6
Continuous
390
DFF
 62
   155
420
  5075865
100
AcDbSpline
210
0.0
220
0.0
230
1.0
 70
     8
 71
     3
 72
    10
 73
     6
 74
     0
 42
1E-07
 43
1E-10
 40
0.0
 40
0.0
 40
0.0
 40
0.0
 40
0.4999999874
 40
0.4999999874
 40
1.0
 40
1.0
 40
1.0
 40
1.0
 10
181.7003911368
 20
57.8320047314
 30
0.0
 10
181.7394622369
 20
58.6653292165
 30
0.0
 10
181.7784360143
 20
59.4986582699
 30
0.0
 10
181.8561977106
 20
61.1653250791
 30
0.0
 10
181.8949856308
 20
61.9986628453
 30
0.0
 10
181.9336847248
 20
62.8320047313
 30
0.0
  0
LINE
  5
399
330
20C
100
AcDbEntity
  8
2
  6
Continuous
390
DFF
 62
   155
420
  5075865
100
AcDbLine
 10
47.6654008247
 20
62.8320047314
 30
0.0
 11
47.73076977180001
 21
59.575196511
 31
0.0
  0
DIMENSION
  5
39A
330
20C
100
AcDbEntity
  8
dim
  6
Continuous
390
DFF
 62
    82
420
  3394560
100
AcDbDimension
280
     0
  2
*D1
 10
409.2668622501
 20
130.0148321514
 30
0.0
 11
399.7483764151
 21
111.6831705619
 31
0.0
 70
   163
  1
{\fSymbol_ASME;\W1.0;⌀}1.1
 71
     2
 72
     2
 41
0.9
 42
-1.0
 73
     0
 74
     0
 75
     0
  3
DIMSTYLE_1
100
AcDbDiametricDimension
 15
409.7737642107
 25
130.9910751551
 35
0.0
 40
0.0
  0
DIMENSION
  5
39B
330
20C
100
AcDbEntity
  8
dim
  6
Continuous
390
DFF
 62
    82
420
  3394560
100
AcDbDimension
280
     0
  2
*D2
 10
199.222294761
 20
69.8320047314
 30
0.0
 11
199.4722946441
 21
63.8320040784
 31
0.0
 70
   160
  1
12
 71
     2
 72
     2
 41
0.9
 42
-1.0
 73
     0
 74
     0
 75
     0
  3
DIMSTYLE_2
100
AcDbAlignedDimension
 13
193.8063364476
 23
57.8320047314
 33
0.0
 14
192.7564724853
 24
69.8320047314
 34
0.0
 52
0.0
 50
90.0
100
AcDbRotatedDimension
  0
DIMENSION
  5
39C
330
20C
100
AcDbEntity
  8
dim
  6
Continuous
390
DFF
 62
    82
420
  3394560
100
AcDbDimension
280
     0
  2
*D3
 10
416.9203132304
 20
91.1094226103
 30
0.0
 11
336.9535720151
 21
91.1094226103
 31
0.0
 70
   160
  1
159.8{\fSymbol_ASME;\W1.0;±}0.1
 71
     2
 72
     2
 41
0.9
 42
-1.0
 73
     0
 74
     0
 75
     0
  3
DIMSTYLE_3
100
AcDbAlignedDimension
 13
257.1203132304
 23
123.1029536532
 33
0.0
 14
416.9203132304
 24
123.1029536532
 34
0.0
 52
0.0
100
AcDbRotatedDimension
  0
DIMENSION
  5
39D
330
20C
100
AcDbEntity
  8
dim
  6
Continuous
390
DFF
 62
    82
420
  3394560
100
AcDbDimension
280
     0
  2
*D4
 10
244.7621030371
 20
282.9029536532
 30
0.0
 11
244.7621030371
 21
203.2490632746
 31
0.0
 70
   160
  1
159.8{\fSymbol_ASME;\W1.0;±}0.1
 71
     2
 72
     2
 41
0.9
 42
-1.0
 73
     0
 74
     0
 75
     0
  3
DIMSTYLE_3
100
AcDbAlignedDimension
 13
257.1203132304
 23
123.1029536532
 33
0.0
 14
257.1203132304
 24
282.9029536532
 34
0.0
 52
0.0
 50
90.0
100
AcDbRotatedDimension
  0
DIMENSION
  5
39E
330
20C
100
AcDbEntity
  8
dim
  6
Continuous
390
DFF
 62
    82
420
  3394560
100
AcDbDimension
280
     0
  2
*D5
 10
158.9063364476
 20
290.3268051573
 30
0.0
 11
113.9063348934
 21
290.3268056405
 31
0.0
 70
   160
  1
90
 71
     2
 72
     2
 41
0.9
 42
-1.0
 73
     0
 74
     0
 75
     0
  3
DIMSTYLE_4
100
AcDbAlignedDimension
 13
68.9063364476
 23
276.0029536532
 33
0.0
 14
158.9063364476
 24
276.0029536532
 34
0.0
 52
0.0
100
AcDbRotatedDimension
  0
DIMENSION
  5
39F
330
20C
100
AcDbEntity
  8
dim
  6
Continuous
390
DFF
 62
    82
420
  3394560
100
AcDbDimension
280
     0
  2
*D6
 10
29.621598586
 20
158.0029536532
 30
0.0
 11
29.6215981269
 21
203.0029540565
 31
0.0
 70
   160
  1
90
 71
     2
 72
     2
 41
0.9
 42
-1.0
 73
     0
 74
     0
 75
     0
  3
DIMSTYLE_4
100
AcDbAlignedDimension
 13
40.9063364476
 23
248.0029536532
 33
0.0
 14
40.9063364476
 24
158.0029536532
 34
0.0
 52
0.0
 50
270.0
100
AcDbRotatedDimension
  0
DIMENSION
  5
3A0
330
20C
100
AcDbEntity
  8
dim
  6
Continuous
390
DFF
 62
    82
420
  3394560
100
AcDbDimension
280
     0
  2
*D7
 10
21.4057503201
 20
130.0029536532
 30
0.0
 11
21.7257508909
 21
203.0029540565
 31
0.0
 70
   160
  1
146
 71
     2
 72
     2
 41
0.9
 42
-1.0
 73
     0
 74
     0
 75
     0
  3
DIMSTYLE_4
100
AcDbAlignedDimension
 13
68.9063364476
 23
276.0029536532
 33
0.0
 14
68.9063364476
 24
130.0029536532
 34
0.0
 52
0.0
 50
270.0
100
AcDbRotatedDimension
  0
DIMENSION
  5
3A1
330
20C
100
AcDbEntity
  8
dim
  6
Continuous
390
DFF
 62
    82
420
  3394560
100
AcDbDimension
280
     0
  2
*D8
 10
113.9063364476
 20
156.7594431185
 30
0.0
 11
151.4863348548
 21
156.7594390988
 31
0.0
 70
   160
  1
75
 71
     2
 72
     2
 41
0.9
 42
-1.0
 73
     0
 74
     0
 75
     0
  3
DIMSTYLE_4
100
AcDbAlignedDimension
 13
188.9063364476
 23
178.0029536532
 33
0.0
 14
113.9063364476
 24
151.4263953986
 34
0.0
 52
0.0
 50
180.0
100
AcDbRotatedDimension
  0
DIMENSION
  5
3A2
330
20C
100
AcDbEntity
  8
dim
  6
Continuous
390
DFF
 62
    82
420
  3394560
100
AcDbDimension
280
     0
  2
*D9
 10
200.1545869016
 20
203.0029536532
 30
0.0
 11
200.2345818667
 21
190.5029537552
 31
0.0
 70
   160
  1
25
 71
     2
 72
     2
 41
0.9
 42
-1.0
 73
     0
 74
     0
 75
     0
  3
DIMSTYLE_4
100
AcDbAlignedDimension
 13
188.9063364476
 23
178.0029536532
 33
0.0
 14
175.9422805845
 24
203.0029536532
 34
0.0
 52
0.0
 50
90.0
100
AcDbRotatedDimension
  0
DIMENSION
  5
3A3
330
20C
100
AcDbEntity
  8
dim
  6
Continuous
390
DFF
 62
    82
420
  3394560
100
AcDbDimension
280
     0
  2
*D10
 10
113.9063364476
 20
114.7785247383
 30
0.0
 11
101.4863372486
 21
114.7785264345
 31
0.0
 70
   160
  1
25
 71
     2
 72
     2
 41
0.9
 42
-1.0
 73
     0
 74
     0
 75
     0
  3
DIMSTYLE_4
100
AcDbAlignedDimension
 13
88.9063364476
 23
128.0029536532
 33
0.0
 14
113.9063364476
 24
141.2667931409
 34
0.0
 52
0.0
100
AcDbRotatedDimension
  0
DIMENSION
  5
3A4
330
20C
100
AcDbEntity
  8
dim
  6
Continuous
390
DFF
 62
    82
420
  3394560
100
AcDbDimension
280
     0
  2
*D11
 10
76.49444728020001
 20
203.0029536532
 30
0.0
 11
76.5744478988
 21
165.5029531525
 31
0.0
 70
   160
  1
75
 71
     2
 72
     2
 41
0.9
 42
-1.0
 73
     0
 74
     0
 75
     0
  3
DIMSTYLE_4
100
AcDbAlignedDimension
 13
88.9063364476
 23
128.0029536532
 33
0.0
 14
106.337295212
 24
203.0029536532
 34
0.0
 52
0.0
 50
90.0
100
AcDbRotatedDimension
  0
DIMENSION
  5
3A5
330
20C
100
AcDbEntity
  8
dim
  6
Continuous
390
DFF
 62
    82
420
  3394560
100
AcDbDimension
280
     0
  2
*D12
 10
56.03527750439999
 20
203.0029536532
 30
0.0
 11
56.1152773717
 21
215.5029543578
 31
0.0
 70
   160
  1
25
 71
     2
 72
     2
 41
0.9
 42
-1.0
 73
     0
 74
     0
 75
     0
  3
DIMSTYLE_4
100
AcDbAlignedDimension
 13
38.9063364476
 23
228.0029536532
 33
0.0
 14
54.2790575963
 24
203.0029536532
 34
0.0
 52
0.0
 50
270.0
100
AcDbRotatedDimension
  0
DIMENSION
  5
3A6
330
20C
100
AcDbEntity
  8
dim
  6
Continuous
390
DFF
 62
    82
420
  3394560
100
AcDbDimension
280
     0
  2
*D13
 10
113.9063364476
 20
240.4091039369
 30
0.0
 11
76.486336646
 21
240.4091068668
 31
0.0
 70
   160
  1
75
 71
     2
 72
     2
 41
0.9
 42
-1.0
 73
     0
 74
     0
 75
     0
  3
DIMSTYLE_4
100
AcDbAlignedDimension
 13
38.9063364476
 23
228.0029536532
 33
0.0
 14
113.9063364476
 24
252.2274347928
 34
0.0
 52
0.0
100
AcDbRotatedDimension
  0
DIMENSION
  5
3A7
330
20C
100
AcDbEntity
  8
dim
  6
Continuous
390
DFF
 62
    82
420
  3394560
100
AcDbDimension
280
     0
  2
*D14
 10
113.9063364476
 20
285.5941903119
 30
0.0
 11
126.4863342522
 21
285.5941926885
 31
0.0
 70
   160
  1
25
 71
     2
 72
     2
 41
0.9
 42
-1.0
 73
     0
 74
     0
 75
     0
  3
DIMSTYLE_4
100
AcDbAlignedDimension
 13
138.9063364476
 23
278.0029536532
 33
0.0
 14
113.9063364476
 24
263.6410085376
 34
0.0
 52
0.0
 50
180.0
100
AcDbRotatedDimension
  0
DIMENSION
  5
3A8
330
20C
100
AcDbEntity
  8
dim
  6
Continuous
390
DFF
 62
    82
420
  3394560
100
AcDbDimension
280
     0
  2
*D15
 10
151.4978040004
 20
203.0029536532
 30
0.0
 11
151.577807594
 21
240.5029549604
 31
0.0
 70
   160
  1
75
 71
     2
 72
     2
 41
0.9
 42
-1.0
 73
     0
 74
     0
 75
     0
  3
DIMSTYLE_4
100
AcDbAlignedDimension
 13
138.9063364476
 23
278.0029536532
 33
0.0
 14
165.4525796754
 24
203.0029536532
 34
0.0
 52
0.0
 50
270.0
100
AcDbRotatedDimension
  0
DIMENSION
  5
3A9
330
20C
100
AcDbEntity
  8
dim
  6
Continuous
390
DFF
 62
    82
420
  3394560
100
AcDbDimension
280
     0
  2
*D16
 10
190.1020952855
 20
177.0973263559
 30
0.0
 11
198.4322376323
 21
170.788358309
 31
0.0
 70
   163
  1
{\fSymbol_ASME;\W1.0;⌀}3
 71
     2
 72
     2
 41
0.9
 42
-1.0
 73
     0
 74
     0
 75
     0
  3
DIMSTYLE_5
100
AcDbDiametricDimension
 15
187.7105776098
 25
178.9085809505
 35
0.0
 40
0.0
  0
DIMENSION
  5
3AA
330
20C
100
AcDbEntity
  8
dim
  6
Continuous
390
DFF
 62
    82
420
  3394560
100
AcDbDimension
280
     0
  2
*D17
 10
10.4754539467
 20
57.8320047314
 30
0.0
 11
10.5554541976
 21
52.4837519505
 31
0.0
 70
   160
  1
4.5
 71
     2
 72
     2
 41
0.9
 42
-1.0
 73
     0
 74
     0
 75
     0
  3
DIMSTYLE_4
100
AcDbAlignedDimension
 13
42.0200676777
 23
62.3320047314
 33
0.0
 14
41.4063609902
 24
57.8320047314
 34
0.0
 52
0.0
 50
270.0
100
AcDbRotatedDimension
  0
DIMENSION
  5
3AB
330
20C
100
AcDbEntity
  8
dim
  6
Continuous
390
DFF
 62
    82
420
  3394560
100
AcDbDimension
280
     0
  2
*D18
 10
79.8370319871
 20
57.8320047314
 30
0.0
 11
79.91703223819999
 21
52.2856581892
 31
0.0
 70
   160
  1
3
 71
     2
 72
     2
 41
0.9
 42
-1.0
 73
     0
 74
     0
 75
     0
  3
DIMSTYLE_4
100
AcDbAlignedDimension
 13
81.0733972062
 23
60.8320047314
 33
0.0
 14
81.0733972062
 24
57.8320047314
 34
0.0
 52
0.0
 50
270.0
100
AcDbRotatedDimension
  0
DIMENSION
  5
3AC
330
20C
100
AcDbEntity
  8
dim
  6
Continuous
390
DFF
 62
    82
420
  3394560
100
AcDbDimension
280
     0
  2
*D19
 10
409.5203132304
 20
105.2610030429
 30
0.0
 11
346.6997198019999
 21
105.261006743
 31
0.0
 70
   160
  1
145
 71
     2
 72
     2
 41
0.9
 42
-1.0
 73
     0
 74
     0
 75
     0
  3
DIMSTYLE_4
100
AcDbAlignedDimension
 13
264.5203132304
 23
130.5029536532
 33
0.0
 14
409.5203132304
 24
130.5029536532
 34
0.0
 52
0.0
100
AcDbRotatedDimension
  0
DIMENSION
  5
3AD
330
20C
100
AcDbEntity
  8
dim
  6
Continuous
390
DFF
 62
    82
420
  3394560
100
AcDbDimension
280
     0
  2
*D20
 10
252.3104870284
 20
275.5029536532
 30
0.0
 11
252.7104869612
 21
203.0029540565
 31
0.0
 70
   160
  1
145
 71
     2
 72
     2
 41
0.9
 42
-1.0
 73
     0
 74
     0
 75
     0
  3
DIMSTYLE_4
100
AcDbAlignedDimension
 13
264.5203132304
 23
130.5029536532
 33
0.0
 14
264.5203132304
 24
275.5029536532
 34
0.0
 52
0.0
 50
90.0
100
AcDbRotatedDimension
  0
DIMENSION
  5
3AE
330
20C
100
AcDbEntity
  8
dim
  6
Continuous
390
DFF
 62
    82
420
  3394560
100
AcDbDimension
280
     0
  2
*D21
 10
350.1571408131
 20
233.0029536532
 30
0.0
 11
350.1571417304
 21
203.0029540565
 31
0.0
 70
   160
  1
60
 71
     2
 72
     2
 41
0.9
 42
-1.0
 73
     0
 74
     0
 75
     0
  3
DIMSTYLE_4
100
AcDbAlignedDimension
 13
337.0203132304
 23
173.0029536532
 33
0.0
 14
337.0203132304
 24
233.0029536532
 34
0.0
 52
0.0
 50
90.0
100
AcDbRotatedDimension
  0
DIMENSION
  5
3AF
330
20C
100
AcDbEntity
  8
dim
  6
Continuous
390
DFF
 62
    82
420
  3394560
100
AcDbDimension
280
     0
  2
*D22
 10
337.0203132304
 20
98.237393455
 30
0.0
 11
298.2899104082
 21
98.23739324799999
 31
0.0
 70
   160
  1
77.46
 71
     2
 72
     2
 41
0.9
 42
-1.0
 73
     0
 74
     0
 75
     0
  3
DIMSTYLE_4
100
AcDbAlignedDimension
 13
259.5595132304
 23
124.3229536532
 33
0.0
 14
337.0203132304
 24
127.3189175899
 34
0.0
 52
0.0
100
AcDbRotatedDimension
  0
DIMENSION
  5
3B0
330
20C
100
AcDbEntity
  8
dim
  6
Continuous
390
DFF
 62
    82
420
  3394560
100
AcDbDimension
280
     0
  2
*D23
 10
414.4811132304
 20
97.22704095
 30
0.0
 11
375.7507074116
 21
97.22703984569999
 31
0.0
 70
   160
  1
77.46
 71
     2
 72
     2
 41
0.9
 42
-1.0
 73
     0
 74
     0
 75
     0
  3
DIMSTYLE_4
100
AcDbAlignedDimension
 13
337.0203132304
 23
114.7561311512
 33
0.0
 14
414.4811132304
 24
124.3229536532
 34
0.0
 52
0.0
100
AcDbRotatedDimension
  0
DIMENSION
  5
3B1
330
20C
100
AcDbEntity
  8
dim
  6
Continuous
390
DFF
 62
    82
420
  3394560
100
AcDbDimension
280
     0
  2
*D24
 10
233.8181075919
 20
115.6984601179
 30
0.0
 11
239.6996918856
 21
115.6984580119
 31
0.0
 70
   160
  1
12
 71
     2
 72
     2
 41
0.9
 42
-1.0
 73
     0
 74
     0
 75
     0
  3
DIMSTYLE_4
100
AcDbAlignedDimension
 13
221.8181075919
 23
124.9083146568
 33
0.0
 14
233.8181075919
 24
126.3555784629
 34
0.0
 52
0.0
100
AcDbRotatedDimension
  0
DIMENSION
  5
3B2
330
20C
100
AcDbEntity
  8
dim
  6
Continuous
390
DFF
 62
    82
420
  3394560
100
AcDbDimension
280
     0
  2
*D25
 10
234.6181075919
 20
130.5855754163
 30
0.0
 11
243.8101779218
 21
130.5855743335
 31
0.0
 70
   160
  1
0.8
 71
     2
 72
     2
 41
0.9
 42
-1.0
 73
     0
 74
     0
 75
     0
  3
DIMSTYLE_4
100
AcDbAlignedDimension
 13
233.8181075919
 23
124.2680714356
 33
0.0
 14
234.6181075919
 24
124.3229536532
 34
0.0
 52
0.0
100
AcDbRotatedDimension
  0
LEADER
  5
3B3
330
20C
100
AcDbEntity
  8
dim
  6
Continuous
390
DFF
 62
    42
420
 13408512
100
AcDbLeader
  3
Standard
 71
     0
 73
     0
 72
     0
 74
     1
 40
0.0
 41
0.0
 76
     3
 10
186.4063364476
 20
130.5029536532
 30
0.0
 10
191.1668772684
 20
109.0834118027
 30
0.0
 10
193.1668772684
 20
109.0834118027
 30
0.0
210
0.0
220
0.0
230
1.0
211
1.0
221
0.0
231
0.0
212
0.0
222
0.0
232
0.0
340
3B4
1001
ACAD
1000
DSTYLE
1002
{
1070
    77
1070
     0
1002
}
  0
MTEXT
  5
3B4
102
{ACAD_REACTORS
330
3B3
102
}
330
20C
100
AcDbEntity
  8
dim
  6
Continuous
390
DFF
 62
    42
420
 13408512
100
AcDbMText
 10
193.1668772684
 20
110.3334118027
 30
0.0
210
0.0
220
0.0
230
1.0
 11
1.0
 21
0.0
 31
0.0
 40
2.5
 41
49.970703125
 46
0.0
 71
     1
 72
     1
  1
It is recommended to use M1X6
  7
TEXTSTYLE_4
 73
     2
 44
1.0
101
Embedded Object
 70
     1
 10
193.1668772684
 20
110.3334118027
 30
0.0
 11
1.0
 21
0.0
 31
0.0
 40
49.970703125
 41
0.0
 42
0.0
 43
0.0
 71
     0
  0
MTEXT
  5
3B5
330
20C
100
AcDbEntity
  8
dim
  6
Continuous
390
DFF
 62
     2
100
AcDbMText
 10
426.9397274759
 20
41.600705421
 30
0.0
210
0.0
220
0.0
230
1.0
 11
1.0
 21
0.0
 31
0.0
 40
3.101248416
 41
18.280405702
 46
0.0
 71
     1
 72
     1
  1
surface \Ptreatment
  7
TEXTSTYLE_5
 73
     2
 44
1.0
101
Embedded Object
 70
     1
 10
426.9397274759
 20
41.600705421
 30
0.0
 11
1.0
 21
0.0
 31
0.0
 40
18.280405702
 41
0.0
 42
0.0
 43
0.0
 71
     0
  0
MTEXT
  5
3B6
330
20C
100
AcDbEntity
  8
dim
  6
Continuous
390
DFF
 62
     2
100
AcDbMText
 10
382.2938471565
 20
39.6643740324
 30
0.0
210
0.0
220
0.0
230
1.0
 11
1.0
 21
0.0
 31
0.0
 40
3.87656052
 41
25.742784703
 46
0.0
 71
     1
 72
     1
  1
Proportion
  7
TEXTSTYLE_5
 73
     2
 44
1.0
101
Embedded Object
 70
     1
 10
382.2938471565
 20
39.6643740324
 30
0.0
 11
1.0
 21
0.0
 31
0.0
 40
25.742784703
 41
0.0
 42
0.0
 43
0.0
 71
     0
  0
MTEXT
  5
3B7
330
20C
100
AcDbEntity
  8
dim
  6
Continuous
390
DFF
 62
     2
100
AcDbMText
 10
390.1060125268
 20
30.1012014471
 30
0.0
210
0.0
220
0.0
230
1.0
 11
1.0
 21
0.0
 31
0.0
 40
3.87656052
 41
10.6756842445
 46
0.0
 71
     1
 72
     1
  1
Unit
  7
TEXTSTYLE_5
 73
     2
 44
1.0
101
Embedded Object
 70
     1
 10
390.1060125268
 20
30.1012014471
 30
0.0
 11
1.0
 21
0.0
 31
0.0
 40
10.6756842445
 41
0.0
 42
0.0
 43
0.0
 71
     0
  0
MTEXT
  5
3B8
330
20C
100
AcDbEntity
  8
dim
  6
Continuous
390
DFF
 62
     2
100
AcDbMText
 10
450.7595311147
 20
39.14515209050001
 30
0.0
210
0.0
220
0.0
230
1.0
 11
1.0
 21
0.0
 31
0.0
 40
3.8770566119
 41
11.6311698357
 46
0.0
 71
     1
 72
     1
  1
EDM
  7
TEXTSTYLE_3
 73
     2
 44
1.0
101
Embedded Object
 70
     1
 10
450.7595311147
 20
39.14515209050001
 30
0.0
 11
1.0
 21
0.0
 31
0.0
 40
11.6311698357
 41
0.0
 42
0.0
 43
0.0
 71
     0
  0
MTEXT
  5
3B9
330
20C
100
AcDbEntity
  8
dim
  6
Continuous
390
DFF
 62
     2
100
AcDbMText
 10
431.8049633619
 20
48.558533901
 30
0.0
210
0.0
220
0.0
230
1.0
 11
1.0
 21
0.0
 31
0.0
 40
3.101248416
 41
11.8113953343
 46
0.0
 71
     1
 72
     1
  1
shrink
  7
TEXTSTYLE_5
 73
     2
 44
1.0
101
Embedded Object
 70
     1
 10
431.8049633619
 20
48.558533901
 30
0.0
 11
1.0
 21
0.0
 31
0.0
 40
11.8113953343
 41
0.0
 42
0.0
 43
0.0
 71
     0
  0
MTEXT
  5
3BA
330
20C
100
AcDbEntity
  8
dim
  6
Continuous
390
DFF
 62
     2
100
AcDbMText
 10
385.2766739343
 20
48.9434678771
 30
0.0
210
0.0
220
0.0
230
1.0
 11
1.0
 21
0.0
 31
0.0
 40
3.87656052
 41
19.927943923
 46
0.0
 71
     1
 72
     1
  1
Material
  7
TEXTSTYLE_5
 73
     2
 44
1.0
101
Embedded Object
 70
     1
 10
385.2766739343
 20
48.9434678771
 30
0.0
 11
1.0
 21
0.0
 31
0.0
 40
19.927943923
 41
0.0
 42
0.0
 43
0.0
 71
     0
  0
MTEXT
  5
3BB
330
20C
100
AcDbEntity
  8
dim
  6
Continuous
390
DFF
 62
     2
100
AcDbMText
 10
411.668930769
 20
40.1576866713
 30
0.0
210
0.0
220
0.0
230
1.0
 11
1.0
 21
0.0
 31
0.0
 40
3.8766689062
 41
11.6300067187
 46
0.0
 71
     1
 72
     1
  1
1:1
  7
TEXTSTYLE_3
 73
     2
 44
1.0
101
Embedded Object
 70
     1
 10
411.668930769
 20
40.1576866713
 30
0.0
 11
1.0
 21
0.0
 31
0.0
 40
11.6300067187
 41
0.0
 42
0.0
 43
0.0
 71
     0
  0
MTEXT
  5
3BC
330
20C
100
AcDbEntity
  8
dim
  6
Continuous
390
DFF
 62
     2
100
AcDbMText
 10
411.2846263079
 20
30.4999226234
 30
0.0
210
0.0
220
0.0
230
1.0
 11
1.0
 21
0.0
 31
0.0
 40
3.836841553
 41
7.673683106
 46
0.0
 71
     1
 72
     1
  1
MM
  7
TEXTSTYLE_3
 73
     2
 44
1.0
101
Embedded Object
 70
     1
 10
411.2846263079
 20
30.4999226234
 30
0.0
 11
1.0
 21
0.0
 31
0.0
 40
7.673683106
 41
0.0
 42
0.0
 43
0.0
 71
     0
  0
MTEXT
  5
3BD
330
20C
100
AcDbEntity
  8
dim
  6
Continuous
390
DFF
 62
    84
420
  2529536
100
AcDbMText
 10
468.9264073409
 20
22.7872431797
 30
0.0
210
0.0
220
0.0
230
1.0
 11
1.0
 21
0.0
 31
0.0
 40
3.9264172863
 41
2.6306995819
 46
0.0
 71
     2
 72
     1
  1
H
  7
TEXTSTYLE_6
 73
     2
 44
0.6
101
Embedded Object
 70
     1
 10
468.9264073409
 20
22.7872431797
 30
0.0
 11
1.0
 21
0.0
 31
0.0
 40
2.6306995819
 41
0.0
 42
0.0
 43
0.0
 71
     0
  0
MTEXT
  5
3BE
330
20C
100
AcDbEntity
  8
dim
  6
Continuous
390
DFF
 62
    84
420
  2529536
100
AcDbMText
 10
468.9264073409
 20
64.4353122527
 30
0.0
210
0.0
220
0.0
230
1.0
 11
1.0
 21
0.0
 31
0.0
 40
3.9264172863
 41
2.6306995819
 46
0.0
 71
     2
 72
     1
  1
G
  7
TEXTSTYLE_6
 73
     2
 44
0.6
101
Embedded Object
 70
     1
 10
468.9264073409
 20
64.4353122527
 30
0.0
 11
1.0
 21
0.0
 31
0.0
 40
2.6306995819
 41
0.0
 42
0.0
 43
0.0
 71
     0
  0
MTEXT
  5
3BF
330
20C
100
AcDbEntity
  8
dim
  6
Continuous
390
DFF
 62
    84
420
  2529536
100
AcDbMText
 10
468.9264073409
 20
106.0833813258
 30
0.0
210
0.0
220
0.0
230
1.0
 11
1.0
 21
0.0
 31
0.0
 40
3.9264172863
 41
2.6306995819
 46
0.0
 71
     2
 72
     1
  1
F
  7
TEXTSTYLE_6
 73
     2
 44
0.6
101
Embedded Object
 70
     1
 10
468.9264073409
 20
106.0833813258
 30
0.0
 11
1.0
 21
0.0
 31
0.0
 40
2.6306995819
 41
0.0
 42
0.0
 43
0.0
 71
     0
  0
MTEXT
  5
3C0
330
20C
100
AcDbEntity
  8
dim
  6
Continuous
390
DFF
 62
    84
420
  2529536
100
AcDbMText
 10
468.9264073409
 20
147.7314503988
 30
0.0
210
0.0
220
0.0
230
1.0
 11
1.0
 21
0.0
 31
0.0
 40
3.9264172863
 41
2.6306995819
 46
0.0
 71
     2
 72
     1
  1
E
  7
TEXTSTYLE_6
 73
     2
 44
0.6
101
Embedded Object
 70
     1
 10
468.9264073409
 20
147.7314503988
 30
0.0
 11
1.0
 21
0.0
 31
0.0
 40
2.6306995819
 41
0.0
 42
0.0
 43
0.0
 71
     0
  0
MTEXT
  5
3C1
330
20C
100
AcDbEntity
  8
dim
  6
Continuous
390
DFF
 62
    84
420
  2529536
100
AcDbMText
 10
468.9264073409
 20
189.3795194719
 30
0.0
210
0.0
220
0.0
230
1.0
 11
1.0
 21
0.0
 31
0.0
 40
3.9264172863
 41
2.6306995819
 46
0.0
 71
     2
 72
     1
  1
D
  7
TEXTSTYLE_6
 73
     2
 44
0.6
101
Embedded Object
 70
     1
 10
468.9264073409
 20
189.3795194719
 30
0.0
 11
1.0
 21
0.0
 31
0.0
 40
2.6306995819
 41
0.0
 42
0.0
 43
0.0
 71
     0
  0
MTEXT
  5
3C2
330
20C
100
AcDbEntity
  8
dim
  6
Continuous
390
DFF
 62
    84
420
  2529536
100
AcDbMText
 10
468.9264073409
 20
231.0275885449
 30
0.0
210
0.0
220
0.0
230
1.0
 11
1.0
 21
0.0
 31
0.0
 40
3.9264172863
 41
2.6306995819
 46
0.0
 71
     2
 72
     1
  1
C
  7
TEXTSTYLE_6
 73
     2
 44
0.6
101
Embedded Object
 70
     1
 10
468.9264073409
 20
231.0275885449
 30
0.0
 11
1.0
 21
0.0
 31
0.0
 40
2.6306995819
 41
0.0
 42
0.0
 43
0.0
 71
     0
  0
MTEXT
  5
3C3
330
20C
100
AcDbEntity
  8
dim
  6
Continuous
390
DFF
 62
    84
420
  2529536
100
AcDbMText
 10
468.9264073409
 20
272.6756576179
 30
0.0
210
0.0
220
0.0
230
1.0
 11
1.0
 21
0.0
 31
0.0
 40
3.9264172863
 41
2.6306995819
 46
0.0
 71
     2
 72
     1
  1
B
  7
TEXTSTYLE_6
 73
     2
 44
0.6
101
Embedded Object
 70
     1
 10
468.9264073409
 20
272.6756576179
 30
0.0
 11
1.0
 21
0.0
 31
0.0
 40
2.6306995819
 41
0.0
 42
0.0
 43
0.0
 71
     0
  0
MTEXT
  5
3C4
330
20C
100
AcDbEntity
  8
dim
  6
Continuous
390
DFF
 62
    84
420
  2529536
100
AcDbMText
 10
468.9264073409
 20
314.323726691
 30
0.0
210
0.0
220
0.0
230
1.0
 11
1.0
 21
0.0
 31
0.0
 40
3.9264172863
 41
2.6306995819
 46
0.0
 71
     2
 72
     1
  1
A
  7
TEXTSTYLE_6
 73
     2
 44
0.6
101
Embedded Object
 70
     1
 10
468.9264073409
 20
314.323726691
 30
0.0
 11
1.0
 21
0.0
 31
0.0
 40
2.6306995819
 41
0.0
 42
0.0
 43
0.0
 71
     0
  0
MTEXT
  5
3C5
330
20C
100
AcDbEntity
  8
dim
  6
Continuous
390
DFF
 62
    84
420
  2529536
100
AcDbMText
 10
2.804583776
 20
106.0833813258
 30
0.0
210
0.0
220
0.0
230
1.0
 11
1.0
 21
0.0
 31
0.0
 40
3.9264172863
 41
2.6306995819
 46
0.0
 71
     2
 72
     1
  1
F
  7
TEXTSTYLE_6
 73
     2
 44
0.6
101
Embedded Object
 70
     1
 10
2.804583776
 20
106.0833813258
 30
0.0
 11
1.0
 21
0.0
 31
0.0
 40
2.6306995819
 41
0.0
 42
0.0
 43
0.0
 71
     0
  0
MTEXT
  5
3C6
330
20C
100
AcDbEntity
  8
dim
  6
Continuous
390
DFF
 62
    84
420
  2529536
100
AcDbMText
 10
2.804583776
 20
147.7314503988
 30
0.0
210
0.0
220
0.0
230
1.0
 11
1.0
 21
0.0
 31
0.0
 40
3.9264172863
 41
2.6306995819
 46
0.0
 71
     2
 72
     1
  1
E
  7
TEXTSTYLE_6
 73
     2
 44
0.6
101
Embedded Object
 70
     1
 10
2.804583776
 20
147.7314503988
 30
0.0
 11
1.0
 21
0.0
 31
0.0
 40
2.6306995819
 41
0.0
 42
0.0
 43
0.0
 71
     0
  0
MTEXT
  5
3C7
330
20C
100
AcDbEntity
  8
dim
  6
Continuous
390
DFF
 62
    84
420
  2529536
100
AcDbMText
 10
2.804583776
 20
189.3795194719
 30
0.0
210
0.0
220
0.0
230
1.0
 11
1.0
 21
0.0
 31
0.0
 40
3.9264172863
 41
2.6306995819
 46
0.0
 71
     2
 72
     1
  1
D
  7
TEXTSTYLE_6
 73
     2
 44
0.6
101
Embedded Object
 70
     1
 10
2.804583776
 20
189.3795194719
 30
0.0
 11
1.0
 21
0.0
 31
0.0
 40
2.6306995819
 41
0.0
 42
0.0
 43
0.0
 71
     0
  0
MTEXT
  5
3C8
330
20C
100
AcDbEntity
  8
dim
  6
Continuous
390
DFF
 62
    84
420
  2529536
100
AcDbMText
 10
2.804583776
 20
231.0275885449
 30
0.0
210
0.0
220
0.0
230
1.0
 11
1.0
 21
0.0
 31
0.0
 40
3.9264172863
 41
2.6306995819
 46
0.0
 71
     2
 72
     1
  1
C
  7
TEXTSTYLE_6
 73
     2
 44
0.6
101
Embedded Object
 70
     1
 10
2.804583776
 20
231.0275885449
 30
0.0
 11
1.0
 21
0.0
 31
0.0
 40
2.6306995819
 41
0.0
 42
0.0
 43
0.0
 71
     0
  0
MTEXT
  5
3C9
330
20C
100
AcDbEntity
  8
dim
  6
Continuous
390
DFF
 62
    84
420
  2529536
100
AcDbMText
 10
2.804583776
 20
272.6756576179
 30
0.0
210
0.0
220
0.0
230
1.0
 11
1.0
 21
0.0
 31
0.0
 40
3.9264172863
 41
2.6306995819
 46
0.0
 71
     2
 72
     1
  1
B
  7
TEXTSTYLE_6
 73
     2
 44
0.6
101
Embedded Object
 70
     1
 10
2.804583776
 20
272.6756576179
 30
0.0
 11
1.0
 21
0.0
 31
0.0
 40
2.6306995819
 41
0.0
 42
0.0
 43
0.0
 71
     0
  0
MTEXT
  5
3CA
330
20C
100
AcDbEntity
  8
dim
  6
Continuous
390
DFF
 62
    84
420
  2529536
100
AcDbMText
 10
2.804583776
 20
314.323726691
 30
0.0
210
0.0
220
0.0
230
1.0
 11
1.0
 21
0.0
 31
0.0
 40
3.9264172863
 41
2.6306995819
 46
0.0
 71
     2
 72
     1
  1
A
  7
TEXTSTYLE_6
 73
     2
 44
0.6
101
Embedded Object
 70
     1
 10
2.804583776
 20
314.323726691
 30
0.0
 11
1.0
 21
0.0
 31
0.0
 40
2.6306995819
 41
0.0
 42
0.0
 43
0.0
 71
     0
  0
MTEXT
  5
3CB
330
20C
100
AcDbEntity
  8
dim
  6
Continuous
390
DFF
 62
    84
420
  2529536
100
AcDbMText
 10
457.6847007056
 20
4.7677924191
 30
0.0
210
0.0
220
0.0
230
1.0
 11
1.0
 21
0.0
 31
0.0
 40
3.9264172863
 41
5.2613991637
 46
0.0
 71
     2
 72
     1
  1
12
  7
TEXTSTYLE_6
 73
     2
 44
0.6
101
Embedded Object
 70
     1
 10
457.6847007056
 20
4.7677924191
 30
0.0
 11
1.0
 21
0.0
 31
0.0
 40
5.2613991637
 41
0.0
 42
0.0
 43
0.0
 71
     0
  0
MTEXT
  5
3CC
330
20C
100
AcDbEntity
  8
dim
  6
Continuous
390
DFF
 62
    84
420
  2529536
100
AcDbMText
 10
412.7646172273001
 20
4.7677924191
 30
0.0
210
0.0
220
0.0
230
1.0
 11
1.0
 21
0.0
 31
0.0
 40
3.9264172863
 41
5.2613991637
 46
0.0
 71
     2
 72
     1
  1
11
  7
TEXTSTYLE_6
 73
     2
 44
0.6
101
Embedded Object
 70
     1
 10
412.7646172273001
 20
4.7677924191
 30
0.0
 11
1.0
 21
0.0
 31
0.0
 40
5.2613991637
 41
0.0
 42
0.0
 43
0.0
 71
     0
  0
MTEXT
  5
3CD
330
20C
100
AcDbEntity
  8
dim
  6
Continuous
390
DFF
 62
    84
420
  2529536
100
AcDbMText
 10
373.4537013009
 20
4.7677924191
 30
0.0
210
0.0
220
0.0
230
1.0
 11
1.0
 21
0.0
 31
0.0
 40
3.9264172863
 41
5.2613991637
 46
0.0
 71
     2
 72
     1
  1
10
  7
TEXTSTYLE_6
 73
     2
 44
0.6
101
Embedded Object
 70
     1
 10
373.4537013009
 20
4.7677924191
 30
0.0
 11
1.0
 21
0.0
 31
0.0
 40
5.2613991637
 41
0.0
 42
0.0
 43
0.0
 71
     0
  0
MTEXT
  5
3CE
330
20C
100
AcDbEntity
  8
dim
  6
Continuous
390
DFF
 62
    84
420
  2529536
100
AcDbMText
 10
334.1427853744
 20
4.7677924191
 30
0.0
210
0.0
220
0.0
230
1.0
 11
1.0
 21
0.0
 31
0.0
 40
3.9264172863
 41
2.6306995819
 46
0.0
 71
     2
 72
     1
  1
9
  7
TEXTSTYLE_6
 73
     2
 44
0.6
101
Embedded Object
 70
     1
 10
334.1427853744
 20
4.7677924191
 30
0.0
 11
1.0
 21
0.0
 31
0.0
 40
2.6306995819
 41
0.0
 42
0.0
 43
0.0
 71
     0
  0
MTEXT
  5
3CF
330
20C
100
AcDbEntity
  8
dim
  6
Continuous
390
DFF
 62
    84
420
  2529536
100
AcDbMText
 10
294.831869448
 20
4.7677924191
 30
0.0
210
0.0
220
0.0
230
1.0
 11
1.0
 21
0.0
 31
0.0
 40
3.9264172863
 41
2.6306995819
 46
0.0
 71
     2
 72
     1
  1
8
  7
TEXTSTYLE_6
 73
     2
 44
0.6
101
Embedded Object
 70
     1
 10
294.831869448
 20
4.7677924191
 30
0.0
 11
1.0
 21
0.0
 31
0.0
 40
2.6306995819
 41
0.0
 42
0.0
 43
0.0
 71
     0
  0
MTEXT
  5
3D0
330
20C
100
AcDbEntity
  8
dim
  6
Continuous
390
DFF
 62
    84
420
  2529536
100
AcDbMText
 10
255.5209535216
 20
4.7677924191
 30
0.0
210
0.0
220
0.0
230
1.0
 11
1.0
 21
0.0
 31
0.0
 40
3.9264172863
 41
2.6306995819
 46
0.0
 71
     2
 72
     1
  1
7
  7
TEXTSTYLE_6
 73
     2
 44
0.6
101
Embedded Object
 70
     1
 10
255.5209535216
 20
4.7677924191
 30
0.0
 11
1.0
 21
0.0
 31
0.0
 40
2.6306995819
 41
0.0
 42
0.0
 43
0.0
 71
     0
  0
MTEXT
  5
3D1
330
20C
100
AcDbEntity
  8
dim
  6
Continuous
390
DFF
 62
    84
420
  2529536
100
AcDbMText
 10
216.2100375952
 20
4.7677924191
 30
0.0
210
0.0
220
0.0
230
1.0
 11
1.0
 21
0.0
 31
0.0
 40
3.9264172863
 41
2.6306995819
 46
0.0
 71
     2
 72
     1
  1
6
  7
TEXTSTYLE_6
 73
     2
 44
0.6
101
Embedded Object
 70
     1
 10
216.2100375952
 20
4.7677924191
 30
0.0
 11
1.0
 21
0.0
 31
0.0
 40
2.6306995819
 41
0.0
 42
0.0
 43
0.0
 71
     0
  0
MTEXT
  5
3D2
330
20C
100
AcDbEntity
  8
dim
  6
Continuous
390
DFF
 62
    84
420
  2529536
100
AcDbMText
 10
176.8991216688
 20
4.7677924191
 30
0.0
210
0.0
220
0.0
230
1.0
 11
1.0
 21
0.0
 31
0.0
 40
3.9264172863
 41
2.6306995819
 46
0.0
 71
     2
 72
     1
  1
5
  7
TEXTSTYLE_6
 73
     2
 44
0.6
101
Embedded Object
 70
     1
 10
176.8991216688
 20
4.7677924191
 30
0.0
 11
1.0
 21
0.0
 31
0.0
 40
2.6306995819
 41
0.0
 42
0.0
 43
0.0
 71
     0
  0
MTEXT
  5
3D3
330
20C
100
AcDbEntity
  8
dim
  6
Continuous
390
DFF
 62
    84
420
  2529536
100
AcDbMText
 10
137.5882057424
 20
4.7677924191
 30
0.0
210
0.0
220
0.0
230
1.0
 11
1.0
 21
0.0
 31
0.0
 40
3.9264172863
 41
2.6306995819
 46
0.0
 71
     2
 72
     1
  1
4
  7
TEXTSTYLE_6
 73
     2
 44
0.6
101
Embedded Object
 70
     1
 10
137.5882057424
 20
4.7677924191
 30
0.0
 11
1.0
 21
0.0
 31
0.0
 40
2.6306995819
 41
0.0
 42
0.0
 43
0.0
 71
     0
  0
MTEXT
  5
3D4
330
20C
100
AcDbEntity
  8
dim
  6
Continuous
390
DFF
 62
    84
420
  2529536
100
AcDbMText
 10
98.27728981600001
 20
4.7677924191
 30
0.0
210
0.0
220
0.0
230
1.0
 11
1.0
 21
0.0
 31
0.0
 40
3.9264172863
 41
2.6306995819
 46
0.0
 71
     2
 72
     1
  1
3
  7
TEXTSTYLE_6
 73
     2
 44
0.6
101
Embedded Object
 70
     1
 10
98.27728981600001
 20
4.7677924191
 30
0.0
 11
1.0
 21
0.0
 31
0.0
 40
2.6306995819
 41
0.0
 42
0.0
 43
0.0
 71
     0
  0
MTEXT
  5
3D5
330
20C
100
AcDbEntity
  8
dim
  6
Continuous
390
DFF
 62
    84
420
  2529536
100
AcDbMText
 10
58.9663738896
 20
4.7677924191
 30
0.0
210
0.0
220
0.0
230
1.0
 11
1.0
 21
0.0
 31
0.0
 40
3.9264172863
 41
2.6306995819
 46
0.0
 71
     2
 72
     1
  1
2
  7
TEXTSTYLE_6
 73
     2
 44
0.6
101
Embedded Object
 70
     1
 10
58.9663738896
 20
4.7677924191
 30
0.0
 11
1.0
 21
0.0
 31
0.0
 40
2.6306995819
 41
0.0
 42
0.0
 43
0.0
 71
     0
  0
MTEXT
  5
3D6
330
20C
100
AcDbEntity
  8
dim
  6
Continuous
390
DFF
 62
    84
420
  2529536
100
AcDbMText
 10
22.4600417392
 20
4.7677924191
 30
0.0
210
0.0
220
0.0
230
1.0
 11
1.0
 21
0.0
 31
0.0
 40
3.9264172863
 41
2.6306995819
 46
0.0
 71
     2
 72
     1
  1
1
  7
TEXTSTYLE_6
 73
     2
 44
0.6
101
Embedded Object
 70
     1
 10
22.4600417392
 20
4.7677924191
 30
0.0
 11
1.0
 21
0.0
 31
0.0
 40
2.6306995819
 41
0.0
 42
0.0
 43
0.0
 71
     0
  0
MTEXT
  5
3D7
330
20C
100
AcDbEntity
  8
dim
  6
Continuous
390
DFF
 62
    84
420
  2529536
100
AcDbMText
 10
457.6847007056
 20
332.3431774515
 30
0.0
210
0.0
220
0.0
230
1.0
 11
1.0
 21
0.0
 31
0.0
 40
3.9264172863
 41
5.2613991637
 46
0.0
 71
     2
 72
     1
  1
12
  7
TEXTSTYLE_6
 73
     2
 44
0.6
101
Embedded Object
 70
     1
 10
457.6847007056
 20
332.3431774515
 30
0.0
 11
1.0
 21
0.0
 31
0.0
 40
5.2613991637
 41
0.0
 42
0.0
 43
0.0
 71
     0
  0
MTEXT
  5
3D8
330
20C
100
AcDbEntity
  8
dim
  6
Continuous
390
DFF
 62
    84
420
  2529536
100
AcDbMText
 10
412.7646172273001
 20
332.3431774515
 30
0.0
210
0.0
220
0.0
230
1.0
 11
1.0
 21
0.0
 31
0.0
 40
3.9264172863
 41
5.2613991637
 46
0.0
 71
     2
 72
     1
  1
11
  7
TEXTSTYLE_6
 73
     2
 44
0.6
101
Embedded Object
 70
     1
 10
412.7646172273001
 20
332.3431774515
 30
0.0
 11
1.0
 21
0.0
 31
0.0
 40
5.2613991637
 41
0.0
 42
0.0
 43
0.0
 71
     0
  0
MTEXT
  5
3D9
330
20C
100
AcDbEntity
  8
dim
  6
Continuous
390
DFF
 62
    84
420
  2529536
100
AcDbMText
 10
373.4537013009
 20
332.3431774515
 30
0.0
210
0.0
220
0.0
230
1.0
 11
1.0
 21
0.0
 31
0.0
 40
3.9264172863
 41
5.2613991637
 46
0.0
 71
     2
 72
     1
  1
10
  7
TEXTSTYLE_6
 73
     2
 44
0.6
101
Embedded Object
 70
     1
 10
373.4537013009
 20
332.3431774515
 30
0.0
 11
1.0
 21
0.0
 31
0.0
 40
5.2613991637
 41
0.0
 42
0.0
 43
0.0
 71
     0
  0
MTEXT
  5
3DA
330
20C
100
AcDbEntity
  8
dim
  6
Continuous
390
DFF
 62
    84
420
  2529536
100
AcDbMText
 10
334.1427853744
 20
332.3431774515
 30
0.0
210
0.0
220
0.0
230
1.0
 11
1.0
 21
0.0
 31
0.0
 40
3.9264172863
 41
2.6306995819
 46
0.0
 71
     2
 72
     1
  1
9
  7
TEXTSTYLE_6
 73
     2
 44
0.6
101
Embedded Object
 70
     1
 10
334.1427853744
 20
332.3431774515
 30
0.0
 11
1.0
 21
0.0
 31
0.0
 40
2.6306995819
 41
0.0
 42
0.0
 43
0.0
 71
     0
  0
MTEXT
  5
3DB
330
20C
100
AcDbEntity
  8
dim
  6
Continuous
390
DFF
 62
    84
420
  2529536
100
AcDbMText
 10
294.831869448
 20
332.3431774515
 30
0.0
210
0.0
220
0.0
230
1.0
 11
1.0
 21
0.0
 31
0.0
 40
3.9264172863
 41
2.6306995819
 46
0.0
 71
     2
 72
     1
  1
8
  7
TEXTSTYLE_6
 73
     2
 44
0.6
101
Embedded Object
 70
     1
 10
294.831869448
 20
332.3431774515
 30
0.0
 11
1.0
 21
0.0
 31
0.0
 40
2.6306995819
 41
0.0
 42
0.0
 43
0.0
 71
     0
  0
MTEXT
  5
3DC
330
20C
100
AcDbEntity
  8
dim
  6
Continuous
390
DFF
 62
    84
420
  2529536
100
AcDbMText
 10
255.5209535216
 20
332.3431774515
 30
0.0
210
0.0
220
0.0
230
1.0
 11
1.0
 21
0.0
 31
0.0
 40
3.9264172863
 41
2.6306995819
 46
0.0
 71
     2
 72
     1
  1
7
  7
TEXTSTYLE_6
 73
     2
 44
0.6
101
Embedded Object
 70
     1
 10
255.5209535216
 20
332.3431774515
 30
0.0
 11
1.0
 21
0.0
 31
0.0
 40
2.6306995819
 41
0.0
 42
0.0
 43
0.0
 71
     0
  0
MTEXT
  5
3DD
330
20C
100
AcDbEntity
  8
dim
  6
Continuous
390
DFF
 62
    84
420
  2529536
100
AcDbMText
 10
216.2100375952
 20
332.3431774515
 30
0.0
210
0.0
220
0.0
230
1.0
 11
1.0
 21
0.0
 31
0.0
 40
3.9264172863
 41
2.6306995819
 46
0.0
 71
     2
 72
     1
  1
6
  7
TEXTSTYLE_6
 73
     2
 44
0.6
101
Embedded Object
 70
     1
 10
216.2100375952
 20
332.3431774515
 30
0.0
 11
1.0
 21
0.0
 31
0.0
 40
2.6306995819
 41
0.0
 42
0.0
 43
0.0
 71
     0
  0
MTEXT
  5
3DE
330
20C
100
AcDbEntity
  8
dim
  6
Continuous
390
DFF
 62
    84
420
  2529536
100
AcDbMText
 10
176.8991216688
 20
332.3431774515
 30
0.0
210
0.0
220
0.0
230
1.0
 11
1.0
 21
0.0
 31
0.0
 40
3.9264172863
 41
2.6306995819
 46
0.0
 71
     2
 72
     1
  1
5
  7
TEXTSTYLE_6
 73
     2
 44
0.6
101
Embedded Object
 70
     1
 10
176.8991216688
 20
332.3431774515
 30
0.0
 11
1.0
 21
0.0
 31
0.0
 40
2.6306995819
 41
0.0
 42
0.0
 43
0.0
 71
     0
  0
MTEXT
  5
3DF
330
20C
100
AcDbEntity
  8
dim
  6
Continuous
390
DFF
 62
    84
420
  2529536
100
AcDbMText
 10
137.5882057424
 20
332.3431774515
 30
0.0
210
0.0
220
0.0
230
1.0
 11
1.0
 21
0.0
 31
0.0
 40
3.9264172863
 41
2.6306995819
 46
0.0
 71
     2
 72
     1
  1
4
  7
TEXTSTYLE_6
 73
     2
 44
0.6
101
Embedded Object
 70
     1
 10
137.5882057424
 20
332.3431774515
 30
0.0
 11
1.0
 21
0.0
 31
0.0
 40
2.6306995819
 41
0.0
 42
0.0
 43
0.0
 71
     0
  0
MTEXT
  5
3E0
330
20C
100
AcDbEntity
  8
dim
  6
Continuous
390
DFF
 62
    84
420
  2529536
100
AcDbMText
 10
98.27728981600001
 20
332.3431774515
 30
0.0
210
0.0
220
0.0
230
1.0
 11
1.0
 21
0.0
 31
0.0
 40
3.9264172863
 41
2.6306995819
 46
0.0
 71
     2
 72
     1
  1
3
  7
TEXTSTYLE_6
 73
     2
 44
0.6
101
Embedded Object
 70
     1
 10
98.27728981600001
 20
332.3431774515
 30
0.0
 11
1.0
 21
0.0
 31
0.0
 40
2.6306995819
 41
0.0
 42
0.0
 43
0.0
 71
     0
  0
MTEXT
  5
3E1
330
20C
100
AcDbEntity
  8
dim
  6
Continuous
390
DFF
 62
    84
420
  2529536
100
AcDbMText
 10
58.9663738896
 20
332.3431774515
 30
0.0
210
0.0
220
0.0
230
1.0
 11
1.0
 21
0.0
 31
0.0
 40
3.9264172863
 41
2.6306995819
 46
0.0
 71
     2
 72
     1
  1
2
  7
TEXTSTYLE_6
 73
     2
 44
0.6
101
Embedded Object
 70
     1
 10
58.9663738896
 20
332.3431774515
 30
0.0
 11
1.0
 21
0.0
 31
0.0
 40
2.6306995819
 41
0.0
 42
0.0
 43
0.0
 71
     0
  0
MTEXT
  5
3E2
330
20C
100
AcDbEntity
  8
dim
  6
Continuous
390
DFF
 62
    84
420
  2529536
100
AcDbMText
 10
22.4600417392
 20
332.3431774515
 30
0.0
210
0.0
220
0.0
230
1.0
 11
1.0
 21
0.0
 31
0.0
 40
3.9264172863
 41
2.6306995819
 46
0.0
 71
     2
 72
     1
  1
1
  7
TEXTSTYLE_6
 73
     2
 44
0.6
101
Embedded Object
 70
     1
 10
22.4600417392
 20
332.3431774515
 30
0.0
 11
1.0
 21
0.0
 31
0.0
 40
2.6306995819
 41
0.0
 42
0.0
 43
0.0
 71
     0
  0
MTEXT
  5
3E3
330
20C
100
AcDbEntity
  8
dim
  6
Continuous
390
DFF
 62
    84
420
  2529536
100
AcDbMText
 10
2.804583776
 20
64.4353122527
 30
0.0
210
0.0
220
0.0
230
1.0
 11
1.0
 21
0.0
 31
0.0
 40
3.9264172863
 41
2.6306995819
 46
0.0
 71
     2
 72
     1
  1
G
  7
TEXTSTYLE_6
 73
     2
 44
0.6
101
Embedded Object
 70
     1
 10
2.804583776
 20
64.4353122527
 30
0.0
 11
1.0
 21
0.0
 31
0.0
 40
2.6306995819
 41
0.0
 42
0.0
 43
0.0
 71
     0
  0
MTEXT
  5
3E4
330
20C
100
AcDbEntity
  8
dim
  6
Continuous
390
DFF
 62
    84
420
  2529536
100
AcDbMText
 10
2.804583776
 20
22.7872431797
 30
0.0
210
0.0
220
0.0
230
1.0
 11
1.0
 21
0.0
 31
0.0
 40
3.9264172863
 41
2.6306995819
 46
0.0
 71
     2
 72
     1
  1
H
  7
TEXTSTYLE_6
 73
     2
 44
0.6
101
Embedded Object
 70
     1
 10
2.804583776
 20
22.7872431797
 30
0.0
 11
1.0
 21
0.0
 31
0.0
 40
2.6306995819
 41
0.0
 42
0.0
 43
0.0
 71
     0
  0
MTEXT
  5
3E5
330
20C
100
AcDbEntity
  8
0
  6
Continuous
390
DFF
 62
     1
100
AcDbMText
 10
406.333213665
 20
48.9057574085
 30
0.0
210
0.0
220
0.0
230
1.0
 11
1.0
 21
0.0
 31
0.0
 40
3.5769102336
 41
22.3417166544
 46
0.0
 71
     1
 72
     1
  1
PC+Fiber
  7
TEXTSTYLE_7
 73
     2
 44
1.0
101
Embedded Object
 70
     1
 10
406.333213665
 20
48.9057574085
 30
0.0
 11
1.0
 21
0.0
 31
0.0
 40
22.3417166544
 41
0.0
 42
0.0
 43
0.0
 71
     0
  0
MTEXT
  5
3E6
330
20C
100
AcDbEntity
  8
0
  6
Continuous
390
DFF
 62
     1
100
AcDbMText
 10
449.1696805551
 20
48.2005183815
 30
0.0
210
0.0
220
0.0
230
1.0
 11
1.0
 21
0.0
 31
0.0
 40
3.5769102336
 41
17.884551168
 46
0.0
 71
     1
 72
     1
  1
1.005
  7
TEXTSTYLE_3
 73
     2
 44
1.0
101
Embedded Object
 70
     1
 10
449.1696805551
 20
48.2005183815
 30
0.0
 11
1.0
 21
0.0
 31
0.0
 40
17.884551168
 41
0.0
 42
0.0
 43
0.0
 71
     0
  0
MTEXT
  5
3E7
330
20C
100
AcDbEntity
  8
0
  6
Continuous
390
DFF
 62
     7
100
AcDbMText
 10
279.1142460106
 20
48.381402489
 30
0.0
210
0.0
220
0.0
230
1.0
 11
1.0
 21
0.0
 31
0.0
 40
3.244032
 41
101.236608
 46
0.0
 71
     1
 72
     1
  1
Product name  160X160 P2.5 indoor bottom shell
  7
TEXTSTYLE_5
 73
     2
 44
1.0
101
Embedded Object
 70
     1
 10
279.1142460106
 20
48.381402489
 30
0.0
 11
1.0
 21
0.0
 31
0.0
 40
101.236608
 41
0.0
 42
0.0
 43
0.0
 71
     0
  0
MTEXT
  5
3E8
330
20C
100
AcDbEntity
  8
0
  6
Continuous
390
DFF
 62
     7
100
AcDbMText
 10
13.3624713137
 20
44.5887217811
 30
0.0
210
0.0
220
0.0
230
1.0
 11
1.0
 21
0.0
 31
0.0
 40
6.0
 41
305.0223279426
 46
0.0
 71
     1
 72
     1
  1
skills requirement\ftxt;：\P\fCG Omega Bold;  \fCG Omega;1. The product is suitable for P2.5 indoor 2121 lights\P  2. The screw of the product lock box adopts M3*6\P  
  7
TEXTSTYLE_8
 73
     2
 44
1.0
101
Embedded Object
 70
     1
 10
13.3624713137
 20
44.5887217811
 30
0.0
 11
1.0
 21
0.0
 31
0.0
 40
305.0223279426
 41
0.0
 42
0.0
 43
0.0
 71
     0
  0
MTEXT
  5
3E9
330
20C
100
AcDbEntity
  8
screw
  6
Continuous
390
DFF
 62
     6
100
AcDbMText
 10
68.39633644760001
 20
129.8529536532
 30
0.0
210
0.0
220
0.0
230
1.0
 11
1.0
 21
0.0
 31
0.0
 40
0.6
 41
1.2
 46
0.0
 71
     1
 72
     1
  1
M3
  7
TEXTSTYLE_3
 73
     2
 44
0.6
101
Embedded Object
 70
     1
 10
68.39633644760001
 20
129.8529536532
 30
0.0
 11
1.0
 21
0.0
 31
0.0
 40
1.2
 41
0.0
 42
0.0
 43
0.0
 71
     0
  0
MTEXT
  5
3EA
330
20C
100
AcDbEntity
  8
screw
  6
Continuous
390
DFF
 62
     6
100
AcDbMText
 10
158.3963364476
 20
129.8529536532
 30
0.0
210
0.0
220
0.0
230
1.0
 11
1.0
 21
0.0
 31
0.0
 40
0.6
 41
1.2
 46
0.0
 71
     1
 72
     1
  1
M3
  7
TEXTSTYLE_3
 73
     2
 44
0.6
101
Embedded Object
 70
     1
 10
158.3963364476
 20
129.8529536532
 30
0.0
 11
1.0
 21
0.0
 31
0.0
 40
1.2
 41
0.0
 42
0.0
 43
0.0
 71
     0
  0
MTEXT
  5
3EB
330
20C
100
AcDbEntity
  8
screw
  6
Continuous
390
DFF
 62
     6
100
AcDbMText
 10
186.3963364476
 20
157.8529536532
 30
0.0
210
0.0
220
0.0
230
1.0
 11
1.0
 21
0.0
 31
0.0
 40
0.6
 41
1.2
 46
0.0
 71
     1
 72
     1
  1
M3
  7
TEXTSTYLE_3
 73
     2
 44
0.6
101
Embedded Object
 70
     1
 10
186.3963364476
 20
157.8529536532
 30
0.0
 11
1.0
 21
0.0
 31
0.0
 40
1.2
 41
0.0
 42
0.0
 43
0.0
 71
     0
  0
MTEXT
  5
3EC
330
20C
100
AcDbEntity
  8
screw
  6
Continuous
390
DFF
 62
     6
100
AcDbMText
 10
40.3963364476
 20
157.8529536532
 30
0.0
210
0.0
220
0.0
230
1.0
 11
1.0
 21
0.0
 31
0.0
 40
0.6
 41
1.2
 46
0.0
 71
     1
 72
     1
  1
M3
  7
TEXTSTYLE_3
 73
     2
 44
0.6
101
Embedded Object
 70
     1
 10
40.3963364476
 20
157.8529536532
 30
0.0
 11
1.0
 21
0.0
 31
0.0
 40
1.2
 41
0.0
 42
0.0
 43
0.0
 71
     0
  0
MTEXT
  5
3ED
330
20C
100
AcDbEntity
  8
screw
  6
Continuous
390
DFF
 62
     6
100
AcDbMText
 10
40.3963364476
 20
247.8529536532
 30
0.0
210
0.0
220
0.0
230
1.0
 11
1.0
 21
0.0
 31
0.0
 40
0.6
 41
1.2
 46
0.0
 71
     1
 72
     1
  1
M3
  7
TEXTSTYLE_3
 73
     2
 44
0.6
101
Embedded Object
 70
     1
 10
40.3963364476
 20
247.8529536532
 30
0.0
 11
1.0
 21
0.0
 31
0.0
 40
1.2
 41
0.0
 42
0.0
 43
0.0
 71
     0
  0
MTEXT
  5
3EE
330
20C
100
AcDbEntity
  8
screw
  6
Continuous
390
DFF
 62
     6
100
AcDbMText
 10
68.39633644760001
 20
275.8529536532
 30
0.0
210
0.0
220
0.0
230
1.0
 11
1.0
 21
0.0
 31
0.0
 40
0.6
 41
1.2
 46
0.0
 71
     1
 72
     1
  1
M3
  7
TEXTSTYLE_3
 73
     2
 44
0.6
101
Embedded Object
 70
     1
 10
68.39633644760001
 20
275.8529536532
 30
0.0
 11
1.0
 21
0.0
 31
0.0
 40
1.2
 41
0.0
 42
0.0
 43
0.0
 71
     0
  0
MTEXT
  5
3EF
330
20C
100
AcDbEntity
  8
screw
  6
Continuous
390
DFF
 62
     6
100
AcDbMText
 10
158.3963364476
 20
275.8529536532
 30
0.0
210
0.0
220
0.0
230
1.0
 11
1.0
 21
0.0
 31
0.0
 40
0.6
 41
1.2
 46
0.0
 71
     1
 72
     1
  1
M3
  7
TEXTSTYLE_3
 73
     2
 44
0.6
101
Embedded Object
 70
     1
 10
158.3963364476
 20
275.8529536532
 30
0.0
 11
1.0
 21
0.0
 31
0.0
 40
1.2
 41
0.0
 42
0.0
 43
0.0
 71
     0
  0
MTEXT
  5
3F0
330
20C
100
AcDbEntity
  8
screw
  6
Continuous
390
DFF
 62
     6
100
AcDbMText
 10
186.3963364476
 20
247.8529536532
 30
0.0
210
0.0
220
0.0
230
1.0
 11
1.0
 21
0.0
 31
0.0
 40
0.6
 41
1.2
 46
0.0
 71
     1
 72
     1
  1
M3
  7
TEXTSTYLE_3
 73
     2
 44
0.6
101
Embedded Object
 70
     1
 10
186.3963364476
 20
247.8529536532
 30
0.0
 11
1.0
 21
0.0
 31
0.0
 40
1.2
 41
0.0
 42
0.0
 43
0.0
 71
     0
  0
LEADER
  5
3F1
330
20C
100
AcDbEntity
  8
dim
  6
Continuous
390
DFF
 62
    42
420
 13408512
100
AcDbLeader
  3
Standard
 71
     0
 73
     0
 72
     0
 74
     1
 40
0.0
 41
0.0
 76
     3
 10
158.9063364476
 20
130.0029536532
 30
0.0
 10
178.6004933209
 20
96.92511177819999
 30
0.0
 10
181.1604933209
 20
96.92511177819999
 30
0.0
210
0.0
220
0.0
230
1.0
211
1.0
221
0.0
231
0.0
212
0.0
222
0.0
232
0.0
340
3F2
1001
ACAD
1000
DSTYLE
1002
{
1070
    77
1070
     0
1002
}
  0
MTEXT
  5
3F2
102
{ACAD_REACTORS
330
3F1
102
}
330
20C
100
AcDbEntity
  8
dim
  6
Continuous
390
DFF
 62
    42
420
 13408512
100
AcDbMText
 10
181.1604933209
 20
98.5251117782
 30
0.0
210
0.0
220
0.0
230
1.0
 11
1.0
 21
0.0
 31
0.0
 40
3.2
 41
12.175
 46
0.0
 71
     1
 72
     1
  1
M3X6
  7
TEXTSTYLE_4
 73
     2
 44
1.0
101
Embedded Object
 70
     1
 10
181.1604933209
 20
98.5251117782
 30
0.0
 11
1.0
 21
0.0
 31
0.0
 40
12.175
 41
0.0
 42
0.0
 43
0.0
 71
     0
  0
LEADER
  5
3F3
330
20C
100
AcDbEntity
  8
dim
  6
Continuous
390
DFF
 62
    42
420
 13408512
100
AcDbLeader
  3
Standard
 71
     0
 73
     0
 72
     0
 74
     1
 75
     1
 40
0.0
 41
0.0
 76
     2
 10
414.4811132304
 20
124.3229536532
 30
0.0
 10
421.3162919989
 20
135.8653521635
 30
0.0
210
0.0
220
0.0
230
1.0
211
1.0
221
0.0
231
0.0
212
0.0
222
0.0
232
0.0
340
3F4
1001
ACAD
1000
DSTYLE
1002
{
1070
    77
1070
     0
1002
}
  0
MTEXT
  5
3F4
102
{ACAD_REACTORS
330
3F3
102
}
330
20C
100
AcDbEntity
  8
dim
  6
Continuous
390
DFF
 62
    42
420
 13408512
100
AcDbMText
 10
421.3162919989
 20
137.4653521635
 30
0.0
210
0.0
220
0.0
230
1.0
 11
1.0
 21
0.0
 31
0.0
 40
3.2
 41
41.725
 46
0.0
 71
     1
 72
     1
  1
PCB positioning post
  7
TEXTSTYLE_4
 73
     2
 44
1.0
101
Embedded Object
 70
     1
 10
421.3162919989
 20
137.4653521635
 30
0.0
 11
1.0
 21
0.0
 31
0.0
 40
41.725
 41
0.0
 42
0.0
 43
0.0
 71
     0
  0
LINE
  5
3F5
330
20C
100
AcDbEntity
  8
dim
  6
Continuous
390
DFF
 62
    84
420
  2529536
100
AcDbLine
 10
0.0
 20
333.1845525843
 30
0.0
 11
0.0
 21
0.0
 31
0.0
  0
LINE
  5
3F6
330
20C
100
AcDbEntity
  8
0
  6
Continuous
390
DFF
 62
     7
100
AcDbLine
 10
0.0
 20
0.0
 30
0.0
 11
0.0
 21
333.1845525841
 31
0.0
  0
LINE
  5
3F7
330
20C
100
AcDbEntity
  8
dim
  6
Continuous
390
DFF
 62
    84
420
  2529536
100
AcDbLine
 10
5.609167551900001
 20
327.5753850324
 30
0.0
 11
5.609167551900001
 21
5.609167551900001
 31
0.0
  0
LINE
  5
3F8
330
20C
100
AcDbEntity
  8
1
  6
Continuous
390
DFF
 62
    32
420
 13395456
100
AcDbLine
 10
24.0560876914
 20
139.9532024094
 30
0.0
 11
24.0560876914
 21
130.0029536532
 31
0.0
  0
LINE
  5
3F9
330
20C
100
AcDbEntity
  8
2
  6
Continuous
390
DFF
 62
   155
420
  5075865
100
AcDbLine
 10
36.7124992576
 20
252.5024140051
 30
0.0
 11
36.9745381559
 21
252.9849386619
 31
0.0
  0
LINE
  5
3FA
330
20C
100
AcDbEntity
  8
2
  6
Continuous
390
DFF
 62
   155
420
  5075865
100
AcDbLine
 10
51.91470369029999
 20
274.2279920461
 30
0.0
 11
52.1505386971
 21
274.6594816542
 31
0.0
  0
LINE
  5
3FB
330
20C
100
AcDbEntity
  8
2
  6
Continuous
390
DFF
 62
   155
420
  5075865
100
AcDbLine
 10
41.8172373645
 20
264.0036152436
 30
0.0
 11
41.6527103849
 21
263.7471559025
 31
0.0
  0
LINE
  5
3FC
330
20C
100
AcDbEntity
  8
2
  6
Continuous
390
DFF
 62
   155
420
  5075865
100
AcDbLine
 10
41.1293402654
 20
262.4945864106
 30
0.0
 11
41.7816083917
 21
263.5113208958
 31
0.0
  0
LINE
  5
3FD
330
20C
100
AcDbEntity
  8
2
  6
Continuous
390
DFF
 62
   155
420
  5075865
100
AcDbLine
 10
42.051448819
 20
263.8834108755
 30
0.0
 11
41.1160387055
 21
262.4253238069
 31
0.0
  0
LINE
  5
3FE
330
20C
100
AcDbEntity
  8
2
  6
Continuous
390
DFF
 62
   155
420
  5075865
100
AcDbLine
 10
47.8021050951
 20
271.5584941053
 30
0.0
 11
47.7271270355
 21
271.4584250314
 31
0.0
  0
LINE
  5
3FF
330
20C
100
AcDbEntity
  8
2
  6
Continuous
390
DFF
 62
   155
420
  5075865
100
AcDbLine
 10
42.14456270199999
 20
264.0076848309
 30
0.0
 11
42.051448819
 21
263.8834108755
 31
0.0
  0
LINE
  5
400
330
20C
100
AcDbEntity
  8
2
  6
Continuous
390
DFF
 62
   155
420
  5075865
100
AcDbLine
 10
50.8979692051
 20
281.4863809267
 30
0.0
 11
50.6621341983
 21
281.2505459191
 31
0.0
  0
LINE
  5
401
330
20C
100
AcDbEntity
  8
1
  6
Continuous
390
DFF
 62
    32
420
 13395456
100
AcDbLine
 10
24.0560876914
 20
139.9532024094
 30
0.0
 11
24.5800777316
 21
135.9731048317
 31
0.0
  0
LINE
  5
402
330
20C
100
AcDbEntity
  8
1
  6
Continuous
390
DFF
 62
    32
420
 13395456
100
AcDbLine
 10
24.5800777316
 20
135.9731048317
 30
0.0
 11
24.0560876914
 21
139.9532024094
 31
0.0
  0
LINE
  5
403
330
20C
100
AcDbEntity
  8
1
  6
Continuous
390
DFF
 62
    32
420
 13395456
100
AcDbLine
 10
24.0560876914
 20
139.9532024094
 30
0.0
 11
23.5320976513
 21
135.9731009822
 31
0.0
  0
LINE
  5
404
330
20C
100
AcDbEntity
  8
1
  6
Continuous
390
DFF
 62
    32
420
 13395456
100
AcDbLine
 10
23.5320976513
 20
135.9731009822
 30
0.0
 11
24.0560876914
 21
139.9532024094
 31
0.0
  0
HATCH
  5
405
330
20C
100
AcDbEntity
  8
1
  6
Continuous
390
DFF
 62
    32
420
 13395456
100
AcDbHatch
 10
0.0
 20
0.0
 30
0.0
210
0.0
220
0.0
230
1.0
  2

 70
     0
 71
     1
 91
        2
 92
        1
 93
        2
 72
     1
 10
24.0560876914
 20
139.9532024094
 11
24.5800777316
 21
135.9731048317
 72
     1
 10
24.5800777316
 20
135.9731048317
 11
24.0560876914
 21
139.9532024094
 97
        4
330
401
330
402
330
403
330
404
 92
        1
 93
        2
 72
     1
 10
24.0560876914
 20
139.9532024094
 11
23.5320976513
 21
135.9731009822
 72
     1
 10
23.5320976513
 20
135.9731009822
 11
24.0560876914
 21
139.9532024094
 97
        4
330
401
330
402
330
403
330
404
 75
     0
 76
     0
 52
45.0
 41
0.9950248756
 77
     0
 78
     1
 53
45.0
 43
0.0
 44
0.0
 45
-0.7035888370000001
 46
0.7035888370000001
 79
     0
 98
        1
 10
0.0
 20
0.0
  0
LINE
  5
406
330
20C
100
AcDbEntity
  8
2
  6
Continuous
390
DFF
 62
   155
420
  5075865
100
AcDbLine
 10
36.19381763760001
 20
69.8320047314
 30
0.0
 11
36.4313992621
 21
65.2986772806
 31
0.0
  0
LINE
  5
407
330
20C
100
AcDbEntity
  8
2
  6
Continuous
390
DFF
 62
   155
420
  5075865
100
AcDbLine
 10
36.2841137544
 20
62.8320047314
 30
0.0
 11
36.4063364476
 21
59.3320047314
 31
0.0
  0
LINE
  5
408
330
20C
100
AcDbEntity
  8
2
  6
Continuous
390
DFF
 62
   155
420
  5075865
100
AcDbLine
 10
34.0063364476
 20
123.1029536532
 30
0.0
 11
34.0063364476
 21
282.9029536532
 31
0.0
  0
LINE
  5
409
330
20C
100
AcDbEntity
  8
2
  6
Continuous
390
DFF
 62
   155
420
  5075865
100
AcDbLine
 10
34.6187570923
 20
250.7649925496
 30
0.0
 11
34.6187570923
 21
245.2409147568
 31
0.0
  0
LINE
  5
40A
330
20C
100
AcDbEntity
  8
2
  6
Continuous
390
DFF
 62
   155
420
  5075865
100
AcDbLine
 10
34.6187570923
 20
155.2409147568
 30
0.0
 11
34.6187570923
 21
160.7649925496
 31
0.0
  0
LINE
  5
40B
330
20C
100
AcDbEntity
  8
2
  6
Continuous
390
DFF
 62
   155
420
  5075865
100
AcDbLine
 10
35.0562004099
 20
123.417184712
 30
0.0
 11
35.0562004099
 21
155.0406752548
 31
0.0
  0
LINE
  5
40C
330
20C
100
AcDbEntity
  8
2
  6
Continuous
390
DFF
 62
   155
420
  5075865
100
AcDbLine
 10
35.0562004099
 20
161.0198434203
 30
0.0
 11
35.0562004099
 21
244.9860638861
 31
0.0
  0
LINE
  5
40D
330
20C
100
AcDbEntity
  8
2
  6
Continuous
390
DFF
 62
   155
420
  5075865
100
AcDbLine
 10
35.0562004099
 20
250.9652320516
 30
0.0
 11
35.0562004099
 21
282.5887225944
 31
0.0
  0
LINE
  5
40E
330
20C
100
AcDbEntity
  8
2
  6
Continuous
390
DFF
 62
   155
420
  5075865
100
AcDbLine
 10
35.668375344
 20
159.771331321
 30
0.0
 11
35.668375344
 21
156.239543178
 31
0.0
  0
LINE
  5
40F
330
20C
100
AcDbEntity
  8
2
  6
Continuous
390
DFF
 62
   155
420
  5075865
100
AcDbLine
 10
35.668375344
 20
246.2345759854
 30
0.0
 11
35.668375344
 21
249.7663641285
 31
0.0
  0
LINE
  5
410
330
20C
100
AcDbEntity
  8
2
  6
Continuous
390
DFF
 62
   155
420
  5075865
100
AcDbLine
 10
35.9304142405
 20
160.0333702174
 30
0.0
 11
35.9304142405
 21
156.239543178
 31
0.0
  0
LINE
  5
411
330
20C
100
AcDbEntity
  8
2
  6
Continuous
390
DFF
 62
   155
420
  5075865
100
AcDbLine
 10
35.9304142405
 20
245.972537089
 30
0.0
 11
35.9304142405
 21
249.7663641285
 31
0.0
  0
LINE
  5
412
330
20C
100
AcDbEntity
  8
2
  6
Continuous
390
DFF
 62
   155
420
  5075865
100
AcDbLine
 10
36.1201364476
 20
58.0320047314
 30
0.0
 11
36.1201364476
 21
57.3320047314
 31
0.0
  0
LINE
  5
413
330
20C
100
AcDbEntity
  8
2
  6
Continuous
390
DFF
 62
   155
420
  5075865
100
AcDbLine
 10
36.1938176457
 20
242.6304637419
 30
0.0
 11
36.1938176457
 21
163.3754435645
 31
0.0
  0
LINE
  5
414
330
20C
100
AcDbEntity
  8
2
  6
Continuous
390
DFF
 62
   155
420
  5075865
100
AcDbLine
 10
36.1938175517
 20
152.6288547127
 30
0.0
 11
36.1938176079
 21
137.8379273602
 31
0.0
  0
LINE
  5
415
330
20C
100
AcDbEntity
  8
2
  6
Continuous
390
DFF
 62
   155
420
  5075865
100
AcDbLine
 10
36.1938176218
 20
134.1679799028
 30
0.0
 11
36.1938176627
 21
123.417184712
 31
0.0
  0
LINE
  5
416
330
20C
100
AcDbEntity
  8
2
  6
Continuous
390
DFF
 62
   155
420
  5075865
100
AcDbLine
 10
36.1938175517
 20
253.3770525937
 30
0.0
 11
36.1938176079
 21
268.1679799462
 31
0.0
  0
LINE
  5
417
330
20C
100
AcDbEntity
  8
2
  6
Continuous
390
DFF
 62
   155
420
  5075865
100
AcDbLine
 10
36.1938176218
 20
271.8379274036
 30
0.0
 11
36.1938176627
 21
282.5887225944
 31
0.0
  0
LINE
  5
418
330
20C
100
AcDbEntity
  8
2
  6
Continuous
390
DFF
 62
   155
420
  5075865
100
AcDbLine
 10
36.2200214798
 20
263.5113208958
 30
0.0
 11
36.220021476
 21
262.4945864106
 31
0.0
  0
LINE
  5
419
330
20C
100
AcDbEntity
  8
2
  6
Continuous
390
DFF
 62
   155
420
  5075865
100
AcDbLine
 10
36.2200215353
 20
188.5113208959
 30
0.0
 11
36.2200215353
 21
187.4945864107
 31
0.0
  0
LINE
  5
41A
330
20C
100
AcDbEntity
  8
2
  6
Continuous
390
DFF
 62
   155
420
  5075865
100
AcDbLine
 10
36.2200214798
 20
142.4945864107
 30
0.0
 11
36.220021476
 21
143.5113208959
 31
0.0
  0
LINE
  5
41B
330
20C
100
AcDbEntity
  8
2
  6
Continuous
390
DFF
 62
   155
420
  5075865
100
AcDbLine
 10
36.2200215353
 20
217.4945864106
 30
0.0
 11
36.2200215353
 21
218.5113208958
 31
0.0
  0
LINE
  5
41C
330
20C
100
AcDbEntity
  8
2
  6
Continuous
390
DFF
 62
   155
420
  5075865
100
AcDbLine
 10
36.2724293317
 20
282.6280014767
 30
0.0
 11
36.2724293272
 21
281.4339730919
 31
0.0
  0
LINE
  5
41D
330
20C
100
AcDbEntity
  8
2
  6
Continuous
390
DFF
 62
   155
420
  5075865
100
AcDbLine
 10
36.2724293317
 20
123.3779058297
 30
0.0
 11
36.2724293272
 21
124.5719342145
 31
0.0
  0
LINE
  5
41E
330
20C
100
AcDbEntity
  8
2
  6
Continuous
390
DFF
 62
   155
420
  5075865
100
AcDbLine
 10
36.4063364476
 20
65.8320047314
 30
0.0
 11
36.4063364476
 21
65.776904233
 31
0.0
  0
LINE
  5
41F
330
20C
100
AcDbEntity
  8
2
  6
Continuous
390
DFF
 62
   155
420
  5075865
100
AcDbLine
 10
36.4313992621
 20
65.2986772806
 30
0.0
 11
36.4313992621
 21
65.8320047314
 31
0.0
  0
LINE
  5
420
330
20C
100
AcDbEntity
  8
2
  6
Continuous
390
DFF
 62
   155
420
  5075865
100
AcDbLine
 10
36.4558565421
 20
242.1517180064
 30
0.0
 11
36.4558565421
 21
218.7471559025
 31
0.0
  0
LINE
  5
421
330
20C
100
AcDbEntity
  8
2
  6
Continuous
390
DFF
 62
   155
420
  5075865
100
AcDbLine
 10
36.4558565421
 20
217.2587514038
 30
0.0
 11
36.4558565421
 21
188.7471559026
 31
0.0
  0
LINE
  5
422
330
20C
100
AcDbEntity
  8
2
  6
Continuous
390
DFF
 62
   155
420
  5075865
100
AcDbLine
 10
36.4558565421
 20
187.2587514039
 30
0.0
 11
36.4558565421
 21
163.8541893001
 31
0.0
  0
LINE
  5
423
330
20C
100
AcDbEntity
  8
2
  6
Continuous
390
DFF
 62
   155
420
  5075865
100
AcDbLine
 10
36.4558564499
 20
152.146330056
 30
0.0
 11
36.4558564818
 21
143.7471559026
 31
0.0
  0
LINE
  5
424
330
20C
100
AcDbEntity
  8
2
  6
Continuous
390
DFF
 62
   155
420
  5075865
100
AcDbLine
 10
36.4558564875
 20
142.2587514039
 30
0.0
 11
36.4558565017
 21
138.5113930803
 31
0.0
  0
LINE
  5
425
330
20C
100
AcDbEntity
  8
2
  6
Continuous
390
DFF
 62
   155
420
  5075865
100
AcDbLine
 10
36.4558565208
 20
133.4945141847
 30
0.0
 11
36.4558565295
 21
131.2049141792
 31
0.0
  0
LINE
  5
426
330
20C
100
AcDbEntity
  8
2
  6
Continuous
390
DFF
 62
   155
420
  5075865
100
AcDbLine
 10
36.4558565348
 20
129.8009930896
 30
0.0
 11
36.455856554
 21
124.7553614413
 31
0.0
  0
LINE
  5
427
330
20C
100
AcDbEntity
  8
2
  6
Continuous
390
DFF
 62
   155
420
  5075865
100
AcDbLine
 10
36.4558564499
 20
253.8595772504
 30
0.0
 11
36.4558564818
 21
262.2587514038
 31
0.0
  0
LINE
  5
428
330
20C
100
AcDbEntity
  8
2
  6
Continuous
390
DFF
 62
   155
420
  5075865
100
AcDbLine
 10
36.4558564875
 20
263.7471559025
 30
0.0
 11
36.4558565017
 21
267.4945142261
 31
0.0
  0
LINE
  5
429
330
20C
100
AcDbEntity
  8
2
  6
Continuous
390
DFF
 62
   155
420
  5075865
100
AcDbLine
 10
36.4558565208
 20
272.5113931217
 30
0.0
 11
36.4558565295
 21
274.8009931272
 31
0.0
  0
LINE
  5
42A
330
20C
100
AcDbEntity
  8
2
  6
Continuous
390
DFF
 62
   155
420
  5075865
100
AcDbLine
 10
36.4558565348
 20
276.2049142169
 30
0.0
 11
36.455856554
 21
281.2505458651
 31
0.0
  0
LINE
  5
42B
330
20C
100
AcDbEntity
  8
2
  6
Continuous
390
DFF
 62
   155
420
  5075865
100
AcDbLine
 10
36.72013644760001
 20
57.3320047314
 30
0.0
 11
36.72013644760001
 21
58.0320047314
 31
0.0
  0
LINE
  5
42C
330
20C
100
AcDbEntity
  8
2
  6
Continuous
390
DFF
 62
   155
420
  5075865
100
AcDbLine
 10
37.4063364476
 20
73.3320047314
 30
0.0
 11
37.4063364476
 21
69.8319969189
 31
0.0
  0
LINE
  5
42D
330
20C
100
AcDbEntity
  8
2
  6
Continuous
390
DFF
 62
   155
420
  5075865
100
AcDbLine
 10
38.1587442388
 20
123.3779058297
 30
0.0
 11
38.1587442388
 21
124.5719342074
 31
0.0
  0
LINE
  5
42E
330
20C
100
AcDbEntity
  8
2
  6
Continuous
390
DFF
 62
   155
420
  5075865
100
AcDbLine
 10
38.1587442388
 20
281.4339730991
 30
0.0
 11
38.1587442388
 21
282.6280014767
 31
0.0
  0
LINE
  5
42F
330
20C
100
AcDbEntity
  8
dim
  6
Continuous
390
DFF
 62
    84
420
  2529536
100
AcDbLine
 10
39.3109159264
 20
333.1845525843
 30
0.0
 11
39.3109159264
 21
327.5753850324
 31
0.0
  0
LINE
  5
430
330
20C
100
AcDbEntity
  8
dim
  6
Continuous
390
DFF
 62
    84
420
  2529536
100
AcDbLine
 10
39.3109159264
 20
0.0
 30
0.0
 11
39.3109159264
 21
5.609167551900001
 31
0.0
  0
LINE
  5
431
330
20C
100
AcDbEntity
  8
2
  6
Continuous
390
DFF
 62
   155
420
  5075865
100
AcDbLine
 10
39.8563364476
 20
62.3320047314
 30
0.0
 11
39.8563364476
 21
60.8320047314
 31
0.0
  0
LINE
  5
432
330
20C
100
AcDbEntity
  8
2
  6
Continuous
390
DFF
 62
   155
420
  5075865
100
AcDbLine
 10
39.8563364476
 20
59.3320047314
 30
0.0
 11
39.8563364476
 21
57.8320047314
 31
0.0
  0
LINE
  5
433
330
20C
100
AcDbEntity
  8
2
  6
Continuous
390
DFF
 62
   155
420
  5075865
100
AcDbLine
 10
39.9391963725
 20
57.8320047314
 30
0.0
 11
39.9391963725
 21
59.3320047314
 31
0.0
  0
LINE
  5
434
330
20C
100
AcDbEntity
  8
2
  6
Continuous
390
DFF
 62
   155
420
  5075865
100
AcDbLine
 10
39.9391963725
 20
60.8320047314
 30
0.0
 11
39.9391963725
 21
62.3320047314
 31
0.0
  0
LINE
  5
435
330
20C
100
AcDbEntity
  8
2
  6
Continuous
390
DFF
 62
   155
420
  5075865
100
AcDbLine
 10
40.2539286684
 20
260.3786444025
 30
0.0
 11
40.2539286683
 21
256.6392409613
 31
0.0
  0
LINE
  5
436
330
20C
100
AcDbEntity
  8
2
  6
Continuous
390
DFF
 62
   155
420
  5075865
100
AcDbLine
 10
40.2539286685
 20
239.4062973264
 30
0.0
 11
40.2539286685
 21
228.6617367787
 31
0.0
  0
LINE
  5
437
330
20C
100
AcDbEntity
  8
2
  6
Continuous
390
DFF
 62
   155
420
  5075865
100
AcDbLine
 10
40.2539286685
 20
227.3441705278
 30
0.0
 11
40.2539286685
 21
218.7471559025
 31
0.0
  0
LINE
  5
438
330
20C
100
AcDbEntity
  8
2
  6
Continuous
390
DFF
 62
   155
420
  5075865
100
AcDbLine
 10
40.2539286685
 20
217.2587514038
 30
0.0
 11
40.2539286685
 21
215.2859538068
 31
0.0
  0
LINE
  5
439
330
20C
100
AcDbEntity
  8
2
  6
Continuous
390
DFF
 62
   155
420
  5075865
100
AcDbLine
 10
40.2539286684
 20
145.6272629039
 30
0.0
 11
40.2539286683
 21
149.3666663452
 31
0.0
  0
LINE
  5
43A
330
20C
100
AcDbEntity
  8
2
  6
Continuous
390
DFF
 62
   155
420
  5075865
100
AcDbLine
 10
40.2539286685
 20
166.59960998
 30
0.0
 11
40.2539286685
 21
187.2587514039
 31
0.0
  0
LINE
  5
43B
330
20C
100
AcDbEntity
  8
2
  6
Continuous
390
DFF
 62
   155
420
  5075865
100
AcDbLine
 10
40.2539286685
 20
188.7471559026
 30
0.0
 11
40.2539286685
 21
190.7199534997
 31
0.0
  0
LINE
  5
43C
330
20C
100
AcDbEntity
  8
2
  6
Continuous
390
DFF
 62
   155
420
  5075865
100
AcDbLine
 10
40.4063364476
 20
69.8320480305
 30
0.0
 11
40.4063364476
 21
73.3320047314
 31
0.0
  0
LINE
  5
43D
330
20C
100
AcDbEntity
  8
2
  6
Continuous
390
DFF
 62
   155
420
  5075865
100
AcDbLine
 10
40.4625168447
 20
228.5999685786
 30
0.0
 11
40.4625168447
 21
227.4059387278
 31
0.0
  0
LINE
  5
43E
330
20C
100
AcDbEntity
  8
2
  6
Continuous
390
DFF
 62
   155
420
  5075865
100
AcDbLine
 10
40.4897636752
 20
218.5113208958
 30
0.0
 11
40.4897636752
 21
217.4945864106
 31
0.0
  0
LINE
  5
43F
330
20C
100
AcDbEntity
  8
2
  6
Continuous
390
DFF
 62
   155
420
  5075865
100
AcDbLine
 10
40.4897636752
 20
187.4945864107
 30
0.0
 11
40.4897636752
 21
188.5113208959
 31
0.0
  0
LINE
  5
440
330
20C
100
AcDbEntity
  8
2
  6
Continuous
390
DFF
 62
   155
420
  5075865
100
AcDbLine
 10
40.5159675648
 20
260.3786444025
 30
0.0
 11
40.5159675647
 21
256.6392409613
 31
0.0
  0
LINE
  5
441
330
20C
100
AcDbEntity
  8
2
  6
Continuous
390
DFF
 62
   155
420
  5075865
100
AcDbLine
 10
40.5159675649
 20
190.7199534997
 30
0.0
 11
40.5159675649
 21
166.59960998
 31
0.0
  0
LINE
  5
442
330
20C
100
AcDbEntity
  8
2
  6
Continuous
390
DFF
 62
   155
420
  5075865
100
AcDbLine
 10
40.5159675648
 20
145.6272629039
 30
0.0
 11
40.5159675647
 21
149.3666663452
 31
0.0
  0
LINE
  5
443
330
20C
100
AcDbEntity
  8
2
  6
Continuous
390
DFF
 62
   155
420
  5075865
100
AcDbLine
 10
40.5159675649
 20
215.2859538068
 30
0.0
 11
40.5159675649
 21
239.4062973264
 31
0.0
  0
LINE
  5
444
330
20C
100
AcDbEntity
  8
2
  6
Continuous
390
DFF
 62
   155
420
  5075865
100
AcDbLine
 10
35.3463364476
 20
57.8320047314
 30
0.0
 11
35.5209402951
 21
62.8320047314
 31
0.0
  0
LINE
  5
445
330
20C
100
AcDbEntity
  8
2
  6
Continuous
390
DFF
 62
   155
420
  5075865
100
AcDbLine
 10
64.44681636209999
 20
279.7869836711
 30
0.0
 11
63.5811183838
 21
278.4534642254
 31
0.0
  0
LINE
  5
446
330
20C
100
AcDbEntity
  8
2
  6
Continuous
390
DFF
 62
   155
420
  5075865
100
AcDbLine
 10
64.66660323020001
 20
279.6443018018
 30
0.0
 11
63.8009052519
 21
278.310782356
 31
0.0
  0
LINE
  5
447
330
20C
100
AcDbEntity
  8
2
  6
Continuous
390
DFF
 62
   155
420
  5075865
100
AcDbLine
 10
36.4558564875
 20
263.7471559025
 30
0.0
 11
36.2200214798
 21
263.5113208958
 31
0.0
  0
LINE
  5
448
330
20C
100
AcDbEntity
  8
2
  6
Continuous
390
DFF
 62
   155
420
  5075865
100
AcDbLine
 10
35.5612003418
 20
250.6578175474
 30
0.0
 11
35.37605189550001
 21
250.4726691011
 31
0.0
  0
LINE
  5
449
330
20C
100
AcDbEntity
  8
2
  6
Continuous
390
DFF
 62
   155
420
  5075865
100
AcDbLine
 10
66.25133153
 20
281.3479487356
 30
0.0
 11
66.43662100739999
 21
281.533238213
 31
0.0
  0
LINE
  5
44A
330
20C
100
AcDbEntity
  8
2
  6
Continuous
390
DFF
 62
   155
420
  5075865
100
AcDbLine
 10
48.0335125592
 20
57.8320047314
 30
0.0
 11
47.73076977180001
 21
59.575196511
 31
0.0
  0
LINE
  5
44B
330
20C
100
AcDbEntity
  8
2
  6
Continuous
390
DFF
 62
   155
420
  5075865
100
AcDbLine
 10
52.1505386971
 20
64.8320047314
 30
0.0
 11
51.91470369029999
 21
69.3320047314
 31
0.0
  0
LINE
  5
44C
330
20C
100
AcDbEntity
  8
2
  6
Continuous
390
DFF
 62
   155
420
  5075865
100
AcDbLine
 10
40.6580049703
 20
59.3320047314
 30
0.0
 11
40.6580049703
 21
57.8320047314
 31
0.0
  0
LINE
  5
44D
330
20C
100
AcDbEntity
  8
screw
  6
CENTER
390
DFF
 62
     1
100
AcDbLine
 10
40.9063364476
 20
156.3529536532
 30
0.0
 11
40.9063364476
 21
159.6529536532
 31
0.0
  0
LINE
  5
44E
330
20C
100
AcDbEntity
  8
screw
  6
CENTER
390
DFF
 62
     1
100
AcDbLine
 10
40.9063364476
 20
246.3529536532
 30
0.0
 11
40.9063364476
 21
249.6529536532
 31
0.0
  0
LINE
  5
44F
330
20C
100
AcDbEntity
  8
2
  6
Continuous
390
DFF
 62
   155
420
  5075865
100
AcDbLine
 10
41.1772076629
 20
59.3320047314
 30
0.0
 11
41.1772076629
 21
62.3320047314
 31
0.0
  0
LINE
  5
450
330
20C
100
AcDbEntity
  8
2
  6
Continuous
390
DFF
 62
   155
420
  5075865
100
AcDbLine
 10
41.63546523239999
 20
62.3320047314
 30
0.0
 11
41.63546523239999
 21
59.3320047314
 31
0.0
  0
LINE
  5
451
330
20C
100
AcDbEntity
  8
2
  6
Continuous
390
DFF
 62
   155
420
  5075865
100
AcDbLine
 10
41.8063364477
 20
190.7199534997
 30
0.0
 11
41.8063364477
 21
173.8064244809
 31
0.0
  0
LINE
  5
452
330
20C
100
AcDbEntity
  8
2
  6
Continuous
390
DFF
 62
   155
420
  5075865
100
AcDbLine
 10
41.8063364477
 20
172.1994828255
 30
0.0
 11
41.8063364477
 21
169.0253458987
 31
0.0
  0
LINE
  5
453
330
20C
100
AcDbEntity
  8
2
  6
Continuous
390
DFF
 62
   155
420
  5075865
100
AcDbLine
 10
41.8063364477
 20
215.2859538068
 30
0.0
 11
41.8063364477
 21
232.1994828255
 31
0.0
  0
LINE
  5
454
330
20C
100
AcDbEntity
  8
2
  6
Continuous
390
DFF
 62
   155
420
  5075865
100
AcDbLine
 10
41.8063364477
 20
233.8064244809
 30
0.0
 11
41.8063364477
 21
236.9805614078
 31
0.0
  0
LINE
  5
455
330
20C
100
AcDbEntity
  8
2
  6
Continuous
390
DFF
 62
   155
420
  5075865
100
AcDbLine
 10
42.0063364476
 20
259.9443090808
 30
0.0
 11
42.0063364476
 21
256.8043790801
 31
0.0
  0
LINE
  5
456
330
20C
100
AcDbEntity
  8
2
  6
Continuous
390
DFF
 62
   155
420
  5075865
100
AcDbLine
 10
42.0063364476
 20
146.0615982256
 30
0.0
 11
42.0063364476
 21
149.2015282263
 31
0.0
  0
LINE
  5
457
330
20C
100
AcDbEntity
  8
2
  6
Continuous
390
DFF
 62
   155
420
  5075865
100
AcDbLine
 10
42.154667925
 20
57.8320047314
 30
0.0
 11
42.154667925
 21
59.3320047314
 31
0.0
  0
LINE
  5
458
330
20C
100
AcDbEntity
  8
2
  6
Continuous
390
DFF
 62
   155
420
  5075865
100
AcDbLine
 10
42.8734765228
 20
62.3320047314
 30
0.0
 11
42.8734765228
 21
60.8320047314
 31
0.0
  0
LINE
  5
459
330
20C
100
AcDbEntity
  8
2
  6
Continuous
390
DFF
 62
   155
420
  5075865
100
AcDbLine
 10
42.8734765228
 20
59.3320047314
 30
0.0
 11
42.8734765228
 21
57.8320047314
 31
0.0
  0
LINE
  5
45A
330
20C
100
AcDbEntity
  8
2
  6
Continuous
390
DFF
 62
   155
420
  5075865
100
AcDbLine
 10
42.9563364476
 20
57.8320047314
 30
0.0
 11
42.9563364476
 21
59.3320047314
 31
0.0
  0
LINE
  5
45B
330
20C
100
AcDbEntity
  8
2
  6
Continuous
390
DFF
 62
   155
420
  5075865
100
AcDbLine
 10
42.9563364476
 20
60.8320047314
 30
0.0
 11
42.9563364476
 21
62.3320047314
 31
0.0
  0
LINE
  5
45C
330
20C
100
AcDbEntity
  8
2
  6
Continuous
390
DFF
 62
   155
420
  5075865
100
AcDbLine
 10
44.2539286684
 20
210.9041733468
 30
0.0
 11
44.2539286684
 21
206.0076490671
 31
0.0
  0
LINE
  5
45D
330
20C
100
AcDbEntity
  8
2
  6
Continuous
390
DFF
 62
   155
420
  5075865
100
AcDbLine
 10
44.2539286684
 20
199.9982582393
 30
0.0
 11
44.2539286684
 21
195.1017339596
 31
0.0
  0
LINE
  5
45E
330
20C
100
AcDbEntity
  8
2
  6
Continuous
390
DFF
 62
   155
420
  5075865
100
AcDbLine
 10
44.4111520062
 20
206.999337451
 30
0.0
 11
44.4111520062
 21
206.0006861459
 31
0.0
  0
LINE
  5
45F
330
20C
100
AcDbEntity
  8
2
  6
Continuous
390
DFF
 62
   155
420
  5075865
100
AcDbLine
 10
44.4111520062
 20
200.0052211606
 30
0.0
 11
44.4111520062
 21
199.0065698555
 31
0.0
  0
LINE
  5
460
330
20C
100
AcDbEntity
  8
2
  6
Continuous
390
DFF
 62
   155
420
  5075865
100
AcDbLine
 10
44.51596756479999
 20
195.1017339596
 30
0.0
 11
44.51596756479999
 21
199.0875744487
 31
0.0
  0
LINE
  5
461
330
20C
100
AcDbEntity
  8
2
  6
Continuous
390
DFF
 62
   155
420
  5075865
100
AcDbLine
 10
44.51596756479999
 20
206.9183328578
 30
0.0
 11
44.51596756479999
 21
210.9041733468
 31
0.0
  0
LINE
  5
462
330
20C
100
AcDbEntity
  8
2
  6
Continuous
390
DFF
 62
   155
420
  5075865
100
AcDbLine
 10
45.8063364476
 20
57.8320047314
 30
0.0
 11
45.8063364476
 21
59.3320047314
 31
0.0
  0
LINE
  5
463
330
20C
100
AcDbEntity
  8
2
  6
Continuous
390
DFF
 62
   155
420
  5075865
100
AcDbLine
 10
45.8063364476
 20
195.1017339596
 30
0.0
 11
45.8063364476
 21
200.6280852358
 31
0.0
  0
LINE
  5
464
330
20C
100
AcDbEntity
  8
2
  6
Continuous
390
DFF
 62
   155
420
  5075865
100
AcDbLine
 10
45.8063364476
 20
205.3778220706
 30
0.0
 11
45.8063364476
 21
210.9041733468
 31
0.0
  0
LINE
  5
465
330
20C
100
AcDbEntity
  8
2
  6
Continuous
390
DFF
 62
   155
420
  5075865
100
AcDbLine
 10
46.3812736332
 20
65.8320047314
 30
0.0
 11
46.3812736332
 21
64.8320047314
 31
0.0
  0
LINE
  5
466
330
20C
100
AcDbEntity
  8
2
  6
Continuous
390
DFF
 62
   155
420
  5075865
100
AcDbLine
 10
46.4063364476
 20
64.8320047314
 30
0.0
 11
46.4063364476
 21
65.8320047314
 31
0.0
  0
LINE
  5
467
330
20C
100
AcDbEntity
  8
2
  6
Continuous
390
DFF
 62
   155
420
  5075865
100
AcDbLine
 10
46.9063364476
 20
248.7529536532
 30
0.0
 11
46.9063364476
 21
247.2529536532
 31
0.0
  0
LINE
  5
468
330
20C
100
AcDbEntity
  8
2
  6
Continuous
390
DFF
 62
   155
420
  5075865
100
AcDbLine
 10
46.9063364476
 20
157.2529536532
 30
0.0
 11
46.9063364476
 21
158.7529536532
 31
0.0
  0
LINE
  5
469
330
20C
100
AcDbEntity
  8
2
  6
Continuous
390
DFF
 62
   155
420
  5075865
100
AcDbLine
 10
47.9063364476
 20
158.7529536532
 30
0.0
 11
47.9063364476
 21
157.2529536532
 31
0.0
  0
LINE
  5
46A
330
20C
100
AcDbEntity
  8
2
  6
Continuous
390
DFF
 62
   155
420
  5075865
100
AcDbLine
 10
47.9063364476
 20
247.2529536532
 30
0.0
 11
47.9063364476
 21
248.7529536532
 31
0.0
  0
LINE
  5
46B
330
20C
100
AcDbEntity
  8
2
  6
Continuous
390
DFF
 62
   155
420
  5075865
100
AcDbLine
 10
50.6621341983
 20
281.2505459191
 30
0.0
 11
50.6621341983
 21
273.7046219264
 31
0.0
  0
LINE
  5
46C
330
20C
100
AcDbEntity
  8
2
  6
Continuous
390
DFF
 62
   155
420
  5075865
100
AcDbLine
 10
50.6621341983
 20
124.7553613873
 30
0.0
 11
50.6621341983
 21
132.30128538
 31
0.0
  0
LINE
  5
46D
330
20C
100
AcDbEntity
  8
2
  6
Continuous
390
DFF
 62
   155
420
  5075865
100
AcDbLine
 10
50.8979692051
 20
132.428873804
 30
0.0
 11
50.8979692051
 21
124.5195263797
 31
0.0
  0
LINE
  5
46E
330
20C
100
AcDbEntity
  8
2
  6
Continuous
390
DFF
 62
   155
420
  5075865
100
AcDbLine
 10
50.8979692051
 20
273.5770335024
 30
0.0
 11
50.8979692051
 21
281.4863809267
 31
0.0
  0
LINE
  5
46F
330
20C
100
AcDbEntity
  8
2
  6
Continuous
390
DFF
 62
   155
420
  5075865
100
AcDbLine
 10
51.91470369029999
 20
281.4863809306
 30
0.0
 11
51.91470369029999
 21
274.2279920461
 31
0.0
  0
LINE
  5
470
330
20C
100
AcDbEntity
  8
2
  6
Continuous
390
DFF
 62
   155
420
  5075865
100
AcDbLine
 10
51.91470369029999
 20
124.5195263758
 30
0.0
 11
51.91470369029999
 21
131.7779152603
 31
0.0
  0
LINE
  5
471
330
20C
100
AcDbEntity
  8
2
  6
Continuous
390
DFF
 62
   155
420
  5075865
100
AcDbLine
 10
52.1505386971
 20
131.3464256522
 30
0.0
 11
52.1505386971
 21
124.7553613817
 31
0.0
  0
LINE
  5
472
330
20C
100
AcDbEntity
  8
2
  6
Continuous
390
DFF
 62
   155
420
  5075865
100
AcDbLine
 10
52.1505386971
 20
274.6594816542
 30
0.0
 11
52.1505386971
 21
281.2505459247
 31
0.0
  0
LINE
  5
473
330
20C
100
AcDbEntity
  8
2
  6
Continuous
390
DFF
 62
   155
420
  5075865
100
AcDbLine
 10
44.086618869
 20
57.8320047314
 30
0.0
 11
44.1076598914
 21
59.3320084015
 31
0.0
  0
LINE
  5
474
330
20C
100
AcDbEntity
  8
2
  6
Continuous
390
DFF
 62
   155
420
  5075865
100
AcDbLine
 10
41.7816083917
 20
69.3320047314
 30
0.0
 11
41.6813559529
 21
65.8320594189
 31
0.0
  0
LINE
  5
475
330
20C
100
AcDbEntity
  8
2
  6
Continuous
390
DFF
 62
   155
420
  5075865
100
AcDbLine
 10
46.4063364476
 20
59.3320047314
 30
0.0
 11
46.5285591409
 21
62.8320047314
 31
0.0
  0
LINE
  5
476
330
20C
100
AcDbEntity
  8
2
  6
Continuous
390
DFF
 62
   155
420
  5075865
100
AcDbLine
 10
47.6570434687
 20
65.8320047314
 30
0.0
 11
47.8021050951
 21
69.8320047314
 31
0.0
  0
LINE
  5
477
330
20C
100
AcDbEntity
  8
2
  6
Continuous
390
DFF
 62
   155
420
  5075865
100
AcDbLine
 10
41.8791178304
 20
65.8320047321
 30
0.0
 11
42.051448819
 21
69.8320047314
 31
0.0
  0
LINE
  5
478
330
20C
100
AcDbEntity
  8
2
  6
Continuous
390
DFF
 62
   155
420
  5075865
100
AcDbLine
 10
40.4897595808
 20
69.3319266064
 30
0.0
 11
40.5159675648
 21
69.8320047314
 31
0.0
  0
LINE
  5
479
330
20C
100
AcDbEntity
  8
2
  6
Continuous
390
DFF
 62
   155
420
  5075865
100
AcDbLine
 10
50.8979692051
 20
69.3320047314
 30
0.0
 11
50.6621341983
 21
64.8320047314
 31
0.0
  0
LINE
  5
47A
330
20C
100
AcDbEntity
  8
2
  6
Continuous
390
DFF
 62
   155
420
  5075865
100
AcDbLine
 10
45.6658745644
 20
57.8320047317
 30
0.0
 11
45.7542276624
 21
59.3320417345
 31
0.0
  0
LINE
  5
47B
330
20C
100
AcDbEntity
  8
2
  6
Continuous
390
DFF
 62
   155
420
  5075865
100
AcDbLine
 10
35.0562004099
 20
69.8320047314
 30
0.0
 11
34.0063364476
 21
57.8320047314
 31
0.0
  0
LINE
  5
47C
330
20C
100
AcDbEntity
  8
2
  6
Continuous
390
DFF
 62
   155
420
  5075865
100
AcDbLine
 10
87.09086828049999
 20
279.9224667435
 30
0.0
 11
86.6150195651
 21
278.703575054
 31
0.0
  0
LINE
  5
47D
330
20C
100
AcDbEntity
  8
2
  6
Continuous
390
DFF
 62
   155
420
  5075865
100
AcDbLine
 10
86.1222073233
 20
276.9224667398
 30
0.0
 11
86.60458047270001
 21
278.1572274469
 31
0.0
  0
LINE
  5
47E
330
20C
100
AcDbEntity
  8
2
  6
Continuous
390
DFF
 62
   155
420
  5075865
100
AcDbLine
 10
86.4736568293
 20
278.4217110737
 30
0.0
 11
85.8716690575
 21
276.9224667389
 31
0.0
  0
LINE
  5
47F
330
20C
100
AcDbEntity
  8
2
  6
Continuous
390
DFF
 62
   155
420
  5075865
100
AcDbLine
 10
86.74594320840001
 20
278.4398470948
 30
0.0
 11
87.3422764709
 21
279.9224667445
 31
0.0
  0
LINE
  5
480
330
20C
100
AcDbEntity
  8
2
  6
Continuous
390
DFF
 62
   155
420
  5075865
100
AcDbLine
 10
85.2079166266
 20
279.9224667363
 30
0.0
 11
84.3719191558
 21
278.2297715191
 31
0.0
  0
LINE
  5
481
330
20C
100
AcDbEntity
  8
2
  6
Continuous
390
DFF
 62
   155
420
  5075865
100
AcDbLine
 10
84.52981045930001
 20
278.0892173635
 30
0.0
 11
85.1987824208
 21
279.4433735373
 31
0.0
  0
LINE
  5
482
330
20C
100
AcDbEntity
  8
2
  6
Continuous
390
DFF
 62
   155
420
  5075865
100
AcDbLine
 10
89.85548844969999
 20
279.922466754
 30
0.0
 11
89.019490979
 21
278.2297715367
 31
0.0
  0
LINE
  5
483
330
20C
100
AcDbEntity
  8
2
  6
Continuous
390
DFF
 62
   155
420
  5075865
100
AcDbLine
 10
89.1773822824
 20
278.0892173812
 30
0.0
 11
89.846354244
 21
279.443373555
 31
0.0
  0
LINE
  5
484
330
20C
100
AcDbEntity
  8
2
  6
Continuous
390
DFF
 62
   155
420
  5075865
100
AcDbLine
 10
75.597675736
 20
276.5823959617
 30
0.0
 11
75.7227280923
 21
276.8126703446
 31
0.0
  0
LINE
  5
485
330
20C
100
AcDbEntity
  8
2
  6
Continuous
390
DFF
 62
   155
420
  5075865
100
AcDbLine
 10
78.2398211173
 20
277.7060939139
 30
0.0
 11
77.99580728689999
 21
277.34337351
 31
0.0
  0
LINE
  5
486
330
20C
100
AcDbEntity
  8
2
  6
Continuous
390
DFF
 62
   155
420
  5075865
100
AcDbLine
 10
77.28546397380001
 20
272.6937118012
 30
0.0
 11
79.31568201260001
 21
274.9029561443
 31
0.0
  0
LINE
  5
487
330
20C
100
AcDbEntity
  8
2
  6
Continuous
390
DFF
 62
   155
420
  5075865
100
AcDbLine
 10
41.8063364477
 20
236.9805614078
 30
0.0
 11
44.0671727704
 21
239.0860670639
 31
0.0
  0
LINE
  5
488
330
20C
100
AcDbEntity
  8
2
  6
Continuous
390
DFF
 62
   155
420
  5075865
100
AcDbLine
 10
39.5529665431
 20
241.6519325071
 30
0.0
 11
39.7473653492
 21
241.8312332517
 31
0.0
  0
LINE
  5
489
330
20C
100
AcDbEntity
  8
2
  6
Continuous
390
DFF
 62
   155
420
  5075865
100
AcDbLine
 10
38.4558258755
 20
253.328171717
 30
0.0
 11
37.9905726271
 21
253.0261372789
 31
0.0
  0
LINE
  5
48A
330
20C
100
AcDbEntity
  8
2
  6
Continuous
390
DFF
 62
   155
420
  5075865
100
AcDbLine
 10
38.5985077449
 20
253.1083848489
 30
0.0
 11
37.7285337288
 21
252.5436126222
 31
0.0
  0
LINE
  5
48B
330
20C
100
AcDbEntity
  8
2
  6
Continuous
390
DFF
 62
   155
420
  5075865
100
AcDbLine
 10
54.2616152401
 20
276.0138056804
 30
0.0
 11
52.1505386971
 21
274.6594816542
 31
0.0
  0
LINE
  5
48C
330
20C
100
AcDbEntity
  8
2
  6
Continuous
390
DFF
 62
   155
420
  5075865
100
AcDbLine
 10
50.6621341983
 20
273.7046219264
 30
0.0
 11
47.6412662804
 21
271.7666372454
 31
0.0
  0
LINE
  5
48D
330
20C
100
AcDbEntity
  8
2
  6
Continuous
390
DFF
 62
   155
420
  5075865
100
AcDbLine
 10
50.9000105404
 20
273.5770335024
 30
0.0
 11
51.91470369029999
 21
274.2279920461
 31
0.0
  0
LINE
  5
48E
330
20C
100
AcDbEntity
  8
2
  6
Continuous
390
DFF
 62
   155
420
  5075865
100
AcDbLine
 10
54.4031079626
 20
275.7932513952
 30
0.0
 11
47.8021050951
 21
271.5584941053
 31
0.0
  0
LINE
  5
48F
330
20C
100
AcDbEntity
  8
2
  6
Continuous
390
DFF
 62
   155
420
  5075865
100
AcDbLine
 10
54.97647845220001
 20
274.6280095308
 30
0.0
 11
49.1053253954
 21
270.8614745503
 31
0.0
  0
LINE
  5
490
330
20C
100
AcDbEntity
  8
2
  6
Continuous
390
DFF
 62
   155
420
  5075865
100
AcDbLine
 10
64.4847415989
 20
280.7551714989
 30
0.0
 11
64.7150159815
 21
280.8802238557
 31
0.0
  0
LINE
  5
491
330
20C
100
AcDbEntity
  8
2
  6
Continuous
390
DFF
 62
   155
420
  5075865
100
AcDbLine
 10
36.2724293317
 20
282.6280014767
 30
0.0
 11
36.1938176627
 21
282.5887225944
 31
0.0
  0
LINE
  5
492
330
20C
100
AcDbEntity
  8
2
  6
Continuous
390
DFF
 62
   155
420
  5075865
100
AcDbLine
 10
66.1442975512
 20
282.7196522022
 30
0.0
 11
65.8822586548
 21
282.5887225944
 31
0.0
  0
LINE
  5
493
330
20C
100
AcDbEntity
  8
2
  6
Continuous
390
DFF
 62
   155
420
  5075865
100
AcDbLine
 10
66.06045965130001
 20
69.8320047314
 30
0.0
 11
66.6563364476
 21
69.3320047314
 31
0.0
  0
LINE
  5
494
330
20C
100
AcDbEntity
  8
2
  6
Continuous
390
DFF
 62
   155
420
  5075865
100
AcDbLine
 10
36.9745381559
 20
153.0209686446
 30
0.0
 11
36.7124992576
 21
153.5034933013
 31
0.0
  0
LINE
  5
495
330
20C
100
AcDbEntity
  8
2
  6
Continuous
390
DFF
 62
   155
420
  5075865
100
AcDbLine
 10
65.4063364476
 20
62.3320047314
 30
0.0
 11
65.4063364476
 21
60.8320047314
 31
0.0
  0
LINE
  5
496
330
20C
100
AcDbEntity
  8
2
  6
Continuous
390
DFF
 62
   155
420
  5075865
100
AcDbLine
 10
65.5240295426
 20
60.8320047314
 30
0.0
 11
65.5240295426
 21
62.3320047314
 31
0.0
  0
LINE
  5
497
330
20C
100
AcDbEntity
  8
2
  6
Continuous
390
DFF
 62
   155
420
  5075865
100
AcDbLine
 10
65.8822586548
 20
282.5887225944
 30
0.0
 11
65.8822586548
 21
282.2395769055
 31
0.0
  0
LINE
  5
498
330
20C
100
AcDbEntity
  8
2
  6
Continuous
390
DFF
 62
   155
420
  5075865
100
AcDbLine
 10
65.8822586548
 20
123.417184712
 30
0.0
 11
65.8822586548
 21
123.7663304009
 31
0.0
  0
LINE
  5
499
330
20C
100
AcDbEntity
  8
2
  6
Continuous
390
DFF
 62
   155
420
  5075865
100
AcDbLine
 10
66.1442975512
 20
123.7663667926
 30
0.0
 11
66.1442975512
 21
123.2862551042
 31
0.0
  0
LINE
  5
49A
330
20C
100
AcDbEntity
  8
2
  6
Continuous
390
DFF
 62
   155
420
  5075865
100
AcDbLine
 10
66.1442975512
 20
282.2395405138
 30
0.0
 11
66.1442975512
 21
282.7196522022
 31
0.0
  0
LINE
  5
49B
330
20C
100
AcDbEntity
  8
2
  6
Continuous
390
DFF
 62
   155
420
  5075865
100
AcDbLine
 10
66.4063364476
 20
69.3320047314
 30
0.0
 11
66.4063364476
 21
63.3320047314
 31
0.0
  0
LINE
  5
49C
330
20C
100
AcDbEntity
  8
2
  6
Continuous
390
DFF
 62
   155
420
  5075865
100
AcDbLine
 10
68.1563364476
 20
137.0029536532
 30
0.0
 11
68.1563364476
 21
135.2482031125
 31
0.0
  0
LINE
  5
49D
330
20C
100
AcDbEntity
  8
2
  6
Continuous
390
DFF
 62
   155
420
  5075865
100
AcDbLine
 10
68.1563364476
 20
269.0029536532
 30
0.0
 11
68.1563364476
 21
270.7577041939
 31
0.0
  0
LINE
  5
49E
330
20C
100
AcDbEntity
  8
screw
  6
CENTER
390
DFF
 62
     1
100
AcDbLine
 10
68.9063364476
 20
128.3529536532
 30
0.0
 11
68.9063364476
 21
131.6529536532
 31
0.0
  0
LINE
  5
49F
330
20C
100
AcDbEntity
  8
screw
  6
CENTER
390
DFF
 62
     1
100
AcDbLine
 10
68.9063364476
 20
274.3529536532
 30
0.0
 11
68.9063364476
 21
277.6529536532
 31
0.0
  0
LINE
  5
4A0
330
20C
100
AcDbEntity
  8
2
  6
Continuous
390
DFF
 62
   155
420
  5075865
100
AcDbLine
 10
69.6563364476
 20
270.7577041939
 30
0.0
 11
69.6563364476
 21
269.0029536532
 31
0.0
  0
LINE
  5
4A1
330
20C
100
AcDbEntity
  8
2
  6
Continuous
390
DFF
 62
   155
420
  5075865
100
AcDbLine
 10
69.6563364476
 20
135.2482031125
 30
0.0
 11
69.6563364476
 21
137.0029536532
 31
0.0
  0
LINE
  5
4A2
330
20C
100
AcDbEntity
  8
2
  6
Continuous
390
DFF
 62
   155
420
  5075865
100
AcDbLine
 10
71.4063364476
 20
63.3320047314
 30
0.0
 11
71.4063364476
 21
69.3320047314
 31
0.0
  0
LINE
  5
4A3
330
20C
100
AcDbEntity
  8
2
  6
Continuous
390
DFF
 62
   155
420
  5075865
100
AcDbLine
 10
71.668375344
 20
282.7196522022
 30
0.0
 11
71.668375344
 21
282.2395414491
 31
0.0
  0
LINE
  5
4A4
330
20C
100
AcDbEntity
  8
2
  6
Continuous
390
DFF
 62
   155
420
  5075865
100
AcDbLine
 10
71.668375344
 20
123.2862551042
 30
0.0
 11
71.668375344
 21
123.7663658573
 31
0.0
  0
LINE
  5
4A5
330
20C
100
AcDbEntity
  8
2
  6
Continuous
390
DFF
 62
   155
420
  5075865
100
AcDbLine
 10
71.9304142405
 20
123.7663904265
 30
0.0
 11
71.9304142405
 21
123.417184712
 31
0.0
  0
LINE
  5
4A6
330
20C
100
AcDbEntity
  8
2
  6
Continuous
390
DFF
 62
   155
420
  5075865
100
AcDbLine
 10
71.9304142405
 20
282.2395168799
 30
0.0
 11
71.9304142405
 21
282.5887225944
 31
0.0
  0
LINE
  5
4A7
330
20C
100
AcDbEntity
  8
2
  6
Continuous
390
DFF
 62
   155
420
  5075865
100
AcDbLine
 10
72.22898599279999
 20
62.3320047314
 30
0.0
 11
72.22898599279999
 21
60.8320047314
 31
0.0
  0
LINE
  5
4A8
330
20C
100
AcDbEntity
  8
2
  6
Continuous
390
DFF
 62
   155
420
  5075865
100
AcDbLine
 10
72.4063364476
 20
62.3320047314
 30
0.0
 11
72.4063364476
 21
60.8320047314
 31
0.0
  0
LINE
  5
4A9
330
20C
100
AcDbEntity
  8
2
  6
Continuous
390
DFF
 62
   155
420
  5075865
100
AcDbLine
 10
72.9463364476
 20
280.0429536532
 30
0.0
 11
72.9463364476
 21
279.9707641636
 31
0.0
  0
LINE
  5
4AA
330
20C
100
AcDbEntity
  8
2
  6
Continuous
390
DFF
 62
   155
420
  5075865
100
AcDbLine
 10
72.9463364476
 20
125.9629536532
 30
0.0
 11
72.9463364476
 21
126.0351431428
 31
0.0
  0
LINE
  5
4AB
330
20C
100
AcDbEntity
  8
2
  6
Continuous
390
DFF
 62
   155
420
  5075865
100
AcDbLine
 10
54.2446994507
 20
64.8320047314
 30
0.0
 11
54.2685771672
 21
65.078021877
 31
0.0
  0
LINE
  5
4AC
330
20C
100
AcDbEntity
  8
2
  6
Continuous
390
DFF
 62
   155
420
  5075865
100
AcDbLine
 10
84.00633644760001
 20
237.533838055
 30
0.0
 11
82.90868894180001
 21
232.5029536532
 31
0.0
  0
LINE
  5
4AD
330
20C
100
AcDbEntity
  8
2
  6
Continuous
390
DFF
 62
   155
420
  5075865
100
AcDbLine
 10
55.3833702397
 20
129.7656949632
 30
0.0
 11
55.3096458145
 21
129.5142410065
 31
0.0
  0
LINE
  5
4AE
330
20C
100
AcDbEntity
  8
2
  6
Continuous
390
DFF
 62
   155
420
  5075865
100
AcDbLine
 10
98.3979692051
 20
281.4863807653
 30
0.0
 11
98.1621341983
 21
281.2505457576
 31
0.0
  0
LINE
  5
4AF
330
20C
100
AcDbEntity
  8
2
  6
Continuous
390
DFF
 62
   155
420
  5075865
100
AcDbLine
 10
36.2200215353
 20
218.5113208958
 30
0.0
 11
36.4558565421
 21
218.7471559025
 31
0.0
  0
LINE
  5
4B0
330
20C
100
AcDbEntity
  8
2
  6
Continuous
390
DFF
 62
   155
420
  5075865
100
AcDbLine
 10
40.4897636752
 20
217.4945864106
 30
0.0
 11
40.2539286685
 21
217.2587514038
 31
0.0
  0
LINE
  5
4B1
330
20C
100
AcDbEntity
  8
2
  6
Continuous
390
DFF
 62
   155
420
  5075865
100
AcDbLine
 10
99.4147036903
 20
276.2195264254
 30
0.0
 11
99.65053869709999
 21
276.4553614321
 31
0.0
  0
LINE
  5
4B2
330
20C
100
AcDbEntity
  8
2
  6
Continuous
390
DFF
 62
   155
420
  5075865
100
AcDbLine
 10
34.6697494619
 20
250.7955381854
 30
0.0
 11
34.6187570923
 21
250.7649925496
 31
0.0
  0
LINE
  5
4B3
330
20C
100
AcDbEntity
  8
2
  6
Continuous
390
DFF
 62
   155
420
  5075865
100
AcDbLine
 10
41.0638605286
 20
262.4587977985
 30
0.0
 11
41.1293402654
 21
262.4945864106
 31
0.0
  0
LINE
  5
4B4
330
20C
100
AcDbEntity
  8
0
  6
Continuous
390
DFF
 62
     7
100
AcDbLine
 10
0.0
 20
0.0
 30
0.0
 11
471.7309911169
 21
0.0
 31
0.0
  0
LINE
  5
4B5
330
20C
100
AcDbEntity
  8
dim
  6
Continuous
390
DFF
 62
    84
420
  2529536
100
AcDbLine
 10
0.0
 20
0.0
 30
0.0
 11
471.7309911169
 21
0.0
 31
0.0
  0
LINE
  5
4B6
330
20C
100
AcDbEntity
  8
2
  6
Continuous
390
DFF
 62
   155
420
  5075865
100
AcDbLine
 10
47.8021050951
 20
134.4474132011
 30
0.0
 11
47.7271270355
 21
134.547482275
 31
0.0
  0
LINE
  5
4B7
330
20C
100
AcDbEntity
  8
2
  6
Continuous
390
DFF
 62
   155
420
  5075865
100
AcDbLine
 10
42.14456270199999
 20
141.9982224755
 30
0.0
 11
42.051448819
 21
142.1224964309
 31
0.0
  0
LINE
  5
4B8
330
20C
100
AcDbEntity
  8
2
  6
Continuous
390
DFF
 62
   155
420
  5075865
100
AcDbLine
 10
64.44681636209999
 20
126.2189236353
 30
0.0
 11
63.5811183838
 21
127.5524430811
 31
0.0
  0
LINE
  5
4B9
330
20C
100
AcDbEntity
  8
2
  6
Continuous
390
DFF
 62
   155
420
  5075865
100
AcDbLine
 10
64.66660323020001
 20
126.3616055047
 30
0.0
 11
63.8009052519
 21
127.6951249504
 31
0.0
  0
LINE
  5
4BA
330
20C
100
AcDbEntity
  8
2
  6
Continuous
390
DFF
 62
   155
420
  5075865
100
AcDbLine
 10
41.8172373645
 20
142.0022920629
 30
0.0
 11
41.6527103849
 21
142.2587514039
 31
0.0
  0
LINE
  5
4BB
330
20C
100
AcDbEntity
  8
2
  6
Continuous
390
DFF
 62
   155
420
  5075865
100
AcDbLine
 10
41.1293402654
 20
143.5113208959
 30
0.0
 11
41.7816083917
 21
142.4945864107
 31
0.0
  0
LINE
  5
4BC
330
20C
100
AcDbEntity
  8
2
  6
Continuous
390
DFF
 62
   155
420
  5075865
100
AcDbLine
 10
42.051448819
 20
142.1224964309
 30
0.0
 11
41.1160387055
 21
143.5805834996
 31
0.0
  0
LINE
  5
4BD
330
20C
100
AcDbEntity
  8
2
  6
Continuous
390
DFF
 62
   155
420
  5075865
100
AcDbLine
 10
51.91470369029999
 20
131.7779152603
 30
0.0
 11
52.1505386971
 21
131.3464256522
 31
0.0
  0
LINE
  5
4BE
330
20C
100
AcDbEntity
  8
2
  6
Continuous
390
DFF
 62
   155
420
  5075865
100
AcDbLine
 10
76.6087126075
 20
279.9224667037
 30
0.0
 11
76.6087126189
 21
276.9224667037
 31
0.0
  0
LINE
  5
4BF
330
20C
100
AcDbEntity
  8
2
  6
Continuous
390
DFF
 62
   155
420
  5075865
100
AcDbLine
 10
76.83837269590001
 20
276.9224667045
 30
0.0
 11
76.8383726917
 21
278.0408546139
 31
0.0
  0
LINE
  5
4C0
330
20C
100
AcDbEntity
  8
2
  6
Continuous
390
DFF
 62
   155
420
  5075865
100
AcDbLine
 10
76.83837269039999
 20
278.3816606592
 30
0.0
 11
76.8383726858
 21
279.5801493242
 31
0.0
  0
LINE
  5
4C1
330
20C
100
AcDbEntity
  8
2
  6
Continuous
390
DFF
 62
   155
420
  5075865
100
AcDbLine
 10
77.99580728689999
 20
277.34337351
 30
0.0
 11
77.9958072885
 21
276.9224667089
 31
0.0
  0
LINE
  5
4C2
330
20C
100
AcDbEntity
  8
2
  6
Continuous
390
DFF
 62
   155
420
  5075865
100
AcDbLine
 10
78.038868542
 20
279.7977815706
 30
0.0
 11
78.0388685436
 21
279.374607767
 31
0.0
  0
LINE
  5
4C3
330
20C
100
AcDbEntity
  8
dim
  6
Continuous
390
DFF
 62
    84
420
  2529536
100
AcDbLine
 10
78.6218318528
 20
333.1845525843
 30
0.0
 11
78.6218318528
 21
327.5753850324
 31
0.0
  0
LINE
  5
4C4
330
20C
100
AcDbEntity
  8
dim
  6
Continuous
390
DFF
 62
    84
420
  2529536
100
AcDbLine
 10
78.6218318528
 20
0.0
 30
0.0
 11
78.6218318528
 21
5.609167551900001
 31
0.0
  0
LINE
  5
4C5
330
20C
100
AcDbEntity
  8
2
  6
Continuous
390
DFF
 62
   155
420
  5075865
100
AcDbLine
 10
79.1649858622
 20
276.9224667134
 30
0.0
 11
79.1649858609
 21
277.2670510963
 31
0.0
  0
LINE
  5
4C6
330
20C
100
AcDbEntity
  8
2
  6
Continuous
390
DFF
 62
   155
420
  5075865
100
AcDbLine
 10
79.6129969951
 20
277.4967740199
 30
0.0
 11
79.6129969973
 21
276.9224667151
 31
0.0
  0
LINE
  5
4C7
330
20C
100
AcDbEntity
  8
2
  6
Continuous
390
DFF
 62
   155
420
  5075865
100
AcDbLine
 10
79.89006796140001
 20
276.9224667161
 30
0.0
 11
79.8900679592
 21
277.4967740209
 31
0.0
  0
LINE
  5
4C8
330
20C
100
AcDbEntity
  8
2
  6
Continuous
390
DFF
 62
   155
420
  5075865
100
AcDbLine
 10
80.40071366079999
 20
277.4605019826
 30
0.0
 11
80.40071366239999
 21
277.0350611765
 31
0.0
  0
LINE
  5
4C9
330
20C
100
AcDbEntity
  8
2
  6
Continuous
390
DFF
 62
   155
420
  5075865
100
AcDbLine
 10
80.4750921991
 20
279.9224667184
 30
0.0
 11
80.475092205
 21
278.377126668
 31
0.0
  0
LINE
  5
4CA
330
20C
100
AcDbEntity
  8
2
  6
Continuous
390
DFF
 62
   155
420
  5075865
100
AcDbLine
 10
80.699097771
 20
278.7723407746
 30
0.0
 11
80.699097768
 21
279.5695699938
 31
0.0
  0
LINE
  5
4CB
330
20C
100
AcDbEntity
  8
2
  6
Continuous
390
DFF
 62
   155
420
  5075865
100
AcDbLine
 10
81.4063364476
 20
274.9029536532
 30
0.0
 11
81.4063364476
 21
235.5029536532
 31
0.0
  0
LINE
  5
4CC
330
20C
100
AcDbEntity
  8
2
  6
Continuous
390
DFF
 62
   155
420
  5075865
100
AcDbLine
 10
81.4063364476
 20
230.5029536532
 30
0.0
 11
81.4063364476
 21
175.5029536532
 31
0.0
  0
LINE
  5
4CD
330
20C
100
AcDbEntity
  8
2
  6
Continuous
390
DFF
 62
   155
420
  5075865
100
AcDbLine
 10
81.4063364476
 20
131.1029536532
 30
0.0
 11
81.4063364476
 21
170.5029536532
 31
0.0
  0
LINE
  5
4CE
330
20C
100
AcDbEntity
  8
2
  6
Continuous
390
DFF
 62
   155
420
  5075865
100
AcDbLine
 10
81.51378209409999
 20
279.5695699969
 30
0.0
 11
81.5137820928
 21
279.9224667223
 31
0.0
  0
LINE
  5
4CF
330
20C
100
AcDbEntity
  8
2
  6
Continuous
390
DFF
 62
   155
420
  5075865
100
AcDbLine
 10
81.87132108199999
 20
278.4179327186
 30
0.0
 11
81.87132108340001
 21
278.0529453131
 31
0.0
  0
LINE
  5
4D0
330
20C
100
AcDbEntity
  8
2
  6
Continuous
390
DFF
 62
   155
420
  5075865
100
AcDbLine
 10
82.5950982957
 20
278.0529453158
 30
0.0
 11
82.5950982943
 21
278.4179327214
 31
0.0
  0
LINE
  5
4D1
330
20C
100
AcDbEntity
  8
2
  6
Continuous
390
DFF
 62
   155
420
  5075865
100
AcDbLine
 10
82.9063364476
 20
274.9029536532
 30
0.0
 11
82.9063364476
 21
234.0029536532
 31
0.0
  0
LINE
  5
4D2
330
20C
100
AcDbEntity
  8
2
  6
Continuous
390
DFF
 62
   155
420
  5075865
100
AcDbLine
 10
82.9063364476
 20
232.0029536532
 30
0.0
 11
82.9063364476
 21
174.0029536532
 31
0.0
  0
LINE
  5
4D3
330
20C
100
AcDbEntity
  8
2
  6
Continuous
390
DFF
 62
   155
420
  5075865
100
AcDbLine
 10
82.9063364476
 20
131.1029536532
 30
0.0
 11
82.9063364476
 21
172.0029536532
 31
0.0
  0
LINE
  5
4D4
330
20C
100
AcDbEntity
  8
2
  6
Continuous
390
DFF
 62
   155
420
  5075865
100
AcDbLine
 10
83.10286562
 20
274.9029536532
 30
0.0
 11
83.10286562
 21
233.8064244809
 31
0.0
  0
LINE
  5
4D5
330
20C
100
AcDbEntity
  8
2
  6
Continuous
390
DFF
 62
   155
420
  5075865
100
AcDbLine
 10
83.10286562
 20
232.1994828255
 30
0.0
 11
83.10286562
 21
173.8064244809
 31
0.0
  0
LINE
  5
4D6
330
20C
100
AcDbEntity
  8
2
  6
Continuous
390
DFF
 62
   155
420
  5075865
100
AcDbLine
 10
83.10286562
 20
131.1029536532
 30
0.0
 11
83.10286562
 21
172.1994828255
 31
0.0
  0
LINE
  5
4D7
330
20C
100
AcDbEntity
  8
2
  6
Continuous
390
DFF
 62
   155
420
  5075865
100
AcDbLine
 10
83.50633644760001
 20
232.5029536532
 30
0.0
 11
83.50633644760001
 21
230.0029536532
 31
0.0
  0
LINE
  5
4D8
330
20C
100
AcDbEntity
  8
2
  6
Continuous
390
DFF
 62
   155
420
  5075865
100
AcDbLine
 10
83.98567265770001
 20
279.5476556486
 30
0.0
 11
83.98567265619999
 21
279.9330460768
 31
0.0
  0
LINE
  5
4D9
330
20C
100
AcDbEntity
  8
2
  6
Continuous
390
DFF
 62
   155
420
  5075865
100
AcDbLine
 10
84.3719191558
 20
278.2297715191
 30
0.0
 11
84.3719191576
 21
277.7665473377
 31
0.0
  0
LINE
  5
4DA
330
20C
100
AcDbEntity
  8
2
  6
Continuous
390
DFF
 62
   155
420
  5075865
100
AcDbLine
 10
84.50633644760001
 20
230.0029536532
 30
0.0
 11
84.50633644760001
 21
232.5029536532
 31
0.0
  0
LINE
  5
4DB
330
20C
100
AcDbEntity
  8
2
  6
Continuous
390
DFF
 62
   155
420
  5075865
100
AcDbLine
 10
84.9601503618
 20
172.1994828255
 30
0.0
 11
84.9601503618
 21
131.1029536532
 31
0.0
  0
LINE
  5
4DC
330
20C
100
AcDbEntity
  8
2
  6
Continuous
390
DFF
 62
   155
420
  5075865
100
AcDbLine
 10
84.9601503618
 20
173.8064244809
 30
0.0
 11
84.9601503618
 21
232.1994828255
 31
0.0
  0
LINE
  5
4DD
330
20C
100
AcDbEntity
  8
2
  6
Continuous
390
DFF
 62
   155
420
  5075865
100
AcDbLine
 10
84.9601503618
 20
233.8064244809
 30
0.0
 11
84.9601503618
 21
274.9029536532
 31
0.0
  0
LINE
  5
4DE
330
20C
100
AcDbEntity
  8
2
  6
Continuous
390
DFF
 62
   155
420
  5075865
100
AcDbLine
 10
85.15667953409999
 20
131.1029536532
 30
0.0
 11
85.15667953409999
 21
172.0029536532
 31
0.0
  0
LINE
  5
4DF
330
20C
100
AcDbEntity
  8
2
  6
Continuous
390
DFF
 62
   155
420
  5075865
100
AcDbLine
 10
85.15667953409999
 20
174.0029536532
 30
0.0
 11
85.15667953409999
 21
187.5029536532
 31
0.0
  0
LINE
  5
4E0
330
20C
100
AcDbEntity
  8
2
  6
Continuous
390
DFF
 62
   155
420
  5075865
100
AcDbLine
 10
85.15667953409999
 20
194.5029536532
 30
0.0
 11
85.15667953409999
 21
211.5029536532
 31
0.0
  0
LINE
  5
4E1
330
20C
100
AcDbEntity
  8
2
  6
Continuous
390
DFF
 62
   155
420
  5075865
100
AcDbLine
 10
85.15667953409999
 20
218.5029536532
 30
0.0
 11
85.15667953409999
 21
232.0029536532
 31
0.0
  0
LINE
  5
4E2
330
20C
100
AcDbEntity
  8
2
  6
Continuous
390
DFF
 62
   155
420
  5075865
100
AcDbLine
 10
85.15667953409999
 20
234.0029536532
 30
0.0
 11
85.15667953409999
 21
274.9029536532
 31
0.0
  0
LINE
  5
4E3
330
20C
100
AcDbEntity
  8
2
  6
Continuous
390
DFF
 62
   155
420
  5075865
100
AcDbLine
 10
85.1987824208
 20
279.4433735373
 30
0.0
 11
85.19878242600001
 21
278.089217366
 31
0.0
  0
LINE
  5
4E4
330
20C
100
AcDbEntity
  8
2
  6
Continuous
390
DFF
 62
   155
420
  5075865
100
AcDbLine
 10
85.1987824272
 20
277.7665473408
 30
0.0
 11
85.1987824304
 21
276.9224667363
 31
0.0
  0
LINE
  5
4E5
330
20C
100
AcDbEntity
  8
2
  6
Continuous
390
DFF
 62
   155
420
  5075865
100
AcDbLine
 10
85.2352912031
 20
218.5029536532
 30
0.0
 11
85.2352912031
 21
211.5029536532
 31
0.0
  0
LINE
  5
4E6
330
20C
100
AcDbEntity
  8
2
  6
Continuous
390
DFF
 62
   155
420
  5075865
100
AcDbLine
 10
85.2352912031
 20
194.5029536532
 30
0.0
 11
85.2352912031
 21
187.5029536532
 31
0.0
  0
LINE
  5
4E7
330
20C
100
AcDbEntity
  8
2
  6
Continuous
390
DFF
 62
   155
420
  5075865
100
AcDbLine
 10
85.4214831111
 20
276.9224667372
 30
0.0
 11
85.4214831079
 21
277.7665473417
 31
0.0
  0
LINE
  5
4E8
330
20C
100
AcDbEntity
  8
2
  6
Continuous
390
DFF
 62
   155
420
  5075865
100
AcDbLine
 10
85.42148310669999
 20
278.0892173669
 30
0.0
 11
85.4214830997
 21
279.9224667372
 31
0.0
  0
LINE
  5
4E9
330
20C
100
AcDbEntity
  8
2
  6
Continuous
390
DFF
 62
   155
420
  5075865
100
AcDbLine
 10
85.6776758832
 20
277.7665473427
 30
0.0
 11
85.6776758819
 21
278.0892173679
 31
0.0
  0
LINE
  5
4EA
330
20C
100
AcDbEntity
  8
2
  6
Continuous
390
DFF
 62
   155
420
  5075865
100
AcDbLine
 10
86.4063364476
 20
170.5029536532
 30
0.0
 11
86.4063364476
 21
131.1029536532
 31
0.0
  0
LINE
  5
4EB
330
20C
100
AcDbEntity
  8
2
  6
Continuous
390
DFF
 62
   155
420
  5075865
100
AcDbLine
 10
86.4063364476
 20
175.5029536532
 30
0.0
 11
86.4063364476
 21
186.5029536532
 31
0.0
  0
LINE
  5
4EC
330
20C
100
AcDbEntity
  8
2
  6
Continuous
390
DFF
 62
   155
420
  5075865
100
AcDbLine
 10
86.4063364476
 20
195.5029536532
 30
0.0
 11
86.4063364476
 21
210.5029536532
 31
0.0
  0
LINE
  5
4ED
330
20C
100
AcDbEntity
  8
2
  6
Continuous
390
DFF
 62
   155
420
  5075865
100
AcDbLine
 10
86.4063364476
 20
219.5029536532
 30
0.0
 11
86.4063364476
 21
230.5029536532
 31
0.0
  0
LINE
  5
4EE
330
20C
100
AcDbEntity
  8
2
  6
Continuous
390
DFF
 62
   155
420
  5075865
100
AcDbLine
 10
86.4063364476
 20
235.5029536532
 30
0.0
 11
86.4063364476
 21
274.9029536532
 31
0.0
  0
LINE
  5
4EF
330
20C
100
AcDbEntity
  8
2
  6
Continuous
390
DFF
 62
   155
420
  5075865
100
AcDbLine
 10
88.3093215223
 20
129.7591340503
 30
0.0
 11
88.3093215223
 21
129.3790253007
 31
0.0
  0
LINE
  5
4F0
330
20C
100
AcDbEntity
  8
2
  6
Continuous
390
DFF
 62
   155
420
  5075865
100
AcDbLine
 10
88.6332444808
 20
279.5476556662
 30
0.0
 11
88.63324447940001
 21
279.9330460945
 31
0.0
  0
LINE
  5
4F1
330
20C
100
AcDbEntity
  8
2
  6
Continuous
390
DFF
 62
   155
420
  5075865
100
AcDbLine
 10
89.019490979
 20
278.2297715367
 30
0.0
 11
89.0194909807
 21
277.7665473554
 31
0.0
  0
LINE
  5
4F2
330
20C
100
AcDbEntity
  8
2
  6
Continuous
390
DFF
 62
   155
420
  5075865
100
AcDbLine
 10
89.50335137299999
 20
129.7591340504
 30
0.0
 11
89.50335137299999
 21
129.3790253007
 31
0.0
  0
LINE
  5
4F3
330
20C
100
AcDbEntity
  8
2
  6
Continuous
390
DFF
 62
   155
420
  5075865
100
AcDbLine
 10
89.846354244
 20
279.443373555
 30
0.0
 11
89.8463542491
 21
278.0892173837
 31
0.0
  0
LINE
  5
4F4
330
20C
100
AcDbEntity
  8
2
  6
Continuous
390
DFF
 62
   155
420
  5075865
100
AcDbLine
 10
89.84635425030001
 20
277.7665473585
 30
0.0
 11
89.84635425350001
 21
276.922466754
 31
0.0
  0
LINE
  5
4F5
330
20C
100
AcDbEntity
  8
2
  6
Continuous
390
DFF
 62
   155
420
  5075865
100
AcDbLine
 10
94.80274928629998
 20
276.9224667728
 30
0.0
 11
94.97194960500001
 21
277.7589907029
 31
0.0
  0
LINE
  5
4F6
330
20C
100
AcDbEntity
  8
2
  6
Continuous
390
DFF
 62
   155
420
  5075865
100
AcDbLine
 10
95.0424134909
 20
278.1013080835
 30
0.0
 11
95.34601714770001
 21
279.5725927195
 31
0.0
  0
LINE
  5
4F7
330
20C
100
AcDbEntity
  8
2
  6
Continuous
390
DFF
 62
   155
420
  5075865
100
AcDbLine
 10
95.1981299756
 20
279.9224667743
 30
0.0
 11
94.56960951110001
 21
276.9224667719
 31
0.0
  0
LINE
  5
4F8
330
20C
100
AcDbEntity
  8
2
  6
Continuous
390
DFF
 62
   155
420
  5075865
100
AcDbLine
 10
41.7816083917
 20
142.4945864107
 30
0.0
 11
41.6527103849
 21
142.2587514039
 31
0.0
  0
LINE
  5
4F9
330
20C
100
AcDbEntity
  8
2
  6
Continuous
390
DFF
 62
   155
420
  5075865
100
AcDbLine
 10
128.1621341982
 20
281.2505457633
 30
0.0
 11
128.397969205
 21
281.4863807691
 31
0.0
  0
LINE
  5
4FA
330
20C
100
AcDbEntity
  8
2
  6
Continuous
390
DFF
 62
   155
420
  5075865
100
AcDbLine
 10
36.4558565421
 20
188.7471559026
 30
0.0
 11
36.2200215353
 21
188.5113208959
 31
0.0
  0
LINE
  5
4FB
330
20C
100
AcDbEntity
  8
2
  6
Continuous
390
DFF
 62
   155
420
  5075865
100
AcDbLine
 10
83.10286562
 20
232.1994828255
 30
0.0
 11
82.9063364476
 21
232.0029536532
 31
0.0
  0
LINE
  5
4FC
330
20C
100
AcDbEntity
  8
2
  6
Continuous
390
DFF
 62
   155
420
  5075865
100
AcDbLine
 10
84.9601503618
 20
233.8064244809
 30
0.0
 11
85.15667953409999
 21
234.0029536532
 31
0.0
  0
LINE
  5
4FD
330
20C
100
AcDbEntity
  8
2
  6
Continuous
390
DFF
 62
   155
420
  5075865
100
AcDbLine
 10
40.2539286685
 20
187.2587514039
 30
0.0
 11
40.4897636752
 21
187.4945864107
 31
0.0
  0
LINE
  5
4FE
330
20C
100
AcDbEntity
  8
2
  6
Continuous
390
DFF
 62
   155
420
  5075865
100
AcDbLine
 10
129.650538697
 20
276.4553614322
 30
0.0
 11
129.4147036902
 21
276.2195264254
 31
0.0
  0
LINE
  5
4FF
330
20C
100
AcDbEntity
  8
dim
  6
Continuous
390
DFF
 62
     4
100
AcDbLine
 10
448.1669061689
 20
30.4787346614
 30
0.0
 11
457.161659186
 21
31.3935297514
 31
0.0
  0
LINE
  5
500
330
20C
100
AcDbEntity
  8
dim
  6
Continuous
390
DFF
 62
    84
420
  2529536
100
AcDbLine
 10
5.609167551900001
 20
5.609167551900001
 30
0.0
 11
466.1218235649
 21
5.609167551900001
 31
0.0
  0
LINE
  5
501
330
20C
100
AcDbEntity
  8
dim
  6
Continuous
390
DFF
 62
     4
100
AcDbLine
 10
309.4176262917
 20
14.7063854135
 30
0.0
 11
231.3260844825
 21
14.7063854135
 31
0.0
  0
LINE
  5
502
330
20C
100
AcDbEntity
  8
2
  6
Continuous
390
DFF
 62
   155
420
  5075865
100
AcDbLine
 10
106.3406314189
 20
59.59352035640001
 30
0.0
 11
104.5718924274
 21
60.8320047314
 31
0.0
  0
LINE
  5
503
330
20C
100
AcDbEntity
  8
2
  6
Continuous
390
DFF
 62
   155
420
  5075865
100
AcDbLine
 10
50.8979692051
 20
124.5195263797
 30
0.0
 11
50.6621341983
 21
124.7553613873
 31
0.0
  0
LINE
  5
504
330
20C
100
AcDbEntity
  8
2
  6
Continuous
390
DFF
 62
   155
420
  5075865
100
AcDbLine
 10
36.4558564875
 20
142.2587514039
 30
0.0
 11
36.2200214798
 21
142.4945864107
 31
0.0
  0
LINE
  5
505
330
20C
100
AcDbEntity
  8
2
  6
Continuous
390
DFF
 62
   155
420
  5075865
100
AcDbLine
 10
35.37605189550001
 20
155.5332382053
 30
0.0
 11
35.5612003418
 21
155.348089759
 31
0.0
  0
LINE
  5
506
330
20C
100
AcDbEntity
  8
2
  6
Continuous
390
DFF
 62
   155
420
  5075865
100
AcDbLine
 10
66.43662100739999
 20
124.4726690934
 30
0.0
 11
66.25133153
 21
124.6579585708
 31
0.0
  0
LINE
  5
507
330
20C
100
AcDbEntity
  8
2
  6
Continuous
390
DFF
 62
   155
420
  5075865
100
AcDbLine
 10
75.597675736
 20
129.4235113447
 30
0.0
 11
75.7227280923
 21
129.1932369618
 31
0.0
  0
LINE
  5
508
330
20C
100
AcDbEntity
  8
2
  6
Continuous
390
DFF
 62
   155
420
  5075865
100
AcDbLine
 10
106.7150251904
 20
57.8320047314
 30
0.0
 11
106.0773555054
 21
60.8320047314
 31
0.0
  0
LINE
  5
509
330
20C
100
AcDbEntity
  8
2
  6
Continuous
390
DFF
 62
   155
420
  5075865
100
AcDbLine
 10
108.7841137544
 20
62.8320047314
 30
0.0
 11
108.9063364476
 21
59.3320047314
 31
0.0
  0
LINE
  5
50A
330
20C
100
AcDbEntity
  8
2
  6
Continuous
390
DFF
 62
   155
420
  5075865
100
AcDbLine
 10
90.0690549343
 20
276.9224667548
 30
0.0
 11
90.06905493100001
 21
277.7665473594
 31
0.0
  0
LINE
  5
50B
330
20C
100
AcDbEntity
  8
2
  6
Continuous
390
DFF
 62
   155
420
  5075865
100
AcDbLine
 10
90.06905492979999
 20
278.0892173845
 30
0.0
 11
90.06905492290001
 21
279.9224667548
 31
0.0
  0
LINE
  5
50C
330
20C
100
AcDbEntity
  8
2
  6
Continuous
390
DFF
 62
   155
420
  5075865
100
AcDbLine
 10
90.32524770629999
 20
277.7665473603
 30
0.0
 11
90.3252477051
 21
278.0892173855
 31
0.0
  0
LINE
  5
50D
330
20C
100
AcDbEntity
  8
2
  6
Continuous
390
DFF
 62
   155
420
  5075865
100
AcDbLine
 10
90.61797730959999
 20
278.4179327519
 30
0.0
 11
90.6179773109
 21
278.0529453463
 31
0.0
  0
LINE
  5
50E
330
20C
100
AcDbEntity
  8
2
  6
Continuous
390
DFF
 62
   155
420
  5075865
100
AcDbLine
 10
91.3417545233
 20
278.0529453491
 30
0.0
 11
91.3417545219
 21
278.4179327546
 31
0.0
  0
LINE
  5
50F
330
20C
100
AcDbEntity
  8
2
  6
Continuous
390
DFF
 62
   155
420
  5075865
100
AcDbLine
 10
91.8415261625
 20
279.5136506406
 30
0.0
 11
91.84152616360001
 21
279.2393433359
 31
0.0
  0
LINE
  5
510
330
20C
100
AcDbEntity
  8
2
  6
Continuous
390
DFF
 62
   155
420
  5075865
100
AcDbLine
 10
91.8415261712
 20
277.2285121016
 30
0.0
 11
91.84152617239999
 21
276.9224667616
 31
0.0
  0
LINE
  5
511
330
20C
100
AcDbEntity
  8
2
  6
Continuous
390
DFF
 62
   155
420
  5075865
100
AcDbLine
 10
92.2012399584
 20
279.2393433372
 30
0.0
 11
92.201239966
 21
277.228512103
 31
0.0
  0
LINE
  5
512
330
20C
100
AcDbEntity
  8
2
  6
Continuous
390
DFF
 62
   155
420
  5075865
100
AcDbLine
 10
92.42394064680001
 20
277.2285121038
 30
0.0
 11
92.42394063649999
 21
279.9330461089
 31
0.0
  0
LINE
  5
513
330
20C
100
AcDbEntity
  8
2
  6
Continuous
390
DFF
 62
   155
420
  5075865
100
AcDbLine
 10
92.7766950465
 20
276.9224667651
 30
0.0
 11
92.7766950453
 21
277.2285121052
 31
0.0
  0
LINE
  5
514
330
20C
100
AcDbEntity
  8
2
  6
Continuous
390
DFF
 62
   155
420
  5075865
100
AcDbLine
 10
94.2425178764
 20
279.5476556876
 30
0.0
 11
94.2425178749
 21
279.9330461158
 31
0.0
  0
LINE
  5
515
330
20C
100
AcDbEntity
  8
2
  6
Continuous
390
DFF
 62
   155
420
  5075865
100
AcDbLine
 10
98.1621341983
 20
281.2505457576
 30
0.0
 11
98.1621341983
 21
276.4553614322
 31
0.0
  0
LINE
  5
516
330
20C
100
AcDbEntity
  8
2
  6
Continuous
390
DFF
 62
   155
420
  5075865
100
AcDbLine
 10
98.1621341983
 20
124.7553615488
 30
0.0
 11
98.1621341983
 21
129.5505458743
 31
0.0
  0
LINE
  5
517
330
20C
100
AcDbEntity
  8
2
  6
Continuous
390
DFF
 62
   155
420
  5075865
100
AcDbLine
 10
98.3979692051
 20
129.7863808811
 30
0.0
 11
98.3979692051
 21
124.5195265412
 31
0.0
  0
LINE
  5
518
330
20C
100
AcDbEntity
  8
2
  6
Continuous
390
DFF
 62
   155
420
  5075865
100
AcDbLine
 10
98.3979692051
 20
276.2195264254
 30
0.0
 11
98.3979692051
 21
281.4863807653
 31
0.0
  0
LINE
  5
519
330
20C
100
AcDbEntity
  8
2
  6
Continuous
390
DFF
 62
   155
420
  5075865
100
AcDbLine
 10
99.4147036903
 20
281.4863807691
 30
0.0
 11
99.4147036903
 21
276.2195264254
 31
0.0
  0
LINE
  5
51A
330
20C
100
AcDbEntity
  8
2
  6
Continuous
390
DFF
 62
   155
420
  5075865
100
AcDbLine
 10
99.4147036903
 20
124.5195265373
 30
0.0
 11
99.4147036903
 21
129.7863808811
 31
0.0
  0
LINE
  5
51B
330
20C
100
AcDbEntity
  8
2
  6
Continuous
390
DFF
 62
   155
420
  5075865
100
AcDbLine
 10
99.65053869709999
 20
129.5505458743
 30
0.0
 11
99.65053869709999
 21
124.7553615432
 31
0.0
  0
LINE
  5
51C
330
20C
100
AcDbEntity
  8
2
  6
Continuous
390
DFF
 62
   155
420
  5075865
100
AcDbLine
 10
99.65053869709999
 20
276.4553614321
 30
0.0
 11
99.65053869709999
 21
281.2505457633
 31
0.0
  0
LINE
  5
51D
330
20C
100
AcDbEntity
  8
2
  6
Continuous
390
DFF
 62
   155
420
  5075865
100
AcDbLine
 10
103.5507814224
 20
173.8064244809
 30
0.0
 11
103.5507814224
 21
172.1994828255
 31
0.0
  0
LINE
  5
51E
330
20C
100
AcDbEntity
  8
2
  6
Continuous
390
DFF
 62
   155
420
  5075865
100
AcDbLine
 10
103.5507814224
 20
232.1994828255
 30
0.0
 11
103.5507814224
 21
233.8064244809
 31
0.0
  0
LINE
  5
51F
330
20C
100
AcDbEntity
  8
2
  6
Continuous
390
DFF
 62
   155
420
  5075865
100
AcDbLine
 10
106.005116754
 20
272.6553614325
 30
0.0
 11
106.005116754
 21
272.1933225361
 31
0.0
  0
LINE
  5
520
330
20C
100
AcDbEntity
  8
2
  6
Continuous
390
DFF
 62
   155
420
  5075865
100
AcDbLine
 10
106.005116754
 20
64.8320047314
 30
0.0
 11
106.005116754
 21
69.8320047314
 31
0.0
  0
LINE
  5
521
330
20C
100
AcDbEntity
  8
2
  6
Continuous
390
DFF
 62
   155
420
  5075865
100
AcDbLine
 10
106.005116754
 20
133.3505458739
 30
0.0
 11
106.005116754
 21
133.8125847703
 31
0.0
  0
LINE
  5
522
330
20C
100
AcDbEntity
  8
2
  6
Continuous
390
DFF
 62
   155
420
  5075865
100
AcDbLine
 10
51.9368639526
 20
57.8320047314
 30
0.0
 11
53.1216147353
 21
60.8320047314
 31
0.0
  0
LINE
  5
523
330
20C
100
AcDbEntity
  8
2
  6
Continuous
390
DFF
 62
   155
420
  5075865
100
AcDbLine
 10
62.15395155180001
 20
128.8720163569
 30
0.0
 11
62.2790039081
 21
129.1022907398
 31
0.0
  0
LINE
  5
524
330
20C
100
AcDbEntity
  8
2
  6
Continuous
390
DFF
 62
   155
420
  5075865
100
AcDbLine
 10
154.4468163621
 20
279.7869836711
 30
0.0
 11
153.1555832014
 21
277.7979706758
 31
0.0
  0
LINE
  5
525
330
20C
100
AcDbEntity
  8
2
  6
Continuous
390
DFF
 62
   155
420
  5075865
100
AcDbLine
 10
153.3753700695
 20
277.6552888064
 30
0.0
 11
154.6666032302
 21
279.6443018018
 31
0.0
  0
LINE
  5
526
330
20C
100
AcDbEntity
  8
2
  6
Continuous
390
DFF
 62
   155
420
  5075865
100
AcDbLine
 10
35.6395424966
 20
160.7361597022
 30
0.0
 11
35.3775036002
 21
160.4741208058
 31
0.0
  0
LINE
  5
527
330
20C
100
AcDbEntity
  8
2
  6
Continuous
390
DFF
 62
   155
420
  5075865
100
AcDbLine
 10
156.2513341993
 20
281.3479514049
 30
0.0
 11
156.4366236557
 21
281.5332408613
 31
0.0
  0
LINE
  5
528
330
20C
100
AcDbEntity
  8
2
  6
Continuous
390
DFF
 62
   155
420
  5075865
100
AcDbLine
 10
154.4847415989
 20
280.7551714989
 30
0.0
 11
154.7150159815
 21
280.8802238557
 31
0.0
  0
LINE
  5
529
330
20C
100
AcDbEntity
  8
2
  6
Continuous
390
DFF
 62
   155
420
  5075865
100
AcDbLine
 10
155.8822586548
 20
282.5887225944
 30
0.0
 11
156.1442975512
 21
282.7196522022
 31
0.0
  0
LINE
  5
52A
330
20C
100
AcDbEntity
  8
dim
  6
Continuous
390
DFF
 62
     4
100
AcDbLine
 10
231.3260844825
 20
23.803603275
 30
0.0
 11
466.1218235649
 21
23.803603275
 31
0.0
  0
LINE
  5
52B
330
20C
100
AcDbEntity
  8
dim
  6
Continuous
390
DFF
 62
     4
100
AcDbLine
 10
431.4304646126
 20
28.3675333208
 30
0.0
 11
440.8638164305
 21
28.3675333208
 31
0.0
  0
LINE
  5
52C
330
20C
100
AcDbEntity
  8
dim
  6
Continuous
390
DFF
 62
     4
100
AcDbLine
 10
446.5409902097
 20
28.3675333208
 30
0.0
 11
458.7812420843
 21
28.3675333208
 31
0.0
  0
LINE
  5
52D
330
20C
100
AcDbEntity
  8
dim
  6
Continuous
390
DFF
 62
     4
100
AcDbLine
 10
385.2639862716001
 20
32.9406577493
 30
0.0
 11
466.1218235649
 21
32.9406577493
 31
0.0
  0
LINE
  5
52E
330
20C
100
AcDbEntity
  8
2
  6
Continuous
390
DFF
 62
   155
420
  5075865
100
AcDbLine
 10
39.7473653492
 20
164.1746740547
 30
0.0
 11
39.5529665431
 21
164.3539747993
 31
0.0
  0
LINE
  5
52F
330
20C
100
AcDbEntity
  8
2
  6
Continuous
390
DFF
 62
   155
420
  5075865
100
AcDbLine
 10
41.8063364477
 20
169.0253458987
 30
0.0
 11
44.0671727704
 21
166.9198402425
 31
0.0
  0
LINE
  5
530
330
20C
100
AcDbEntity
  8
2
  6
Continuous
390
DFF
 62
   155
420
  5075865
100
AcDbLine
 10
77.28546397380001
 20
133.3121955052
 30
0.0
 11
79.31568201260001
 21
131.1029511621
 31
0.0
  0
LINE
  5
531
330
20C
100
AcDbEntity
  8
2
  6
Continuous
390
DFF
 62
   155
420
  5075865
100
AcDbLine
 10
55.3096458145
 20
276.4916663
 30
0.0
 11
55.3833702397
 21
276.2402123432
 31
0.0
  0
LINE
  5
532
330
20C
100
AcDbEntity
  8
2
  6
Continuous
390
DFF
 62
   155
420
  5075865
100
AcDbLine
 10
85.10398395350001
 20
232.5029536532
 30
0.0
 11
84.00633644760001
 21
237.533838055
 31
0.0
  0
LINE
  5
533
330
20C
100
AcDbEntity
  8
2
  6
Continuous
390
DFF
 62
   155
420
  5075865
100
AcDbLine
 10
118.8150251905
 20
57.8320047314
 30
0.0
 11
118.496190348
 21
59.3320047314
 31
0.0
  0
LINE
  5
534
330
20C
100
AcDbEntity
  8
2
  6
Continuous
390
DFF
 62
   155
420
  5075865
100
AcDbLine
 10
122.4364949087
 20
62.8320047314
 30
0.0
 11
122.5063364476
 21
60.8320047314
 31
0.0
  0
LINE
  5
535
330
20C
100
AcDbEntity
  8
2
  6
Continuous
390
DFF
 62
   155
420
  5075865
100
AcDbLine
 10
108.9049082996
 20
172.003006061
 30
0.0
 11
108.9049082996
 21
174.0029012454
 31
0.0
  0
LINE
  5
536
330
20C
100
AcDbEntity
  8
2
  6
Continuous
390
DFF
 62
   155
420
  5075865
100
AcDbLine
 10
108.9063364476
 20
234.0029536532
 30
0.0
 11
108.9063364476
 21
232.0029536532
 31
0.0
  0
LINE
  5
537
330
20C
100
AcDbEntity
  8
2
  6
Continuous
390
DFF
 62
   155
420
  5075865
100
AcDbLine
 10
111.9467446534
 20
67.8320047314
 30
0.0
 11
111.9467446534
 21
69.8320047314
 31
0.0
  0
LINE
  5
538
330
20C
100
AcDbEntity
  8
2
  6
Continuous
390
DFF
 62
   155
420
  5075865
100
AcDbLine
 10
112.3563364476
 20
62.3320047314
 30
0.0
 11
112.3563364476
 21
60.8320047314
 31
0.0
  0
LINE
  5
539
330
20C
100
AcDbEntity
  8
2
  6
Continuous
390
DFF
 62
   155
420
  5075865
100
AcDbLine
 10
112.3563364476
 20
59.3320047314
 30
0.0
 11
112.3563364476
 21
57.8320047314
 31
0.0
  0
LINE
  5
53A
330
20C
100
AcDbEntity
  8
2
  6
Continuous
390
DFF
 62
   155
420
  5075865
100
AcDbLine
 10
112.4391963725
 20
57.8320047314
 30
0.0
 11
112.4391963725
 21
59.3320047314
 31
0.0
  0
LINE
  5
53B
330
20C
100
AcDbEntity
  8
2
  6
Continuous
390
DFF
 62
   155
420
  5075865
100
AcDbLine
 10
112.4391963725
 20
60.8320047314
 30
0.0
 11
112.4391963725
 21
62.3320047314
 31
0.0
  0
LINE
  5
53C
330
20C
100
AcDbEntity
  8
2
  6
Continuous
390
DFF
 62
   155
420
  5075865
100
AcDbLine
 10
113.1580049703
 20
59.3320047314
 30
0.0
 11
113.1580049703
 21
57.8320047314
 31
0.0
  0
LINE
  5
53D
330
20C
100
AcDbEntity
  8
2
  6
Continuous
390
DFF
 62
   155
420
  5075865
100
AcDbLine
 10
113.6772076629
 20
59.3320047314
 30
0.0
 11
113.6772076629
 21
62.3320047314
 31
0.0
  0
LINE
  5
53E
330
20C
100
AcDbEntity
  8
2
  6
CENTER
390
DFF
 62
     1
100
AcDbLine
 10
113.9063364476
 20
123.1029536532
 30
0.0
 11
113.9063364476
 21
282.9029536532
 31
0.0
  0
LINE
  5
53F
330
20C
100
AcDbEntity
  8
2
  6
Continuous
390
DFF
 62
   155
420
  5075865
100
AcDbLine
 10
114.1354652324
 20
62.3320047314
 30
0.0
 11
114.1354652324
 21
59.3320047314
 31
0.0
  0
LINE
  5
540
330
20C
100
AcDbEntity
  8
2
  6
Continuous
390
DFF
 62
   155
420
  5075865
100
AcDbLine
 10
114.654667925
 20
57.8320047314
 30
0.0
 11
114.654667925
 21
59.3320047314
 31
0.0
  0
LINE
  5
541
330
20C
100
AcDbEntity
  8
2
  6
Continuous
390
DFF
 62
   155
420
  5075865
100
AcDbLine
 10
115.3734765228
 20
62.3320047314
 30
0.0
 11
115.3734765228
 21
60.8320047314
 31
0.0
  0
LINE
  5
542
330
20C
100
AcDbEntity
  8
2
  6
Continuous
390
DFF
 62
   155
420
  5075865
100
AcDbLine
 10
115.3734765228
 20
59.3320047314
 30
0.0
 11
115.3734765228
 21
57.8320047314
 31
0.0
  0
LINE
  5
543
330
20C
100
AcDbEntity
  8
2
  6
Continuous
390
DFF
 62
   155
420
  5075865
100
AcDbLine
 10
115.4563364476
 20
57.8320047314
 30
0.0
 11
115.4563364476
 21
59.3320047314
 31
0.0
  0
LINE
  5
544
330
20C
100
AcDbEntity
  8
2
  6
Continuous
390
DFF
 62
   155
420
  5075865
100
AcDbLine
 10
115.4563364476
 20
60.8320047314
 30
0.0
 11
115.4563364476
 21
62.3320047314
 31
0.0
  0
LINE
  5
545
330
20C
100
AcDbEntity
  8
2
  6
Continuous
390
DFF
 62
   155
420
  5075865
100
AcDbLine
 10
115.8659282419
 20
69.8320047314
 30
0.0
 11
115.8659282419
 21
67.8320047314
 31
0.0
  0
LINE
  5
546
330
20C
100
AcDbEntity
  8
dim
  6
Continuous
390
DFF
 62
    84
420
  2529536
100
AcDbLine
 10
117.9327477792
 20
333.1845525843
 30
0.0
 11
117.9327477792
 21
327.5753850324
 31
0.0
  0
LINE
  5
547
330
20C
100
AcDbEntity
  8
dim
  6
Continuous
390
DFF
 62
    84
420
  2529536
100
AcDbLine
 10
117.9327477792
 20
0.0
 30
0.0
 11
117.9327477792
 21
5.609167551900001
 31
0.0
  0
LINE
  5
548
330
20C
100
AcDbEntity
  8
2
  6
Continuous
390
DFF
 62
   155
420
  5075865
100
AcDbLine
 10
118.9063364476
 20
232.0029536532
 30
0.0
 11
118.9063364476
 21
234.0029536532
 31
0.0
  0
LINE
  5
549
330
20C
100
AcDbEntity
  8
2
  6
Continuous
390
DFF
 62
   155
420
  5075865
100
AcDbLine
 10
118.9077645956
 20
174.0029012454
 30
0.0
 11
118.9077645956
 21
172.003006061
 31
0.0
  0
LINE
  5
54A
330
20C
100
AcDbEntity
  8
2
  6
Continuous
390
DFF
 62
   155
420
  5075865
100
AcDbLine
 10
121.7353173898
 20
133.8125847703
 30
0.0
 11
121.7353173898
 21
133.3505458739
 31
0.0
  0
LINE
  5
54B
330
20C
100
AcDbEntity
  8
2
  6
Continuous
390
DFF
 62
   155
420
  5075865
100
AcDbLine
 10
121.7353173898
 20
69.8320047314
 30
0.0
 11
121.7353173898
 21
64.8320047314
 31
0.0
  0
LINE
  5
54C
330
20C
100
AcDbEntity
  8
2
  6
Continuous
390
DFF
 62
   155
420
  5075865
100
AcDbLine
 10
121.7353173898
 20
272.1933225361
 30
0.0
 11
121.7353173898
 21
272.6553614325
 31
0.0
  0
LINE
  5
54D
330
20C
100
AcDbEntity
  8
2
  6
Continuous
390
DFF
 62
   155
420
  5075865
100
AcDbLine
 10
105.3761779866
 20
62.8320047314
 30
0.0
 11
105.3063364476
 21
60.8320047314
 31
0.0
  0
LINE
  5
54E
330
20C
100
AcDbEntity
  8
2
  6
Continuous
390
DFF
 62
   155
420
  5075865
100
AcDbLine
 10
118.9063364476
 20
59.3320047314
 30
0.0
 11
119.0285591409
 21
62.8320047314
 31
0.0
  0
LINE
  5
54F
330
20C
100
AcDbEntity
  8
2
  6
Continuous
390
DFF
 62
   155
420
  5075865
100
AcDbLine
 10
52.8743186148
 20
57.8320047314
 30
0.0
 11
54.1348932522
 21
60.8320047314
 31
0.0
  0
LINE
  5
550
330
20C
100
AcDbEntity
  8
2
  6
Continuous
390
DFF
 62
   155
420
  5075865
100
AcDbLine
 10
165.5336689872
 20
276.9036165667
 30
0.0
 11
165.6587213435
 21
277.1338909495
 31
0.0
  0
LINE
  5
551
330
20C
100
AcDbEntity
  8
2
  6
Continuous
390
DFF
 62
   155
420
  5075865
100
AcDbLine
 10
74.4373028257
 20
128.3506185
 30
0.0
 11
73.1460696651
 21
126.3616055047
 31
0.0
  0
LINE
  5
552
330
20C
100
AcDbEntity
  8
2
  6
Continuous
390
DFF
 62
   155
420
  5075865
100
AcDbLine
 10
73.3658565332
 20
126.2189236353
 30
0.0
 11
74.6570896938
 21
128.2079366306
 31
0.0
  0
LINE
  5
553
330
20C
100
AcDbEntity
  8
2
  6
Continuous
390
DFF
 62
   155
420
  5075865
100
AcDbLine
 10
167.823223037
 20
272.8421173305
 30
0.0
 11
169.909387114
 21
275.1029536532
 31
0.0
  0
LINE
  5
554
330
20C
100
AcDbEntity
  8
2
  6
Continuous
390
DFF
 62
   155
420
  5075865
100
AcDbLine
 10
47.6570434687
 20
134.291413774
 30
0.0
 11
47.8021050951
 21
134.4474132011
 31
0.0
  0
LINE
  5
555
330
20C
100
AcDbEntity
  8
2
  6
Continuous
390
DFF
 62
   155
420
  5075865
100
AcDbLine
 10
36.220021476
 20
143.5113208959
 30
0.0
 11
36.4558564818
 21
143.7471559026
 31
0.0
  0
LINE
  5
556
330
20C
100
AcDbEntity
  8
2
  6
Continuous
390
DFF
 62
   155
420
  5075865
100
AcDbLine
 10
175.6621341982
 20
281.2505459247
 30
0.0
 11
175.897969205
 21
281.4863809306
 31
0.0
  0
LINE
  5
557
330
20C
100
AcDbEntity
  8
2
  6
Continuous
390
DFF
 62
   155
420
  5075865
100
AcDbLine
 10
177.150538697
 20
273.7046219264
 30
0.0
 11
176.9170997354
 21
273.5770335024
 31
0.0
  0
LINE
  5
558
330
20C
100
AcDbEntity
  8
2
  6
Continuous
390
DFF
 62
   155
420
  5075865
100
AcDbLine
 10
193.8063364476
 20
282.9029536532
 30
0.0
 11
192.7564724853
 21
282.5887225944
 31
0.0
  0
LINE
  5
559
330
20C
100
AcDbEntity
  8
dim
  6
Continuous
390
DFF
 62
    84
420
  2529536
100
AcDbLine
 10
471.7309911169
 20
41.648069073
 30
0.0
 11
466.1218235649
 21
41.648069073
 31
0.0
  0
LINE
  5
55A
330
20C
100
AcDbEntity
  8
dim
  6
Continuous
390
DFF
 62
    84
420
  2529536
100
AcDbLine
 10
0.0
 20
41.648069073
 30
0.0
 11
5.609167551900001
 21
41.648069073
 31
0.0
  0
LINE
  5
55B
330
20C
100
AcDbEntity
  8
dim
  6
Continuous
390
DFF
 62
     4
100
AcDbLine
 10
231.3260813243
 20
42.0777122236
 30
0.0
 11
466.1218235649
 21
42.0777122236
 31
0.0
  0
LINE
  5
55C
330
20C
100
AcDbEntity
  8
dim
  6
Continuous
390
DFF
 62
     4
100
AcDbLine
 10
231.326080533
 20
51.21477012729999
 30
0.0
 11
466.1218235649
 21
51.21476669779999
 31
0.0
  0
LINE
  5
55D
330
20C
100
AcDbEntity
  8
dim
  6
Continuous
390
DFF
 62
     4
100
AcDbLine
 10
448.1669061689
 20
26.2563319803
 30
0.0
 11
457.161659186
 21
25.3415368903
 31
0.0
  0
LINE
  5
55E
330
20C
100
AcDbEntity
  8
2
  6
Continuous
390
DFF
 62
   155
420
  5075865
100
AcDbLine
 10
36.1938176627
 20
123.417184712
 30
0.0
 11
36.2724293317
 21
123.3779058297
 31
0.0
  0
LINE
  5
55F
330
20C
100
AcDbEntity
  8
2
  6
Continuous
390
DFF
 62
   155
420
  5075865
100
AcDbLine
 10
66.1442975512
 20
123.2862551042
 30
0.0
 11
65.8822586548
 21
123.417184712
 31
0.0
  0
LINE
  5
560
330
20C
100
AcDbEntity
  8
2
  6
Continuous
390
DFF
 62
   155
420
  5075865
100
AcDbLine
 10
64.4847415989
 20
125.2507358075
 30
0.0
 11
64.7150159815
 21
125.1256834508
 31
0.0
  0
LINE
  5
561
330
20C
100
AcDbEntity
  8
2
  6
Continuous
390
DFF
 62
   155
420
  5075865
100
AcDbLine
 10
41.0638605286
 20
143.5471095079
 30
0.0
 11
41.1293402654
 21
143.5113208959
 31
0.0
  0
LINE
  5
562
330
20C
100
AcDbEntity
  8
2
  6
Continuous
390
DFF
 62
   155
420
  5075865
100
AcDbLine
 10
34.6697494619
 20
155.210369121
 30
0.0
 11
34.6187570923
 21
155.2409147568
 31
0.0
  0
LINE
  5
563
330
20C
100
AcDbEntity
  8
2
  6
Continuous
390
DFF
 62
   155
420
  5075865
100
AcDbLine
 10
54.2616152401
 20
129.9921016261
 30
0.0
 11
52.1505386971
 21
131.3464256522
 31
0.0
  0
LINE
  5
564
330
20C
100
AcDbEntity
  8
2
  6
Continuous
390
DFF
 62
   155
420
  5075865
100
AcDbLine
 10
50.6621341983
 20
132.30128538
 30
0.0
 11
47.6412662804
 21
134.2392700611
 31
0.0
  0
LINE
  5
565
330
20C
100
AcDbEntity
  8
2
  6
Continuous
390
DFF
 62
   155
420
  5075865
100
AcDbLine
 10
50.9000105404
 20
132.428873804
 30
0.0
 11
51.91470369029999
 21
131.7779152603
 31
0.0
  0
LINE
  5
566
330
20C
100
AcDbEntity
  8
2
  6
Continuous
390
DFF
 62
   155
420
  5075865
100
AcDbLine
 10
54.4031079626
 20
130.2126559113
 30
0.0
 11
47.8021050951
 21
134.4474132011
 31
0.0
  0
LINE
  5
567
330
20C
100
AcDbEntity
  8
2
  6
Continuous
390
DFF
 62
   155
420
  5075865
100
AcDbLine
 10
54.97647845220001
 20
131.3778977756
 30
0.0
 11
49.1053253954
 21
135.1444327562
 31
0.0
  0
LINE
  5
568
330
20C
100
AcDbEntity
  8
2
  6
Continuous
390
DFF
 62
   155
420
  5075865
100
AcDbLine
 10
38.4558258755
 20
152.6777355894
 30
0.0
 11
37.9905726271
 21
152.9797700275
 31
0.0
  0
LINE
  5
569
330
20C
100
AcDbEntity
  8
2
  6
Continuous
390
DFF
 62
   155
420
  5075865
100
AcDbLine
 10
38.5985077449
 20
152.8975224575
 30
0.0
 11
37.7285337288
 21
153.4622946843
 31
0.0
  0
LINE
  5
56A
330
20C
100
AcDbEntity
  8
2
  6
Continuous
390
DFF
 62
   155
420
  5075865
100
AcDbLine
 10
156.0604596513
 20
69.8320047314
 30
0.0
 11
156.6563364476
 21
69.3320047314
 31
0.0
  0
LINE
  5
56B
330
20C
100
AcDbEntity
  8
2
  6
Continuous
390
DFF
 62
   155
420
  5075865
100
AcDbLine
 10
98.3979692051
 20
124.5195265412
 30
0.0
 11
98.1621341983
 21
124.7553615488
 31
0.0
  0
LINE
  5
56C
330
20C
100
AcDbEntity
  8
2
  6
Continuous
390
DFF
 62
   155
420
  5075865
100
AcDbLine
 10
36.2200215353
 20
187.4945864107
 30
0.0
 11
36.4558565421
 21
187.2587514039
 31
0.0
  0
LINE
  5
56D
330
20C
100
AcDbEntity
  8
2
  6
Continuous
390
DFF
 62
   155
420
  5075865
100
AcDbLine
 10
40.4897636752
 20
188.5113208959
 30
0.0
 11
40.2539286685
 21
188.7471559026
 31
0.0
  0
LINE
  5
56E
330
20C
100
AcDbEntity
  8
2
  6
Continuous
390
DFF
 62
   155
420
  5075865
100
AcDbLine
 10
99.4147036903
 20
129.7863808811
 30
0.0
 11
99.65053869709999
 21
129.5505458743
 31
0.0
  0
LINE
  5
56F
330
20C
100
AcDbEntity
  8
2
  6
Continuous
390
DFF
 62
   155
420
  5075865
100
AcDbLine
 10
41.7816083917
 20
263.5113208958
 30
0.0
 11
41.6527103849
 21
263.7471559025
 31
0.0
  0
LINE
  5
570
330
20C
100
AcDbEntity
  8
2
  6
Continuous
390
DFF
 62
   155
420
  5075865
100
AcDbLine
 10
96.1332988611
 20
276.9224667779
 30
0.0
 11
95.50477837379999
 21
279.9224667755
 31
0.0
  0
LINE
  5
571
330
20C
100
AcDbEntity
  8
2
  6
Continuous
390
DFF
 62
   155
420
  5075865
100
AcDbLine
 10
95.34601714770001
 20
279.5725927195
 30
0.0
 11
95.6478809666
 21
278.1013080858
 31
0.0
  0
LINE
  5
572
330
20C
100
AcDbEntity
  8
2
  6
Continuous
390
DFF
 62
   155
420
  5075865
100
AcDbLine
 10
95.719649742
 20
277.7589907058
 30
0.0
 11
95.88885006700001
 21
276.9224667769
 31
0.0
  0
LINE
  5
573
330
20C
100
AcDbEntity
  8
2
  6
Continuous
390
DFF
 62
   155
420
  5075865
100
AcDbLine
 10
124.2618914729
 20
233.8064244809
 30
0.0
 11
124.2618914729
 21
232.1994828255
 31
0.0
  0
LINE
  5
574
330
20C
100
AcDbEntity
  8
2
  6
Continuous
390
DFF
 62
   155
420
  5075865
100
AcDbLine
 10
124.2618914729
 20
172.1994828255
 30
0.0
 11
124.2618914729
 21
173.8064244809
 31
0.0
  0
LINE
  5
575
330
20C
100
AcDbEntity
  8
2
  6
Continuous
390
DFF
 62
   155
420
  5075865
100
AcDbLine
 10
128.1621341982
 20
129.5505458743
 30
0.0
 11
128.1621341982
 21
124.7553614348
 31
0.0
  0
LINE
  5
576
330
20C
100
AcDbEntity
  8
2
  6
Continuous
390
DFF
 62
   155
420
  5075865
100
AcDbLine
 10
128.1621341982
 20
276.4553614321
 30
0.0
 11
128.1621341982
 21
281.2505457633
 31
0.0
  0
LINE
  5
577
330
20C
100
AcDbEntity
  8
2
  6
Continuous
390
DFF
 62
   155
420
  5075865
100
AcDbLine
 10
128.397969205
 20
281.4863807691
 30
0.0
 11
128.397969205
 21
276.2195264254
 31
0.0
  0
LINE
  5
578
330
20C
100
AcDbEntity
  8
2
  6
Continuous
390
DFF
 62
   155
420
  5075865
100
AcDbLine
 10
128.397969205
 20
124.5195265373
 30
0.0
 11
128.397969205
 21
129.7863808811
 31
0.0
  0
LINE
  5
579
330
20C
100
AcDbEntity
  8
2
  6
Continuous
390
DFF
 62
   155
420
  5075865
100
AcDbLine
 10
129.4147036902
 20
129.7863808811
 30
0.0
 11
129.4147036902
 21
124.5195265412
 31
0.0
  0
LINE
  5
57A
330
20C
100
AcDbEntity
  8
2
  6
Continuous
390
DFF
 62
   155
420
  5075865
100
AcDbLine
 10
129.4147036902
 20
276.2195264254
 30
0.0
 11
129.4147036902
 21
281.4863807653
 31
0.0
  0
LINE
  5
57B
330
20C
100
AcDbEntity
  8
2
  6
Continuous
390
DFF
 62
   155
420
  5075865
100
AcDbLine
 10
129.650538697
 20
281.2505457576
 30
0.0
 11
129.650538697
 21
276.4553614322
 31
0.0
  0
LINE
  5
57C
330
20C
100
AcDbEntity
  8
2
  6
Continuous
390
DFF
 62
   155
420
  5075865
100
AcDbLine
 10
129.650538697
 20
124.7553615488
 30
0.0
 11
129.650538697
 21
129.5505458743
 31
0.0
  0
LINE
  5
57D
330
20C
100
AcDbEntity
  8
2
  6
Continuous
390
DFF
 62
   155
420
  5075865
100
AcDbLine
 10
137.4063364476
 20
73.3320047314
 30
0.0
 11
137.4063364476
 21
69.8319969189
 31
0.0
  0
LINE
  5
57E
330
20C
100
AcDbEntity
  8
2
  6
Continuous
390
DFF
 62
   155
420
  5075865
100
AcDbLine
 10
138.3093215223
 20
276.2467732561
 30
0.0
 11
138.3093215223
 21
276.6268820058
 31
0.0
  0
LINE
  5
57F
330
20C
100
AcDbEntity
  8
2
  6
Continuous
390
DFF
 62
   155
420
  5075865
100
AcDbLine
 10
108.9976477047
 20
57.8320047314
 30
0.0
 11
109.3164825472
 21
59.3320047314
 31
0.0
  0
LINE
  5
580
330
20C
100
AcDbEntity
  8
2
  6
Continuous
390
DFF
 62
   155
420
  5075865
100
AcDbLine
 10
143.8063364476
 20
237.533838055
 30
0.0
 11
142.7086889418
 21
232.5029536532
 31
0.0
  0
LINE
  5
581
330
20C
100
AcDbEntity
  8
2
  6
Continuous
390
DFF
 62
   155
420
  5075865
100
AcDbLine
 10
57.9032857813
 20
130.9029536532
 30
0.0
 11
59.9894498583
 21
133.163789976
 31
0.0
  0
LINE
  5
582
330
20C
100
AcDbEntity
  8
2
  6
Continuous
390
DFF
 62
   155
420
  5075865
100
AcDbLine
 10
180.1556294266
 20
271.7144935325
 30
0.0
 11
180.0105678002
 21
271.5584941053
 31
0.0
  0
LINE
  5
583
330
20C
100
AcDbEntity
  8
2
  6
Continuous
390
DFF
 62
   155
420
  5075865
100
AcDbLine
 10
191.3568163413
 20
281.2505458651
 30
0.0
 11
191.5402435681
 21
281.4339730919
 31
0.0
  0
LINE
  5
584
330
20C
100
AcDbEntity
  8
2
  6
Continuous
390
DFF
 62
   155
420
  5075865
100
AcDbLine
 10
142.6559933611
 20
232.0029536532
 30
0.0
 11
142.8525225334
 21
232.1994828255
 31
0.0
  0
LINE
  5
585
330
20C
100
AcDbEntity
  8
2
  6
Continuous
390
DFF
 62
   155
420
  5075865
100
AcDbLine
 10
144.9063364476
 20
234.0029536532
 30
0.0
 11
144.7098072753
 21
233.8064244809
 31
0.0
  0
LINE
  5
586
330
20C
100
AcDbEntity
  8
2
  6
Continuous
390
DFF
 62
   155
420
  5075865
100
AcDbLine
 10
82.9063364476
 20
172.0029536532
 30
0.0
 11
83.10286562
 21
172.1994828255
 31
0.0
  0
LINE
  5
587
330
20C
100
AcDbEntity
  8
2
  6
Continuous
390
DFF
 62
   155
420
  5075865
100
AcDbLine
 10
85.15667953409999
 20
174.0029536532
 30
0.0
 11
84.9601503618
 21
173.8064244809
 31
0.0
  0
LINE
  5
588
330
20C
100
AcDbEntity
  8
2
  6
Continuous
390
DFF
 62
   155
420
  5075865
100
AcDbLine
 10
36.455856554
 20
124.7553614413
 30
0.0
 11
36.2724293272
 21
124.5719342145
 31
0.0
  0
LINE
  5
589
330
20C
100
AcDbEntity
  8
2
  6
Continuous
390
DFF
 62
   155
420
  5075865
100
AcDbLine
 10
52.1505386971
 20
124.7553613817
 30
0.0
 11
51.91470369029999
 21
124.5195263758
 31
0.0
  0
LINE
  5
58A
330
20C
100
AcDbEntity
  8
2
  6
Continuous
390
DFF
 62
   155
420
  5075865
100
AcDbLine
 10
191.5926514193
 20
262.4945864106
 30
0.0
 11
191.3568164134
 21
262.2587514038
 31
0.0
  0
LINE
  5
58B
330
20C
100
AcDbEntity
  8
2
  6
Continuous
390
DFF
 62
   155
420
  5075865
100
AcDbLine
 10
185.9335550649
 20
264.0030153913
 30
0.0
 11
185.7612240763
 21
263.8834108755
 31
0.0
  0
LINE
  5
58C
330
20C
100
AcDbEntity
  8
2
  6
Continuous
390
DFF
 62
   155
420
  5075865
100
AcDbLine
 10
34.6187570923
 20
160.7649925496
 30
0.0
 11
34.7583090242
 21
160.8485874583
 31
0.0
  0
LINE
  5
58D
330
20C
100
AcDbEntity
  8
2
  6
Continuous
390
DFF
 62
   155
420
  5075865
100
AcDbLine
 10
187.8069993611
 20
254.6302861928
 30
0.0
 11
188.037273744
 21
254.7553385491
 31
0.0
  0
LINE
  5
58E
330
20C
100
AcDbEntity
  8
2
  6
Continuous
390
DFF
 62
   155
420
  5075865
100
AcDbLine
 10
187.1435951377
 20
261.4450615299
 30
0.0
 11
187.3950490944
 21
261.5187859551
 31
0.0
  0
LINE
  5
58F
330
20C
100
AcDbEntity
  8
0
  6
Continuous
390
DFF
 62
     4
100
AcDbLine
 10
591.2679970857
 20
56.0656233098
 30
0.0
 11
513.1764552765001
 21
56.0656233098
 31
0.0
  0
LINE
  5
590
330
20C
100
AcDbEntity
  8
2
  6
Continuous
390
DFF
 62
   155
420
  5075865
100
AcDbLine
 10
191.6925364476
 20
57.33449229350001
 30
0.0
 11
191.0925364476
 21
57.33449229350001
 31
0.0
  0
LINE
  5
591
330
20C
100
AcDbEntity
  8
2
  6
Continuous
390
DFF
 62
   155
420
  5075865
100
AcDbLine
 10
193.8063364476
 20
57.8320047314
 30
0.0
 11
191.6925574504
 21
57.8320047314
 31
0.0
  0
LINE
  5
592
330
20C
100
AcDbEntity
  8
2
  6
Continuous
390
DFF
 62
   155
420
  5075865
100
AcDbLine
 10
34.0063364476
 20
57.8320047314
 30
0.0
 11
36.1201742411
 21
57.8320047314
 31
0.0
  0
LINE
  5
593
330
20C
100
AcDbEntity
  8
2
  6
Continuous
390
DFF
 62
   155
420
  5075865
100
AcDbLine
 10
36.7200986542
 20
57.8320047314
 30
0.0
 11
45.8063364476
 21
57.8320047314
 31
0.0
  0
LINE
  5
594
330
20C
100
AcDbEntity
  8
2
  6
Continuous
390
DFF
 62
   155
420
  5075865
100
AcDbLine
 10
45.8285403207
 20
57.8320047314
 30
0.0
 11
47.9991005197
 21
57.8320047314
 31
0.0
  0
LINE
  5
595
330
20C
100
AcDbEntity
  8
2
  6
Continuous
390
DFF
 62
   155
420
  5075865
100
AcDbLine
 10
48.0335125592
 20
57.8320047314
 30
0.0
 11
52.8743186148
 21
57.8320047314
 31
0.0
  0
LINE
  5
596
330
20C
100
AcDbEntity
  8
2
  6
Continuous
390
DFF
 62
   155
420
  5075865
100
AcDbLine
 10
52.8762071539
 20
57.8320047314
 30
0.0
 11
174.9360533545
 21
57.8320047314
 31
0.0
  0
LINE
  5
597
330
20C
100
AcDbEntity
  8
2
  6
Continuous
390
DFF
 62
   155
420
  5075865
100
AcDbLine
 10
179.8343978836
 20
57.8320047314
 30
0.0
 11
185.1449099341
 21
57.8320047314
 31
0.0
  0
LINE
  5
598
330
20C
100
AcDbEntity
  8
2
  6
Continuous
390
DFF
 62
   155
420
  5075865
100
AcDbLine
 10
174.9383542805
 20
57.8320047314
 30
0.0
 11
179.8320258763
 21
57.8320047314
 31
0.0
  0
LINE
  5
599
330
20C
100
AcDbEntity
  8
2
  6
Continuous
390
DFF
 62
   155
420
  5075865
100
AcDbLine
 10
185.1841186768
 20
57.8320047314
 30
0.0
 11
191.0925567039
 21
57.8320047314
 31
0.0
  0
LINE
  5
59A
330
20C
100
AcDbEntity
  8
2
  6
Continuous
390
DFF
 62
   155
420
  5075865
100
AcDbLine
 10
35.4273606407
 20
58.0320047314
 30
0.0
 11
37.4129122546
 21
58.0320047314
 31
0.0
  0
LINE
  5
59B
330
20C
100
AcDbEntity
  8
2
  6
Continuous
390
DFF
 62
   155
420
  5075865
100
AcDbLine
 10
190.4133325418
 20
58.0320047314
 30
0.0
 11
192.3853122546
 21
58.0320047314
 31
0.0
  0
LINE
  5
59C
330
20C
100
AcDbEntity
  8
2
  6
Continuous
390
DFF
 62
   155
420
  5075865
100
AcDbLine
 10
187.7563364476
 20
59.3320047314
 30
0.0
 11
184.0563364476
 21
59.3320047314
 31
0.0
  0
LINE
  5
59D
330
20C
100
AcDbEntity
  8
2
  6
Continuous
390
DFF
 62
   155
420
  5075865
100
AcDbLine
 10
36.4063364476
 20
59.3320047314
 30
0.0
 11
39.9391963725
 21
59.3320047314
 31
0.0
  0
LINE
  5
59E
330
20C
100
AcDbEntity
  8
2
  6
Continuous
390
DFF
 62
   155
420
  5075865
100
AcDbLine
 10
40.6580049703
 20
59.3320047314
 30
0.0
 11
42.154667925
 21
59.3320047314
 31
0.0
  0
LINE
  5
59F
330
20C
100
AcDbEntity
  8
2
  6
Continuous
390
DFF
 62
   155
420
  5075865
100
AcDbLine
 10
42.8734765228
 20
59.3320047314
 30
0.0
 11
46.4063364355
 21
59.3320047314
 31
0.0
  0
LINE
  5
5A0
330
20C
100
AcDbEntity
  8
2
  6
Continuous
390
DFF
 62
   155
420
  5075865
100
AcDbLine
 10
108.9063364476
 20
59.3320047314
 30
0.0
 11
112.4391963725
 21
59.3320047314
 31
0.0
  0
LINE
  5
5A1
330
20C
100
AcDbEntity
  8
2
  6
Continuous
390
DFF
 62
   155
420
  5075865
100
AcDbLine
 10
113.1580049703
 20
59.3320047314
 30
0.0
 11
114.654667925
 21
59.3320047314
 31
0.0
  0
LINE
  5
5A2
330
20C
100
AcDbEntity
  8
2
  6
Continuous
390
DFF
 62
   155
420
  5075865
100
AcDbLine
 10
115.3734765228
 20
59.3320047314
 30
0.0
 11
118.9063364476
 21
59.3320047314
 31
0.0
  0
LINE
  5
5A3
330
20C
100
AcDbEntity
  8
2
  6
Continuous
390
DFF
 62
   155
420
  5075865
100
AcDbLine
 10
187.7564505663
 20
59.3320047314
 30
0.0
 11
191.4063364476
 21
59.3320047314
 31
0.0
  0
LINE
  5
5A4
330
20C
100
AcDbEntity
  8
2
  6
Continuous
390
DFF
 62
   155
420
  5075865
100
AcDbLine
 10
185.0563364476
 20
59.8320047314
 30
0.0
 11
186.7563364476
 21
59.8320047314
 31
0.0
  0
LINE
  5
5A5
330
20C
100
AcDbEntity
  8
dim
  6
Continuous
390
DFF
 62
     4
100
AcDbLine
 10
385.2639862716001
 20
60.3518211721
 30
0.0
 11
466.1218235649
 21
60.3518211721
 31
0.0
  0
LINE
  5
5A6
330
20C
100
AcDbEntity
  8
2
  6
Continuous
390
DFF
 62
   155
420
  5075865
100
AcDbLine
 10
124.5098500793
 20
60.8320047314
 30
0.0
 11
121.7353173898
 21
60.8320047314
 31
0.0
  0
LINE
  5
5A7
330
20C
100
AcDbEntity
  8
2
  6
Continuous
390
DFF
 62
   155
420
  5075865
100
AcDbLine
 10
37.437709481
 20
60.8320047314
 30
0.0
 11
39.9391963725
 21
60.8320047314
 31
0.0
  0
LINE
  5
5A8
330
20C
100
AcDbEntity
  8
2
  6
Continuous
390
DFF
 62
   155
420
  5075865
100
AcDbLine
 10
42.8734765228
 20
60.8320047314
 30
0.0
 11
45.3749634142
 21
60.8320047314
 31
0.0
  0
LINE
  5
5A9
330
20C
100
AcDbEntity
  8
2
  6
Continuous
390
DFF
 62
   155
420
  5075865
100
AcDbLine
 10
46.4520221701
 20
60.8320047314
 30
0.0
 11
47.5453754039
 21
60.8320047314
 31
0.0
  0
LINE
  5
5AA
330
20C
100
AcDbEntity
  8
2
  6
Continuous
390
DFF
 62
   155
420
  5075865
100
AcDbLine
 10
53.1216147353
 20
60.8320047314
 30
0.0
 11
72.2288408644
 21
60.8320047314
 31
0.0
  0
LINE
  5
5AB
330
20C
100
AcDbEntity
  8
2
  6
Continuous
390
DFF
 62
   155
420
  5075865
100
AcDbLine
 10
72.22898599279999
 20
60.8320047314
 30
0.0
 11
103.302760452
 21
60.8320047314
 31
0.0
  0
LINE
  5
5AC
330
20C
100
AcDbEntity
  8
2
  6
Continuous
390
DFF
 62
   155
420
  5075865
100
AcDbLine
 10
103.302822816
 20
60.8320047314
 30
0.0
 11
106.0773555054
 21
60.8320047314
 31
0.0
  0
LINE
  5
5AD
330
20C
100
AcDbEntity
  8
2
  6
Continuous
390
DFF
 62
   155
420
  5075865
100
AcDbLine
 10
109.937709481
 20
60.8320047314
 30
0.0
 11
112.4391963725
 21
60.8320047314
 31
0.0
  0
LINE
  5
5AE
330
20C
100
AcDbEntity
  8
2
  6
Continuous
390
DFF
 62
   155
420
  5075865
100
AcDbLine
 10
115.3734765228
 20
60.8320047314
 30
0.0
 11
117.8749634142
 21
60.8320047314
 31
0.0
  0
LINE
  5
5AF
330
20C
100
AcDbEntity
  8
2
  6
Continuous
390
DFF
 62
   155
420
  5075865
100
AcDbLine
 10
124.5099124433
 20
60.8320047314
 30
0.0
 11
155.5836869025
 21
60.8320047314
 31
0.0
  0
LINE
  5
5B0
330
20C
100
AcDbEntity
  8
2
  6
Continuous
390
DFF
 62
   155
420
  5075865
100
AcDbLine
 10
155.5838320309
 20
60.8320047314
 30
0.0
 11
179.8339625023
 21
60.8320047314
 31
0.0
  0
LINE
  5
5B1
330
20C
100
AcDbEntity
  8
2
  6
Continuous
390
DFF
 62
   155
420
  5075865
100
AcDbLine
 10
190.4063364449
 20
62.3320047314
 30
0.0
 11
187.7563845763
 21
62.3320047314
 31
0.0
  0
LINE
  5
5B2
330
20C
100
AcDbEntity
  8
2
  6
Continuous
390
DFF
 62
   155
420
  5075865
100
AcDbLine
 10
162.4063364476
 20
62.3320047314
 30
0.0
 11
155.4063364476
 21
62.3320047314
 31
0.0
  0
LINE
  5
5B3
330
20C
100
AcDbEntity
  8
2
  6
Continuous
390
DFF
 62
   155
420
  5075865
100
AcDbLine
 10
72.4063364476
 20
62.3320047314
 30
0.0
 11
65.4063364476
 21
62.3320047314
 31
0.0
  0
LINE
  5
5B4
330
20C
100
AcDbEntity
  8
2
  6
Continuous
390
DFF
 62
   155
420
  5075865
100
AcDbLine
 10
39.8563364476
 20
62.3320047314
 30
0.0
 11
42.9563364476
 21
62.3320047314
 31
0.0
  0
LINE
  5
5B5
330
20C
100
AcDbEntity
  8
2
  6
Continuous
390
DFF
 62
   155
420
  5075865
100
AcDbLine
 10
112.3563364476
 20
62.3320047314
 30
0.0
 11
115.4563364476
 21
62.3320047314
 31
0.0
  0
LINE
  5
5B6
330
20C
100
AcDbEntity
  8
2
  6
Continuous
390
DFF
 62
   155
420
  5075865
100
AcDbLine
 10
35.5209402951
 20
62.8320047314
 30
0.0
 11
36.3085756334
 21
62.8320047314
 31
0.0
  0
LINE
  5
5B7
330
20C
100
AcDbEntity
  8
2
  6
Continuous
390
DFF
 62
   155
420
  5075865
100
AcDbLine
 10
46.50409726189999
 20
62.8320047314
 30
0.0
 11
54.4124689469
 21
62.8320047314
 31
0.0
  0
LINE
  5
5B8
330
20C
100
AcDbEntity
  8
2
  6
Continuous
390
DFF
 62
   155
420
  5075865
100
AcDbLine
 10
103.4651181211
 20
62.8320047314
 30
0.0
 11
108.8085756334
 21
62.8320047314
 31
0.0
  0
LINE
  5
5B9
330
20C
100
AcDbEntity
  8
2
  6
Continuous
390
DFF
 62
   155
420
  5075865
100
AcDbLine
 10
119.0040972619
 20
62.8320047314
 30
0.0
 11
124.3475547741
 21
62.8320047314
 31
0.0
  0
LINE
  5
5BA
330
20C
100
AcDbEntity
  8
2
  6
Continuous
390
DFF
 62
   155
420
  5075865
100
AcDbLine
 10
178.6563364476
 20
62.8320047314
 30
0.0
 11
179.8343978836
 21
62.8320047314
 31
0.0
  0
LINE
  5
5BB
330
20C
100
AcDbEntity
  8
2
  6
Continuous
390
DFF
 62
   155
420
  5075865
100
AcDbLine
 10
181.9336847248
 20
62.8320047314
 30
0.0
 11
184.0563364476
 21
62.8320047314
 31
0.0
  0
LINE
  5
5BC
330
20C
100
AcDbEntity
  8
2
  6
Continuous
390
DFF
 62
   155
420
  5075865
100
AcDbLine
 10
187.7563364476
 20
62.8320047314
 30
0.0
 11
192.2917326002
 21
62.8320047314
 31
0.0
  0
LINE
  5
5BD
330
20C
100
AcDbEntity
  8
2
  6
Continuous
390
DFF
 62
   155
420
  5075865
100
AcDbLine
 10
71.4063364476
 20
63.3320047314
 30
0.0
 11
66.4063364476
 21
63.3320047314
 31
0.0
  0
LINE
  5
5BE
330
20C
100
AcDbEntity
  8
2
  6
Continuous
390
DFF
 62
   155
420
  5075865
100
AcDbLine
 10
160.0563364476
 20
63.8320047314
 30
0.0
 11
157.7563364476
 21
63.8320047314
 31
0.0
  0
LINE
  5
5BF
330
20C
100
AcDbEntity
  8
2
  6
Continuous
390
DFF
 62
   155
420
  5075865
100
AcDbLine
 10
172.4062114476
 20
64.5820047314
 30
0.0
 11
178.6562051976
 21
64.5820047314
 31
0.0
  0
LINE
  5
5C0
330
20C
100
AcDbEntity
  8
2
  6
Continuous
390
DFF
 62
   155
420
  5075865
100
AcDbLine
 10
46.3812736332
 20
64.8320047314
 30
0.0
 11
50.6621341983
 21
64.8320047314
 31
0.0
  0
LINE
  5
5C1
330
20C
100
AcDbEntity
  8
2
  6
Continuous
390
DFF
 62
   155
420
  5075865
100
AcDbLine
 10
52.1505386971
 20
64.8320047314
 30
0.0
 11
54.2446994507
 21
64.8320047314
 31
0.0
  0
LINE
  5
5C2
330
20C
100
AcDbEntity
  8
2
  6
Continuous
390
DFF
 62
   155
420
  5075865
100
AcDbLine
 10
103.2669838636
 20
64.8320047314
 30
0.0
 11
110.9016410337
 21
64.8320047314
 31
0.0
  0
LINE
  5
5C3
330
20C
100
AcDbEntity
  8
2
  6
Continuous
390
DFF
 62
   155
420
  5075865
100
AcDbLine
 10
116.9110318616
 20
64.8320047314
 30
0.0
 11
124.5456890316
 21
64.8320047314
 31
0.0
  0
LINE
  5
5C4
330
20C
100
AcDbEntity
  8
2
  6
Continuous
390
DFF
 62
   155
420
  5075865
100
AcDbLine
 10
36.4063364556
 20
65.8320047314
 30
0.0
 11
47.6570434687
 21
65.8320047314
 31
0.0
  0
LINE
  5
5C5
330
20C
100
AcDbEntity
  8
2
  6
Continuous
390
DFF
 62
   155
420
  5075865
100
AcDbLine
 10
179.9063364476
 20
65.8320047314
 30
0.0
 11
191.9063364476
 21
65.8320047314
 31
0.0
  0
LINE
  5
5C6
330
20C
100
AcDbEntity
  8
2
  6
Continuous
390
DFF
 62
   155
420
  5075865
100
AcDbLine
 10
172.4062114476
 20
66.0820047314
 30
0.0
 11
178.6562051976
 21
66.0820047314
 31
0.0
  0
LINE
  5
5C7
330
20C
100
AcDbEntity
  8
2
  6
Continuous
390
DFF
 62
   155
420
  5075865
100
AcDbLine
 10
109.9099526499
 20
67.8320047314
 30
0.0
 11
117.9027202454
 21
67.8320047314
 31
0.0
  0
LINE
  5
5C8
330
20C
100
AcDbEntity
  8
2
  6
Continuous
390
DFF
 62
   155
420
  5075865
100
AcDbLine
 10
161.1563364476
 20
69.3320047314
 30
0.0
 11
156.6563364476
 21
69.3320047314
 31
0.0
  0
LINE
  5
5C9
330
20C
100
AcDbEntity
  8
2
  6
Continuous
390
DFF
 62
   155
420
  5075865
100
AcDbLine
 10
51.91470369029999
 20
69.3320047314
 30
0.0
 11
50.8979692051
 21
69.3320047314
 31
0.0
  0
LINE
  5
5CA
330
20C
100
AcDbEntity
  8
2
  6
Continuous
390
DFF
 62
   155
420
  5075865
100
AcDbLine
 10
41.7816083917
 20
69.3320047314
 30
0.0
 11
36.2200214798
 21
69.3320047314
 31
0.0
  0
LINE
  5
5CB
330
20C
100
AcDbEntity
  8
2
  6
Continuous
390
DFF
 62
   155
420
  5075865
100
AcDbLine
 10
66.4063364476
 20
69.3320047314
 30
0.0
 11
71.4063364476
 21
69.3320047314
 31
0.0
  0
LINE
  5
5CC
330
20C
100
AcDbEntity
  8
2
  6
Continuous
390
DFF
 62
   155
420
  5075865
100
AcDbLine
 10
186.0310645036
 20
69.3320047314
 30
0.0
 11
191.5926514154
 21
69.3320047314
 31
0.0
  0
LINE
  5
5CD
330
20C
100
AcDbEntity
  8
2
  6
Continuous
390
DFF
 62
   155
420
  5075865
100
AcDbLine
 10
115.8650532711
 20
69.8320047314
 30
0.0
 11
111.9476196241
 21
69.8320047314
 31
0.0
  0
LINE
  5
5CE
330
20C
100
AcDbEntity
  8
2
  6
Continuous
390
DFF
 62
   155
420
  5075865
100
AcDbLine
 10
35.0562004099
 20
69.8320047314
 30
0.0
 11
102.5924630283
 21
69.8320047314
 31
0.0
  0
LINE
  5
5CF
330
20C
100
AcDbEntity
  8
2
  6
Continuous
390
DFF
 62
   155
420
  5075865
100
AcDbLine
 10
102.5925346069
 20
69.8320047314
 30
0.0
 11
111.9467446534
 21
69.8320047314
 31
0.0
  0
LINE
  5
5D0
330
20C
100
AcDbEntity
  8
2
  6
Continuous
390
DFF
 62
   155
420
  5075865
100
AcDbLine
 10
115.8659282419
 20
69.8320047314
 30
0.0
 11
125.2201382884
 21
69.8320047314
 31
0.0
  0
LINE
  5
5D1
330
20C
100
AcDbEntity
  8
2
  6
Continuous
390
DFF
 62
   155
420
  5075865
100
AcDbLine
 10
125.220209867
 20
69.8320047314
 30
0.0
 11
178.6561995132
 21
69.8320047314
 31
0.0
  0
LINE
  5
5D2
330
20C
100
AcDbEntity
  8
2
  6
Continuous
390
DFF
 62
   155
420
  5075865
100
AcDbLine
 10
178.6563364476
 20
69.8320047314
 30
0.0
 11
192.7564724853
 21
69.8320047314
 31
0.0
  0
LINE
  5
5D3
330
20C
100
AcDbEntity
  8
2
  6
Continuous
390
DFF
 62
   155
420
  5075865
100
AcDbLine
 10
128.1621341985
 20
124.7553615429
 30
0.0
 11
128.397969205
 21
124.5195265373
 31
0.0
  0
LINE
  5
5D4
330
20C
100
AcDbEntity
  8
2
  6
Continuous
390
DFF
 62
   155
420
  5075865
100
AcDbLine
 10
36.4558565421
 20
217.2587514038
 30
0.0
 11
36.2200215353
 21
217.4945864106
 31
0.0
  0
LINE
  5
5D5
330
20C
100
AcDbEntity
  8
2
  6
Continuous
390
DFF
 62
   155
420
  5075865
100
AcDbLine
 10
83.10286562
 20
173.8064244809
 30
0.0
 11
82.9063364476
 21
174.0029536532
 31
0.0
  0
LINE
  5
5D6
330
20C
100
AcDbEntity
  8
2
  6
Continuous
390
DFF
 62
   155
420
  5075865
100
AcDbLine
 10
84.9601503618
 20
172.1994828255
 30
0.0
 11
85.15667953409999
 21
172.0029536532
 31
0.0
  0
LINE
  5
5D7
330
20C
100
AcDbEntity
  8
2
  6
Continuous
390
DFF
 62
   155
420
  5075865
100
AcDbLine
 10
40.2539286685
 20
218.7471559025
 30
0.0
 11
40.4897636752
 21
218.5113208958
 31
0.0
  0
LINE
  5
5D8
330
20C
100
AcDbEntity
  8
2
  6
Continuous
390
DFF
 62
   155
420
  5075865
100
AcDbLine
 10
129.650538697
 20
129.5505458743
 30
0.0
 11
129.4147036902
 21
129.7863808811
 31
0.0
  0
LINE
  5
5D9
330
20C
100
AcDbEntity
  8
2
  6
Continuous
390
DFF
 62
   155
420
  5075865
100
AcDbLine
 10
62.2790039081
 20
276.9036165667
 30
0.0
 11
62.15395155180001
 21
277.1338909495
 31
0.0
  0
LINE
  5
5DA
330
20C
100
AcDbEntity
  8
2
  6
Continuous
390
DFF
 62
   155
420
  5075865
100
AcDbLine
 10
174.9383542805
 20
57.8320047314
 30
0.0
 11
173.6777796431
 21
60.8320047314
 31
0.0
  0
LINE
  5
5DB
330
20C
100
AcDbEntity
  8
2
  6
Continuous
390
DFF
 62
   155
420
  5075865
100
AcDbLine
 10
87.34097159549999
 20
276.9224667445
 30
0.0
 11
86.74594320840001
 21
278.4398470948
 31
0.0
  0
LINE
  5
5DC
330
20C
100
AcDbEntity
  8
2
  6
Continuous
390
DFF
 62
   155
420
  5075865
100
AcDbLine
 10
85.8855878386
 20
279.9224667389
 30
0.0
 11
86.4736568293
 21
278.4217110737
 31
0.0
  0
LINE
  5
5DD
330
20C
100
AcDbEntity
  8
2
  6
Continuous
390
DFF
 62
   155
420
  5075865
100
AcDbLine
 10
86.6150195651
 20
278.703575054
 30
0.0
 11
86.150044897
 21
279.9224667399
 31
0.0
  0
LINE
  5
5DE
330
20C
100
AcDbEntity
  8
2
  6
Continuous
390
DFF
 62
   155
420
  5075865
100
AcDbLine
 10
86.60458047270001
 20
278.1572274469
 30
0.0
 11
87.07520965030001
 21
276.9224667434
 31
0.0
  0
LINE
  5
5DF
330
20C
100
AcDbEntity
  8
2
  6
Continuous
390
DFF
 62
   155
420
  5075865
100
AcDbLine
 10
139.503351373
 20
276.2467732561
 30
0.0
 11
139.503351373
 21
276.6268820058
 31
0.0
  0
LINE
  5
5E0
330
20C
100
AcDbEntity
  8
2
  6
Continuous
390
DFF
 62
   155
420
  5075865
100
AcDbLine
 10
140.4063364476
 20
69.8319969189
 30
0.0
 11
140.4063364476
 21
73.3320047314
 31
0.0
  0
LINE
  5
5E1
330
20C
100
AcDbEntity
  8
2
  6
Continuous
390
DFF
 62
   155
420
  5075865
100
AcDbLine
 10
141.4063364476
 20
170.5029536532
 30
0.0
 11
141.4063364476
 21
131.1029536532
 31
0.0
  0
LINE
  5
5E2
330
20C
100
AcDbEntity
  8
2
  6
Continuous
390
DFF
 62
   155
420
  5075865
100
AcDbLine
 10
141.4063364476
 20
175.5029536532
 30
0.0
 11
141.4063364476
 21
186.5029536532
 31
0.0
  0
LINE
  5
5E3
330
20C
100
AcDbEntity
  8
2
  6
Continuous
390
DFF
 62
   155
420
  5075865
100
AcDbLine
 10
141.4063364476
 20
195.5029536532
 30
0.0
 11
141.4063364476
 21
210.5029536532
 31
0.0
  0
LINE
  5
5E4
330
20C
100
AcDbEntity
  8
2
  6
Continuous
390
DFF
 62
   155
420
  5075865
100
AcDbLine
 10
141.4063364476
 20
219.5029536532
 30
0.0
 11
141.4063364476
 21
230.5029536532
 31
0.0
  0
LINE
  5
5E5
330
20C
100
AcDbEntity
  8
2
  6
Continuous
390
DFF
 62
   155
420
  5075865
100
AcDbLine
 10
141.4063364476
 20
235.5029536532
 30
0.0
 11
141.4063364476
 21
274.9029536532
 31
0.0
  0
LINE
  5
5E6
330
20C
100
AcDbEntity
  8
2
  6
Continuous
390
DFF
 62
   155
420
  5075865
100
AcDbLine
 10
142.5773816922
 20
218.5029536532
 30
0.0
 11
142.5773816922
 21
211.5029536532
 31
0.0
  0
LINE
  5
5E7
330
20C
100
AcDbEntity
  8
2
  6
Continuous
390
DFF
 62
   155
420
  5075865
100
AcDbLine
 10
142.5773816922
 20
194.5029536532
 30
0.0
 11
142.5773816922
 21
187.5029536532
 31
0.0
  0
LINE
  5
5E8
330
20C
100
AcDbEntity
  8
2
  6
Continuous
390
DFF
 62
   155
420
  5075865
100
AcDbLine
 10
142.6559933611
 20
131.1029536532
 30
0.0
 11
142.6559933611
 21
172.0029536532
 31
0.0
  0
LINE
  5
5E9
330
20C
100
AcDbEntity
  8
2
  6
Continuous
390
DFF
 62
   155
420
  5075865
100
AcDbLine
 10
142.6559933611
 20
174.0029536532
 30
0.0
 11
142.6559933611
 21
187.5029536532
 31
0.0
  0
LINE
  5
5EA
330
20C
100
AcDbEntity
  8
2
  6
Continuous
390
DFF
 62
   155
420
  5075865
100
AcDbLine
 10
142.6559933611
 20
194.5029536532
 30
0.0
 11
142.6559933611
 21
211.5029536532
 31
0.0
  0
LINE
  5
5EB
330
20C
100
AcDbEntity
  8
2
  6
Continuous
390
DFF
 62
   155
420
  5075865
100
AcDbLine
 10
142.6559933611
 20
218.5029536532
 30
0.0
 11
142.6559933611
 21
232.0029536532
 31
0.0
  0
LINE
  5
5EC
330
20C
100
AcDbEntity
  8
2
  6
Continuous
390
DFF
 62
   155
420
  5075865
100
AcDbLine
 10
142.6559933611
 20
234.0029536532
 30
0.0
 11
142.6559933611
 21
274.9029536532
 31
0.0
  0
LINE
  5
5ED
330
20C
100
AcDbEntity
  8
2
  6
Continuous
390
DFF
 62
   155
420
  5075865
100
AcDbLine
 10
142.8525225334
 20
172.1994828255
 30
0.0
 11
142.8525225334
 21
131.1029536532
 31
0.0
  0
LINE
  5
5EE
330
20C
100
AcDbEntity
  8
2
  6
Continuous
390
DFF
 62
   155
420
  5075865
100
AcDbLine
 10
142.8525225334
 20
173.8064244809
 30
0.0
 11
142.8525225334
 21
232.1994828255
 31
0.0
  0
LINE
  5
5EF
330
20C
100
AcDbEntity
  8
2
  6
Continuous
390
DFF
 62
   155
420
  5075865
100
AcDbLine
 10
142.8525225334
 20
233.8064244809
 30
0.0
 11
142.8525225334
 21
274.9029536532
 31
0.0
  0
LINE
  5
5F0
330
20C
100
AcDbEntity
  8
2
  6
Continuous
390
DFF
 62
   155
420
  5075865
100
AcDbLine
 10
143.3063364476
 20
232.5029536532
 30
0.0
 11
143.3063364476
 21
230.0029536532
 31
0.0
  0
LINE
  5
5F1
330
20C
100
AcDbEntity
  8
2
  6
Continuous
390
DFF
 62
   155
420
  5075865
100
AcDbLine
 10
144.3063364476
 20
230.0029536532
 30
0.0
 11
144.3063364476
 21
232.5029536532
 31
0.0
  0
LINE
  5
5F2
330
20C
100
AcDbEntity
  8
2
  6
Continuous
390
DFF
 62
   155
420
  5075865
100
AcDbLine
 10
144.7098072753
 20
274.9029536532
 30
0.0
 11
144.7098072753
 21
233.8064244809
 31
0.0
  0
LINE
  5
5F3
330
20C
100
AcDbEntity
  8
2
  6
Continuous
390
DFF
 62
   155
420
  5075865
100
AcDbLine
 10
144.7098072753
 20
232.1994828255
 30
0.0
 11
144.7098072753
 21
173.8064244809
 31
0.0
  0
LINE
  5
5F4
330
20C
100
AcDbEntity
  8
2
  6
Continuous
390
DFF
 62
   155
420
  5075865
100
AcDbLine
 10
144.7098072753
 20
131.1029536532
 30
0.0
 11
144.7098072753
 21
172.1994828255
 31
0.0
  0
LINE
  5
5F5
330
20C
100
AcDbEntity
  8
2
  6
Continuous
390
DFF
 62
   155
420
  5075865
100
AcDbLine
 10
144.9063364476
 20
274.9029536532
 30
0.0
 11
144.9063364476
 21
234.0029536532
 31
0.0
  0
LINE
  5
5F6
330
20C
100
AcDbEntity
  8
2
  6
Continuous
390
DFF
 62
   155
420
  5075865
100
AcDbLine
 10
144.9063364476
 20
232.0029536532
 30
0.0
 11
144.9063364476
 21
174.0029536532
 31
0.0
  0
LINE
  5
5F7
330
20C
100
AcDbEntity
  8
2
  6
Continuous
390
DFF
 62
   155
420
  5075865
100
AcDbLine
 10
144.9063364476
 20
131.1029536532
 30
0.0
 11
144.9063364476
 21
172.0029536532
 31
0.0
  0
LINE
  5
5F8
330
20C
100
AcDbEntity
  8
2
  6
Continuous
390
DFF
 62
   155
420
  5075865
100
AcDbLine
 10
146.4063364476
 20
274.9029536532
 30
0.0
 11
146.4063364476
 21
235.5029536532
 31
0.0
  0
LINE
  5
5F9
330
20C
100
AcDbEntity
  8
2
  6
Continuous
390
DFF
 62
   155
420
  5075865
100
AcDbLine
 10
146.4063364476
 20
230.5029536532
 30
0.0
 11
146.4063364476
 21
175.5029536532
 31
0.0
  0
LINE
  5
5FA
330
20C
100
AcDbEntity
  8
2
  6
Continuous
390
DFF
 62
   155
420
  5075865
100
AcDbLine
 10
146.4063364476
 20
131.1029536532
 30
0.0
 11
146.4063364476
 21
170.5029536532
 31
0.0
  0
LINE
  5
5FB
330
20C
100
AcDbEntity
  8
2
  6
Continuous
390
DFF
 62
   155
420
  5075865
100
AcDbLine
 10
154.8663364476
 20
280.0429536532
 30
0.0
 11
154.8663364476
 21
279.9707641636
 31
0.0
  0
LINE
  5
5FC
330
20C
100
AcDbEntity
  8
2
  6
Continuous
390
DFF
 62
   155
420
  5075865
100
AcDbLine
 10
154.8663364476
 20
125.9629536532
 30
0.0
 11
154.8663364476
 21
126.0351431428
 31
0.0
  0
LINE
  5
5FD
330
20C
100
AcDbEntity
  8
2
  6
Continuous
390
DFF
 62
   155
420
  5075865
100
AcDbLine
 10
155.4063364476
 20
60.8320047314
 30
0.0
 11
155.4063364476
 21
62.3320047314
 31
0.0
  0
LINE
  5
5FE
330
20C
100
AcDbEntity
  8
2
  6
Continuous
390
DFF
 62
   155
420
  5075865
100
AcDbLine
 10
155.5836869025
 20
62.3320047314
 30
0.0
 11
155.5836869025
 21
60.8320047314
 31
0.0
  0
LINE
  5
5FF
330
20C
100
AcDbEntity
  8
2
  6
Continuous
390
DFF
 62
   155
420
  5075865
100
AcDbLine
 10
121.0976477048
 20
57.8320047314
 30
0.0
 11
121.7353173898
 21
60.8320047314
 31
0.0
  0
LINE
  5
600
330
20C
100
AcDbEntity
  8
2
  6
Continuous
390
DFF
 62
   155
420
  5075865
100
AcDbLine
 10
172.4293026555
 20
276.2402123432
 30
0.0
 11
172.5030270808
 21
276.4916663
 31
0.0
  0
LINE
  5
601
330
20C
100
AcDbEntity
  8
2
  6
Continuous
390
DFF
 62
   155
420
  5075865
100
AcDbLine
 10
186.0310645036
 20
263.5113208958
 30
0.0
 11
186.1599625104
 21
263.7471559025
 31
0.0
  0
LINE
  5
602
330
20C
100
AcDbEntity
  8
2
  6
Continuous
390
DFF
 62
   155
420
  5075865
100
AcDbLine
 10
71.56133869590001
 20
124.6579559015
 30
0.0
 11
71.37604923960001
 21
124.4726664452
 31
0.0
  0
LINE
  5
603
330
20C
100
AcDbEntity
  8
2
  6
Continuous
390
DFF
 62
   155
420
  5075865
100
AcDbLine
 10
192.1731303987
 20
245.2697476042
 30
0.0
 11
192.4351692951
 21
245.5317865007
 31
0.0
  0
LINE
  5
604
330
20C
100
AcDbEntity
  8
2
  6
Continuous
390
DFF
 62
   155
420
  5075865
100
AcDbLine
 10
185.9286711143
 20
235.4886825121
 30
0.0
 11
185.9429422554
 21
235.5029536532
 31
0.0
  0
LINE
  5
605
330
20C
100
AcDbEntity
  8
2
  6
Continuous
390
DFF
 62
   155
420
  5075865
100
AcDbLine
 10
41.8791178304
 20
142.0028919151
 30
0.0
 11
42.051448819
 21
142.1224964309
 31
0.0
  0
LINE
  5
606
330
20C
100
AcDbEntity
  8
2
  6
Continuous
390
DFF
 62
   155
420
  5075865
100
AcDbLine
 10
193.193915803
 20
245.2409147568
 30
0.0
 11
193.0543638711
 21
245.1573198481
 31
0.0
  0
LINE
  5
607
330
20C
100
AcDbEntity
  8
2
  6
Continuous
390
DFF
 62
   155
420
  5075865
100
AcDbLine
 10
40.0056735342
 20
151.3756211137
 30
0.0
 11
39.7753991513
 21
151.2505687573
 31
0.0
  0
LINE
  5
608
330
20C
100
AcDbEntity
  8
2
  6
Continuous
390
DFF
 62
   155
420
  5075865
100
AcDbLine
 10
271.147489342
 20
271.712734089
 30
0.0
 11
270.8447465545
 21
271.5908382453
 31
0.0
  0
LINE
  5
609
330
20C
100
AcDbEntity
  8
2
  6
Continuous
390
DFF
 62
   155
420
  5075865
100
AcDbLine
 10
38.4063364476
 20
74.3320047314
 30
0.0
 11
39.4063364476
 21
74.3320047314
 31
0.0
  0
LINE
  5
60A
330
20C
100
AcDbEntity
  8
2
  6
Continuous
390
DFF
 62
   155
420
  5075865
100
AcDbLine
 10
138.4063364476
 20
74.3320047314
 30
0.0
 11
139.4063364476
 21
74.3320047314
 31
0.0
  0
LINE
  5
60B
330
20C
100
AcDbEntity
  8
2
  6
Continuous
390
DFF
 62
   155
420
  5075865
100
AcDbLine
 10
188.4063364476
 20
74.3320047314
 30
0.0
 11
189.4063364476
 21
74.3320047314
 31
0.0
  0
LINE
  5
60C
330
20C
100
AcDbEntity
  8
dim
  6
Continuous
390
DFF
 62
    84
420
  2529536
100
AcDbLine
 10
471.7309911169
 20
83.29613814609999
 30
0.0
 11
466.1218235649
 21
83.29613814609999
 31
0.0
  0
LINE
  5
60D
330
20C
100
AcDbEntity
  8
dim
  6
Continuous
390
DFF
 62
    84
420
  2529536
100
AcDbLine
 10
0.0
 20
83.29613814609999
 30
0.0
 11
5.609167551900001
 21
83.29613814609999
 31
0.0
  0
LINE
  5
60E
330
20C
100
AcDbEntity
  8
2
  6
Continuous
390
DFF
 62
   155
420
  5075865
100
AcDbLine
 10
35.3775036002
 20
245.5317865007
 30
0.0
 11
35.6395424966
 21
245.2697476042
 31
0.0
  0
LINE
  5
60F
330
20C
100
AcDbEntity
  8
2
  6
Continuous
390
DFF
 62
   155
420
  5075865
100
AcDbLine
 10
156.2513341993
 20
124.6579559015
 30
0.0
 11
156.4366236557
 21
124.4726664452
 31
0.0
  0
LINE
  5
610
330
20C
100
AcDbEntity
  8
2
  6
Continuous
390
DFF
 62
   155
420
  5075865
100
AcDbLine
 10
154.4468163621
 20
126.2189236353
 30
0.0
 11
153.1555832014
 21
128.2079366306
 31
0.0
  0
LINE
  5
611
330
20C
100
AcDbEntity
  8
2
  6
Continuous
390
DFF
 62
   155
420
  5075865
100
AcDbLine
 10
153.3753700695
 20
128.3506185
 30
0.0
 11
154.6666032302
 21
126.3616055047
 31
0.0
  0
LINE
  5
612
330
20C
100
AcDbEntity
  8
2
  6
Continuous
390
DFF
 62
   155
420
  5075865
100
AcDbLine
 10
155.8822586548
 20
123.7663904265
 30
0.0
 11
155.8822586548
 21
123.417184712
 31
0.0
  0
LINE
  5
613
330
20C
100
AcDbEntity
  8
2
  6
Continuous
390
DFF
 62
   155
420
  5075865
100
AcDbLine
 10
155.8822586548
 20
282.2395168799
 30
0.0
 11
155.8822586548
 21
282.5887225944
 31
0.0
  0
LINE
  5
614
330
20C
100
AcDbEntity
  8
2
  6
Continuous
390
DFF
 62
   155
420
  5075865
100
AcDbLine
 10
156.1442975512
 20
282.7196522022
 30
0.0
 11
156.1442975512
 21
282.2395414491
 31
0.0
  0
LINE
  5
615
330
20C
100
AcDbEntity
  8
2
  6
Continuous
390
DFF
 62
   155
420
  5075865
100
AcDbLine
 10
156.1442975512
 20
123.2862551042
 30
0.0
 11
156.1442975512
 21
123.7663658573
 31
0.0
  0
LINE
  5
616
330
20C
100
AcDbEntity
  8
dim
  6
Continuous
390
DFF
 62
    84
420
  2529536
100
AcDbLine
 10
157.2436637056
 20
333.1845525843
 30
0.0
 11
157.2436637056
 21
327.5753850324
 31
0.0
  0
LINE
  5
617
330
20C
100
AcDbEntity
  8
dim
  6
Continuous
390
DFF
 62
    84
420
  2529536
100
AcDbLine
 10
157.2436637056
 20
0.0
 30
0.0
 11
157.2436637056
 21
5.609167551900001
 31
0.0
  0
LINE
  5
618
330
20C
100
AcDbEntity
  8
2
  6
Continuous
390
DFF
 62
   155
420
  5075865
100
AcDbLine
 10
157.7563364476
 20
63.8320047314
 30
0.0
 11
157.7563364476
 21
69.3320047314
 31
0.0
  0
LINE
  5
619
330
20C
100
AcDbEntity
  8
2
  6
Continuous
390
DFF
 62
   155
420
  5075865
100
AcDbLine
 10
158.1563364476
 20
270.7577041939
 30
0.0
 11
158.1563364476
 21
269.0029536532
 31
0.0
  0
LINE
  5
61A
330
20C
100
AcDbEntity
  8
2
  6
Continuous
390
DFF
 62
   155
420
  5075865
100
AcDbLine
 10
158.1563364476
 20
135.2482031125
 30
0.0
 11
158.1563364476
 21
137.0029536532
 31
0.0
  0
LINE
  5
61B
330
20C
100
AcDbEntity
  8
screw
  6
CENTER
390
DFF
 62
     1
100
AcDbLine
 10
158.9063364476
 20
128.3529536532
 30
0.0
 11
158.9063364476
 21
131.6529536532
 31
0.0
  0
LINE
  5
61C
330
20C
100
AcDbEntity
  8
screw
  6
CENTER
390
DFF
 62
     1
100
AcDbLine
 10
158.9063364476
 20
274.3529536532
 30
0.0
 11
158.9063364476
 21
277.6529536532
 31
0.0
  0
LINE
  5
61D
330
20C
100
AcDbEntity
  8
2
  6
Continuous
390
DFF
 62
   155
420
  5075865
100
AcDbLine
 10
159.6563364476
 20
137.0029536532
 30
0.0
 11
159.6563364476
 21
135.2482031125
 31
0.0
  0
LINE
  5
61E
330
20C
100
AcDbEntity
  8
2
  6
Continuous
390
DFF
 62
   155
420
  5075865
100
AcDbLine
 10
159.6563364476
 20
269.0029536532
 30
0.0
 11
159.6563364476
 21
270.7577041939
 31
0.0
  0
LINE
  5
61F
330
20C
100
AcDbEntity
  8
2
  6
Continuous
390
DFF
 62
   155
420
  5075865
100
AcDbLine
 10
160.0563364476
 20
69.3320047314
 30
0.0
 11
160.0563364476
 21
63.8320047314
 31
0.0
  0
LINE
  5
620
330
20C
100
AcDbEntity
  8
2
  6
Continuous
390
DFF
 62
   155
420
  5075865
100
AcDbLine
 10
161.668375344
 20
123.7663667926
 30
0.0
 11
161.668375344
 21
123.2862551042
 31
0.0
  0
LINE
  5
621
330
20C
100
AcDbEntity
  8
2
  6
Continuous
390
DFF
 62
   155
420
  5075865
100
AcDbLine
 10
161.668375344
 20
282.2395405138
 30
0.0
 11
161.668375344
 21
282.7196522022
 31
0.0
  0
LINE
  5
622
330
20C
100
AcDbEntity
  8
2
  6
Continuous
390
DFF
 62
   155
420
  5075865
100
AcDbLine
 10
161.9304142405
 20
282.5887225944
 30
0.0
 11
161.9304142405
 21
282.2395769055
 31
0.0
  0
LINE
  5
623
330
20C
100
AcDbEntity
  8
2
  6
Continuous
390
DFF
 62
   155
420
  5075865
100
AcDbLine
 10
161.9304142405
 20
123.417184712
 30
0.0
 11
161.9304142405
 21
123.7663304009
 31
0.0
  0
LINE
  5
624
330
20C
100
AcDbEntity
  8
2
  6
Continuous
390
DFF
 62
   155
420
  5075865
100
AcDbLine
 10
162.2886433527
 20
60.8320047314
 30
0.0
 11
162.2886433527
 21
62.3320047314
 31
0.0
  0
LINE
  5
625
330
20C
100
AcDbEntity
  8
2
  6
Continuous
390
DFF
 62
   155
420
  5075865
100
AcDbLine
 10
162.4063364476
 20
60.8320047314
 30
0.0
 11
162.4063364476
 21
62.3320047314
 31
0.0
  0
LINE
  5
626
330
20C
100
AcDbEntity
  8
2
  6
Continuous
390
DFF
 62
   155
420
  5075865
100
AcDbLine
 10
34.8158353409
 20
67.08461941979999
 30
0.0
 11
36.2620111386
 21
68.5307952176
 31
0.0
  0
LINE
  5
627
330
20C
100
AcDbEntity
  8
2
  6
Continuous
390
DFF
 62
   155
420
  5075865
100
AcDbLine
 10
98.1621341983
 20
129.5505458743
 30
0.0
 11
98.3979692051
 21
129.7863808811
 31
0.0
  0
LINE
  5
628
330
20C
100
AcDbEntity
  8
2
  6
Continuous
390
DFF
 62
   155
420
  5075865
100
AcDbLine
 10
187.5587442268
 20
218.7471559025
 30
0.0
 11
187.32290922
 21
218.5113208958
 31
0.0
  0
LINE
  5
629
330
20C
100
AcDbEntity
  8
2
  6
Continuous
390
DFF
 62
   155
420
  5075865
100
AcDbLine
 10
34.5460039664
 20
64.0004326974
 30
0.0
 11
36.4021603439
 21
65.8565890749
 31
0.0
  0
LINE
  5
62A
330
20C
100
AcDbEntity
  8
2
  6
Continuous
390
DFF
 62
   155
420
  5075865
100
AcDbLine
 10
142.8525225334
 20
172.1994828255
 30
0.0
 11
142.6559933611
 21
172.0029536532
 31
0.0
  0
LINE
  5
62B
330
20C
100
AcDbEntity
  8
2
  6
Continuous
390
DFF
 62
   155
420
  5075865
100
AcDbLine
 10
144.7098072753
 20
173.8064244809
 30
0.0
 11
144.9063364476
 21
174.0029536532
 31
0.0
  0
LINE
  5
62C
330
20C
100
AcDbEntity
  8
2
  6
Continuous
390
DFF
 62
   155
420
  5075865
100
AcDbLine
 10
34.27617259199999
 20
60.916245975
 30
0.0
 11
35.4966609166
 21
62.1367342996
 31
0.0
  0
LINE
  5
62D
330
20C
100
AcDbEntity
  8
2
  6
Continuous
390
DFF
 62
   155
420
  5075865
100
AcDbLine
 10
36.1919313484
 20
62.8320047314
 30
0.0
 11
37.3273752354
 21
63.9674486183
 31
0.0
  0
LINE
  5
62E
330
20C
100
AcDbEntity
  8
2
  6
Continuous
390
DFF
 62
   155
420
  5075865
100
AcDbLine
 10
191.3568163532
 20
217.2587514038
 30
0.0
 11
191.59265136
 21
217.4945864106
 31
0.0
  0
LINE
  5
62F
330
20C
100
AcDbEntity
  8
2
  6
Continuous
390
DFF
 62
   155
420
  5075865
100
AcDbLine
 10
99.65053869709999
 20
124.7553615432
 30
0.0
 11
99.4147036903
 21
124.5195265373
 31
0.0
  0
LINE
  5
630
330
20C
100
AcDbEntity
  8
2
  6
Continuous
390
DFF
 62
   155
420
  5075865
100
AcDbLine
 10
34.0063412176
 20
57.8320592526
 30
0.0
 11
35.3948252836
 21
59.22054331850001
 31
0.0
  0
LINE
  5
631
330
20C
100
AcDbEntity
  8
2
  6
Continuous
390
DFF
 62
   155
420
  5075865
100
AcDbLine
 10
36.4000327521
 20
60.2257507871
 30
0.0
 11
37.4230416451
 21
61.2487596801
 31
0.0
  0
LINE
  5
632
330
20C
100
AcDbEntity
  8
2
  6
Continuous
390
DFF
 62
   155
420
  5075865
100
AcDbLine
 10
38.3206420444
 20
59.3320047314
 30
0.0
 11
39.8206420444
 21
60.8320047314
 31
0.0
  0
LINE
  5
633
330
20C
100
AcDbEntity
  8
2
  6
Continuous
390
DFF
 62
   155
420
  5075865
100
AcDbLine
 10
39.9391963725
 20
60.9505590595
 30
0.0
 11
41.1772076629
 21
62.1885703498
 31
0.0
  0
LINE
  5
634
330
20C
100
AcDbEntity
  8
2
  6
Continuous
390
DFF
 62
   155
420
  5075865
100
AcDbLine
 10
277.2967872572
 20
275.8651535365
 30
0.0
 11
270.7793776075
 21
271.6840240053
 31
0.0
  0
LINE
  5
635
330
20C
100
AcDbEntity
  8
2
  6
Continuous
390
DFF
 62
   155
420
  5075865
100
AcDbLine
 10
276.235591518
 20
275.1013838646
 30
0.0
 11
277.334499481
 21
275.8063689403
 31
0.0
  0
LINE
  5
636
330
20C
100
AcDbEntity
  8
2
  6
Continuous
390
DFF
 62
   155
420
  5075865
100
AcDbLine
 10
271.147489342
 20
271.712734089
 30
0.0
 11
275.0508407354
 21
274.2168605225
 31
0.0
  0
LINE
  5
637
330
20C
100
AcDbEntity
  8
2
  6
Continuous
390
DFF
 62
   155
420
  5075865
100
AcDbLine
 10
272.2193021781
 20
270.8614745503
 30
0.0
 11
278.0904552349
 21
274.6280095308
 31
0.0
  0
LINE
  5
638
330
20C
100
AcDbEntity
  8
2
  6
Continuous
390
DFF
 62
   155
420
  5075865
100
AcDbLine
 10
155.8822586548
 20
123.417184712
 30
0.0
 11
156.1442975512
 21
123.2862551042
 31
0.0
  0
LINE
  5
639
330
20C
100
AcDbEntity
  8
2
  6
Continuous
390
DFF
 62
   155
420
  5075865
100
AcDbLine
 10
154.7150159815
 20
125.1256834508
 30
0.0
 11
154.4847415989
 21
125.2507358075
 31
0.0
  0
LINE
  5
63A
330
20C
100
AcDbEntity
  8
2
  6
Continuous
390
DFF
 62
   155
420
  5075865
100
AcDbLine
 10
36.220021476
 20
262.4945864106
 30
0.0
 11
36.4558564818
 21
262.2587514038
 31
0.0
  0
LINE
  5
63B
330
20C
100
AcDbEntity
  8
2
  6
Continuous
390
DFF
 62
   155
420
  5075865
100
AcDbLine
 10
175.6621341982
 20
124.7553613817
 30
0.0
 11
175.897969205
 21
124.5195263758
 31
0.0
  0
LINE
  5
63C
330
20C
100
AcDbEntity
  8
2
  6
Continuous
390
DFF
 62
   155
420
  5075865
100
AcDbLine
 10
47.6570434687
 20
271.7144935325
 30
0.0
 11
47.8021050951
 21
271.5584941053
 31
0.0
  0
LINE
  5
63D
330
20C
100
AcDbEntity
  8
2
  6
Continuous
390
DFF
 62
   155
420
  5075865
100
AcDbLine
 10
169.909387114
 20
130.9029536532
 30
0.0
 11
167.823223037
 21
133.163789976
 31
0.0
  0
LINE
  5
63E
330
20C
100
AcDbEntity
  8
2
  6
Continuous
390
DFF
 62
   155
420
  5075865
100
AcDbLine
 10
74.4373028257
 20
277.6552888064
 30
0.0
 11
73.1460696651
 21
279.6443018018
 31
0.0
  0
LINE
  5
63F
330
20C
100
AcDbEntity
  8
2
  6
Continuous
390
DFF
 62
   155
420
  5075865
100
AcDbLine
 10
73.3658565332
 20
279.7869836711
 30
0.0
 11
74.6570896938
 21
277.7979706758
 31
0.0
  0
LINE
  5
640
330
20C
100
AcDbEntity
  8
2
  6
Continuous
390
DFF
 62
   155
420
  5075865
100
AcDbLine
 10
165.5336689872
 20
129.1022907398
 30
0.0
 11
165.6587213435
 21
128.8720163569
 31
0.0
  0
LINE
  5
641
330
20C
100
AcDbEntity
  8
2
  6
Continuous
390
DFF
 62
   155
420
  5075865
100
AcDbLine
 10
172.4293026555
 20
129.7656949632
 30
0.0
 11
172.5030270808
 21
129.5142410065
 31
0.0
  0
LINE
  5
642
330
20C
100
AcDbEntity
  8
2
  6
Continuous
390
DFF
 62
   155
420
  5075865
100
AcDbLine
 10
144.9039839535
 20
232.5029536532
 30
0.0
 11
143.8063364476
 21
237.533838055
 31
0.0
  0
LINE
  5
643
330
20C
100
AcDbEntity
  8
2
  6
Continuous
390
DFF
 62
   155
420
  5075865
100
AcDbLine
 10
193.8063364476
 20
57.8320047314
 30
0.0
 11
192.7564724853
 21
69.8320047314
 31
0.0
  0
LINE
  5
644
330
20C
100
AcDbEntity
  8
2
  6
Continuous
390
DFF
 62
   155
420
  5075865
100
AcDbLine
 10
187.3229133145
 20
69.3319266064
 30
0.0
 11
187.2967053305
 21
69.8320047314
 31
0.0
  0
LINE
  5
645
330
20C
100
AcDbEntity
  8
2
  6
Continuous
390
DFF
 62
   155
420
  5075865
100
AcDbLine
 10
185.9335550649
 20
65.8320047321
 30
0.0
 11
185.7612240763
 21
69.8320047314
 31
0.0
  0
LINE
  5
646
330
20C
100
AcDbEntity
  8
2
  6
Continuous
390
DFF
 62
   155
420
  5075865
100
AcDbLine
 10
186.0310645036
 20
69.3320047314
 30
0.0
 11
186.1313169424
 21
65.8320594189
 31
0.0
  0
LINE
  5
647
330
20C
100
AcDbEntity
  8
1
  6
Continuous
390
DFF
 62
    32
420
 13395456
100
AcDbLine
 10
172.4063364476
 20
136.0029536532
 30
0.0
 11
172.4063364476
 21
130.0029536532
 31
0.0
  0
LINE
  5
648
330
20C
100
AcDbEntity
  8
2
  6
Continuous
390
DFF
 62
   155
420
  5075865
100
AcDbLine
 10
175.6621341982
 20
131.3464256522
 30
0.0
 11
175.6621341982
 21
124.7553613817
 31
0.0
  0
LINE
  5
649
330
20C
100
AcDbEntity
  8
2
  6
Continuous
390
DFF
 62
   155
420
  5075865
100
AcDbLine
 10
175.6621341982
 20
274.6594816542
 30
0.0
 11
175.6621341982
 21
281.2505459247
 31
0.0
  0
LINE
  5
64A
330
20C
100
AcDbEntity
  8
2
  6
Continuous
390
DFF
 62
   155
420
  5075865
100
AcDbLine
 10
175.897969205
 20
281.4863809306
 30
0.0
 11
175.897969205
 21
274.2279920461
 31
0.0
  0
LINE
  5
64B
330
20C
100
AcDbEntity
  8
2
  6
Continuous
390
DFF
 62
   155
420
  5075865
100
AcDbLine
 10
175.897969205
 20
124.5195263758
 30
0.0
 11
175.897969205
 21
131.7779152603
 31
0.0
  0
LINE
  5
64C
330
20C
100
AcDbEntity
  8
2
  6
Continuous
390
DFF
 62
   155
420
  5075865
100
AcDbLine
 10
176.9147036902
 20
132.428873804
 30
0.0
 11
176.9147036902
 21
124.5195263797
 31
0.0
  0
LINE
  5
64D
330
20C
100
AcDbEntity
  8
2
  6
Continuous
390
DFF
 62
   155
420
  5075865
100
AcDbLine
 10
176.9147036902
 20
273.5770335024
 30
0.0
 11
176.9147036902
 21
281.4863809267
 31
0.0
  0
LINE
  5
64E
330
20C
100
AcDbEntity
  8
2
  6
Continuous
390
DFF
 62
   155
420
  5075865
100
AcDbLine
 10
177.150538697
 20
281.2505459191
 30
0.0
 11
177.150538697
 21
273.7046219264
 31
0.0
  0
LINE
  5
64F
330
20C
100
AcDbEntity
  8
2
  6
Continuous
390
DFF
 62
   155
420
  5075865
100
AcDbLine
 10
177.150538697
 20
124.7553613873
 30
0.0
 11
177.150538697
 21
132.30128538
 31
0.0
  0
LINE
  5
650
330
20C
100
AcDbEntity
  8
2
  6
Continuous
390
DFF
 62
   155
420
  5075865
100
AcDbLine
 10
178.6563364476
 20
69.8320047314
 30
0.0
 11
178.6563364476
 21
62.8320047314
 31
0.0
  0
LINE
  5
651
330
20C
100
AcDbEntity
  8
2
  6
Continuous
390
DFF
 62
   155
420
  5075865
100
AcDbLine
 10
179.8343978836
 20
62.8320047314
 30
0.0
 11
179.8343978836
 21
57.8320047314
 31
0.0
  0
LINE
  5
652
330
20C
100
AcDbEntity
  8
2
  6
Continuous
390
DFF
 62
   155
420
  5075865
100
AcDbLine
 10
179.9063364476
 20
158.7529536532
 30
0.0
 11
179.9063364476
 21
157.2529536532
 31
0.0
  0
LINE
  5
653
330
20C
100
AcDbEntity
  8
2
  6
Continuous
390
DFF
 62
   155
420
  5075865
100
AcDbLine
 10
179.9063364476
 20
65.8320047314
 30
0.0
 11
179.9063364476
 21
69.8320047314
 31
0.0
  0
LINE
  5
654
330
20C
100
AcDbEntity
  8
2
  6
Continuous
390
DFF
 62
   155
420
  5075865
100
AcDbLine
 10
179.9063364476
 20
247.2529536532
 30
0.0
 11
179.9063364476
 21
248.7529536532
 31
0.0
  0
LINE
  5
655
330
20C
100
AcDbEntity
  8
2
  6
Continuous
390
DFF
 62
   155
420
  5075865
100
AcDbLine
 10
180.9063364476
 20
248.7529536532
 30
0.0
 11
180.9063364476
 21
247.2529536532
 31
0.0
  0
LINE
  5
656
330
20C
100
AcDbEntity
  8
2
  6
Continuous
390
DFF
 62
   155
420
  5075865
100
AcDbLine
 10
180.9063364476
 20
157.2529536532
 30
0.0
 11
180.9063364476
 21
158.7529536532
 31
0.0
  0
LINE
  5
657
330
20C
100
AcDbEntity
  8
2
  6
Continuous
390
DFF
 62
   155
420
  5075865
100
AcDbLine
 10
182.0063364476
 20
195.1017339596
 30
0.0
 11
182.0063364476
 21
200.6280852358
 31
0.0
  0
LINE
  5
658
330
20C
100
AcDbEntity
  8
2
  6
Continuous
390
DFF
 62
   155
420
  5075865
100
AcDbLine
 10
182.0063364476
 20
205.3778220706
 30
0.0
 11
182.0063364476
 21
210.9041733468
 31
0.0
  0
LINE
  5
659
330
20C
100
AcDbEntity
  8
2
  6
Continuous
390
DFF
 62
   155
420
  5075865
100
AcDbLine
 10
183.2967053305
 20
195.1017339596
 30
0.0
 11
183.2967053305
 21
199.0875744487
 31
0.0
  0
LINE
  5
65A
330
20C
100
AcDbEntity
  8
2
  6
Continuous
390
DFF
 62
   155
420
  5075865
100
AcDbLine
 10
183.2967053305
 20
206.9183328578
 30
0.0
 11
183.2967053305
 21
210.9041733468
 31
0.0
  0
LINE
  5
65B
330
20C
100
AcDbEntity
  8
2
  6
Continuous
390
DFF
 62
   155
420
  5075865
100
AcDbLine
 10
183.4015208891
 20
206.999337451
 30
0.0
 11
183.4015208891
 21
206.0006861459
 31
0.0
  0
LINE
  5
65C
330
20C
100
AcDbEntity
  8
2
  6
Continuous
390
DFF
 62
   155
420
  5075865
100
AcDbLine
 10
183.4015208891
 20
200.0052211606
 30
0.0
 11
183.4015208891
 21
199.0065698555
 31
0.0
  0
LINE
  5
65D
330
20C
100
AcDbEntity
  8
2
  6
Continuous
390
DFF
 62
   155
420
  5075865
100
AcDbLine
 10
183.5587442269
 20
210.9041733468
 30
0.0
 11
183.5587442269
 21
206.0076490671
 31
0.0
  0
LINE
  5
65E
330
20C
100
AcDbEntity
  8
2
  6
Continuous
390
DFF
 62
   155
420
  5075865
100
AcDbLine
 10
183.5587442269
 20
199.9982582393
 30
0.0
 11
183.5587442269
 21
195.1017339596
 31
0.0
  0
LINE
  5
65F
330
20C
100
AcDbEntity
  8
2
  6
Continuous
390
DFF
 62
   155
420
  5075865
100
AcDbLine
 10
184.0563364476
 20
62.8320047314
 30
0.0
 11
184.0563364476
 21
59.3320047314
 31
0.0
  0
LINE
  5
660
330
20C
100
AcDbEntity
  8
2
  6
Continuous
390
DFF
 62
   155
420
  5075865
100
AcDbLine
 10
185.0563364476
 20
65.8320047314
 30
0.0
 11
185.0563364476
 21
59.8320047314
 31
0.0
  0
LINE
  5
661
330
20C
100
AcDbEntity
  8
2
  6
Continuous
390
DFF
 62
   155
420
  5075865
100
AcDbLine
 10
185.8063364476
 20
259.9443090808
 30
0.0
 11
185.8063364476
 21
256.8043790801
 31
0.0
  0
LINE
  5
662
330
20C
100
AcDbEntity
  8
2
  6
Continuous
390
DFF
 62
   155
420
  5075865
100
AcDbLine
 10
185.8063364476
 20
146.0615982256
 30
0.0
 11
185.8063364476
 21
149.2015282263
 31
0.0
  0
LINE
  5
663
330
20C
100
AcDbEntity
  8
2
  6
Continuous
390
DFF
 62
   155
420
  5075865
100
AcDbLine
 10
186.0063364475
 20
190.7199534997
 30
0.0
 11
186.0063364475
 21
173.8064244809
 31
0.0
  0
LINE
  5
664
330
20C
100
AcDbEntity
  8
2
  6
Continuous
390
DFF
 62
   155
420
  5075865
100
AcDbLine
 10
186.0063364475
 20
172.1994828255
 30
0.0
 11
186.0063364475
 21
169.0253458987
 31
0.0
  0
LINE
  5
665
330
20C
100
AcDbEntity
  8
2
  6
Continuous
390
DFF
 62
   155
420
  5075865
100
AcDbLine
 10
186.0063364475
 20
215.2859538068
 30
0.0
 11
186.0063364475
 21
232.1994828255
 31
0.0
  0
LINE
  5
666
330
20C
100
AcDbEntity
  8
2
  6
Continuous
390
DFF
 62
   155
420
  5075865
100
AcDbLine
 10
186.0063364475
 20
233.8064244809
 30
0.0
 11
186.0063364475
 21
236.9805614078
 31
0.0
  0
LINE
  5
667
330
20C
100
AcDbEntity
  8
2
  6
Continuous
390
DFF
 62
   155
420
  5075865
100
AcDbLine
 10
186.7563364476
 20
59.8320047314
 30
0.0
 11
186.7563364476
 21
65.8320047314
 31
0.0
  0
LINE
  5
668
330
20C
100
AcDbEntity
  8
screw
  6
CENTER
390
DFF
 62
     1
100
AcDbLine
 10
186.9063364476
 20
156.3529536532
 30
0.0
 11
186.9063364476
 21
159.6529536532
 31
0.0
  0
LINE
  5
669
330
20C
100
AcDbEntity
  8
screw
  6
CENTER
390
DFF
 62
     1
100
AcDbLine
 10
186.9063364476
 20
246.3529536532
 30
0.0
 11
186.9063364476
 21
249.6529536532
 31
0.0
  0
LINE
  5
66A
330
20C
100
AcDbEntity
  8
2
  6
Continuous
390
DFF
 62
   155
420
  5075865
100
AcDbLine
 10
187.2967053305
 20
260.3786444025
 30
0.0
 11
187.2967053306
 21
256.6392409613
 31
0.0
  0
LINE
  5
66B
330
20C
100
AcDbEntity
  8
2
  6
Continuous
390
DFF
 62
   155
420
  5075865
100
AcDbLine
 10
187.2967053304
 20
190.7199534997
 30
0.0
 11
187.2967053304
 21
166.59960998
 31
0.0
  0
LINE
  5
66C
330
20C
100
AcDbEntity
  8
2
  6
Continuous
390
DFF
 62
   155
420
  5075865
100
AcDbLine
 10
187.2967053305
 20
145.6272629039
 30
0.0
 11
187.2967053306
 21
149.3666663452
 31
0.0
  0
LINE
  5
66D
330
20C
100
AcDbEntity
  8
2
  6
Continuous
390
DFF
 62
   155
420
  5075865
100
AcDbLine
 10
187.2967053304
 20
215.2859538068
 30
0.0
 11
187.2967053304
 21
239.4062973264
 31
0.0
  0
LINE
  5
66E
330
20C
100
AcDbEntity
  8
2
  6
Continuous
390
DFF
 62
   155
420
  5075865
100
AcDbLine
 10
187.32290922
 20
218.5113208958
 30
0.0
 11
187.32290922
 21
217.4945864106
 31
0.0
  0
LINE
  5
66F
330
20C
100
AcDbEntity
  8
2
  6
Continuous
390
DFF
 62
   155
420
  5075865
100
AcDbLine
 10
187.32290922
 20
187.4945864107
 30
0.0
 11
187.32290922
 21
188.5113208959
 31
0.0
  0
LINE
  5
670
330
20C
100
AcDbEntity
  8
2
  6
Continuous
390
DFF
 62
   155
420
  5075865
100
AcDbLine
 10
187.3501560506
 20
177.4059387278
 30
0.0
 11
187.3501560506
 21
178.5999685786
 31
0.0
  0
LINE
  5
671
330
20C
100
AcDbEntity
  8
2
  6
Continuous
390
DFF
 62
   155
420
  5075865
100
AcDbLine
 10
187.4063364476
 20
73.3320047314
 30
0.0
 11
187.4063364476
 21
69.8320480305
 31
0.0
  0
LINE
  5
672
330
20C
100
AcDbEntity
  8
2
  6
Continuous
390
DFF
 62
   155
420
  5075865
100
AcDbLine
 10
187.5587442269
 20
260.3786444025
 30
0.0
 11
187.558744227
 21
256.6392409613
 31
0.0
  0
LINE
  5
673
330
20C
100
AcDbEntity
  8
2
  6
Continuous
390
DFF
 62
   155
420
  5075865
100
AcDbLine
 10
187.5587442268
 20
239.4062973264
 30
0.0
 11
187.5587442268
 21
218.7471559025
 31
0.0
  0
LINE
  5
674
330
20C
100
AcDbEntity
  8
2
  6
Continuous
390
DFF
 62
   155
420
  5075865
100
AcDbLine
 10
187.5587442268
 20
217.2587514038
 30
0.0
 11
187.5587442268
 21
215.2859538068
 31
0.0
  0
LINE
  5
675
330
20C
100
AcDbEntity
  8
2
  6
Continuous
390
DFF
 62
   155
420
  5075865
100
AcDbLine
 10
187.5587442269
 20
145.6272629039
 30
0.0
 11
187.558744227
 21
149.3666663452
 31
0.0
  0
LINE
  5
676
330
20C
100
AcDbEntity
  8
2
  6
Continuous
390
DFF
 62
   155
420
  5075865
100
AcDbLine
 10
187.5587442268
 20
166.59960998
 30
0.0
 11
187.5587442268
 21
177.3441705278
 31
0.0
  0
LINE
  5
677
330
20C
100
AcDbEntity
  8
2
  6
Continuous
390
DFF
 62
   155
420
  5075865
100
AcDbLine
 10
187.5587442268
 20
178.6617367787
 30
0.0
 11
187.5587442268
 21
187.2587514039
 31
0.0
  0
LINE
  5
678
330
20C
100
AcDbEntity
  8
2
  6
Continuous
390
DFF
 62
   155
420
  5075865
100
AcDbLine
 10
187.5587442268
 20
188.7471559026
 30
0.0
 11
187.5587442268
 21
190.7199534997
 31
0.0
  0
LINE
  5
679
330
20C
100
AcDbEntity
  8
2
  6
Continuous
390
DFF
 62
   155
420
  5075865
100
AcDbLine
 10
187.7563364476
 20
59.3320047314
 30
0.0
 11
187.7563364476
 21
62.8320047314
 31
0.0
  0
LINE
  5
67A
330
20C
100
AcDbEntity
  8
2
  6
Continuous
390
DFF
 62
   155
420
  5075865
100
AcDbLine
 10
187.9563364476
 20
57.8320047314
 30
0.0
 11
187.9563364476
 21
59.3320047314
 31
0.0
  0
LINE
  5
67B
330
20C
100
AcDbEntity
  8
2
  6
Continuous
390
DFF
 62
   155
420
  5075865
100
AcDbLine
 10
152.2149971593
 20
129.4235113447
 30
0.0
 11
152.089944803
 21
129.1932369618
 31
0.0
  0
LINE
  5
67C
330
20C
100
AcDbEntity
  8
2
  6
Continuous
390
DFF
 62
   155
420
  5075865
100
AcDbLine
 10
39.9391963725
 20
58.13620371149999
 30
0.0
 11
40.6580049703
 21
58.8550123092
 31
0.0
  0
LINE
  5
67D
330
20C
100
AcDbEntity
  8
2
  6
Continuous
390
DFF
 62
   155
420
  5075865
100
AcDbLine
 10
41.1349973924
 20
59.3320047314
 30
0.0
 11
41.1772076629
 21
59.3742150018
 31
0.0
  0
LINE
  5
67E
330
20C
100
AcDbEntity
  8
2
  6
Continuous
390
DFF
 62
   155
420
  5075865
100
AcDbLine
 10
41.63546523239999
 20
59.8324725713
 30
0.0
 11
42.8734765228
 21
61.0704838617
 31
0.0
  0
LINE
  5
67F
330
20C
100
AcDbEntity
  8
2
  6
Continuous
390
DFF
 62
   155
420
  5075865
100
AcDbLine
 10
45.474898748
 20
63.671906087
 30
0.0
 11
46.6349973924
 21
64.8320047314
 31
0.0
  0
LINE
  5
680
330
20C
100
AcDbEntity
  8
2
  6
Continuous
390
DFF
 62
   155
420
  5075865
100
AcDbLine
 10
50.88486006319999
 20
69.0818674021
 30
0.0
 11
51.1349973924
 21
69.3320047314
 31
0.0
  0
LINE
  5
681
330
20C
100
AcDbEntity
  8
2
  6
Continuous
390
DFF
 62
   155
420
  5075865
100
AcDbLine
 10
42.4493527404
 20
57.8320047314
 30
0.0
 11
42.8734765228
 21
58.2561285137
 31
0.0
  0
LINE
  5
682
330
20C
100
AcDbEntity
  8
2
  6
Continuous
390
DFF
 62
   155
420
  5075865
100
AcDbLine
 10
43.9493527404
 20
59.3320047314
 30
0.0
 11
46.4697224713
 21
61.8523744623
 31
0.0
  0
LINE
  5
683
330
20C
100
AcDbEntity
  8
2
  6
Continuous
390
DFF
 62
   155
420
  5075865
100
AcDbLine
 10
47.4493527404
 20
62.8320047314
 30
0.0
 11
49.4493527404
 21
64.8320047314
 31
0.0
  0
LINE
  5
684
330
20C
100
AcDbEntity
  8
2
  6
Continuous
390
DFF
 62
   155
420
  5075865
100
AcDbLine
 10
50.7292086018
 20
66.1118605928
 30
0.0
 11
52.0160250986
 21
67.3986770896
 31
0.0
  0
LINE
  5
685
330
20C
100
AcDbEntity
  8
2
  6
Continuous
390
DFF
 62
   155
420
  5075865
100
AcDbLine
 10
50.2637080884
 20
62.8320047314
 30
0.0
 11
52.2637080884
 21
64.8320047314
 31
0.0
  0
LINE
  5
686
330
20C
100
AcDbEntity
  8
2
  6
Continuous
390
DFF
 62
   155
420
  5075865
100
AcDbLine
 10
54.4664171437
 20
67.03471378659999
 30
0.0
 11
57.2637080884
 21
69.8320047314
 31
0.0
  0
LINE
  5
687
330
20C
100
AcDbEntity
  8
2
  6
Continuous
390
DFF
 62
   155
420
  5075865
100
AcDbLine
 10
53.0780634364
 20
62.8320047314
 30
0.0
 11
60.0780634364
 21
69.8320047314
 31
0.0
  0
LINE
  5
688
330
20C
100
AcDbEntity
  8
2
  6
Continuous
390
DFF
 62
   155
420
  5075865
100
AcDbLine
 10
54.5130720724
 20
61.4526580193
 30
0.0
 11
62.89241878439999
 21
69.8320047314
 31
0.0
  0
LINE
  5
689
330
20C
100
AcDbEntity
  8
2
  6
Continuous
390
DFF
 62
   155
420
  5075865
100
AcDbLine
 10
56.7067741324
 20
60.8320047314
 30
0.0
 11
65.7067741324
 21
69.8320047314
 31
0.0
  0
LINE
  5
68A
330
20C
100
AcDbEntity
  8
2
  6
Continuous
390
DFF
 62
   155
420
  5075865
100
AcDbLine
 10
128.397969205
 20
129.7863808811
 30
0.0
 11
128.1621341982
 21
129.5505458743
 31
0.0
  0
LINE
  5
68B
330
20C
100
AcDbEntity
  8
2
  6
Continuous
390
DFF
 62
   155
420
  5075865
100
AcDbLine
 10
59.5211294804
 20
60.8320047314
 30
0.0
 11
66.4063364476
 21
67.71721169850001
 31
0.0
  0
LINE
  5
68C
330
20C
100
AcDbEntity
  8
2
  6
Continuous
390
DFF
 62
   155
420
  5075865
100
AcDbLine
 10
187.32290922
 20
188.5113208959
 30
0.0
 11
187.5587442268
 21
188.7471559026
 31
0.0
  0
LINE
  5
68D
330
20C
100
AcDbEntity
  8
2
  6
Continuous
390
DFF
 62
   155
420
  5075865
100
AcDbLine
 10
62.3354848285
 20
60.8320047314
 30
0.0
 11
66.4063364476
 21
64.9028563505
 31
0.0
  0
LINE
  5
68E
330
20C
100
AcDbEntity
  8
2
  6
Continuous
390
DFF
 62
   155
420
  5075865
100
AcDbLine
 10
275.0508407354
 20
274.2168605225
 30
0.0
 11
276.235591518
 21
275.1013838646
 31
0.0
  0
LINE
  5
68F
330
20C
100
AcDbEntity
  8
2
  6
Continuous
390
DFF
 62
   155
420
  5075865
100
AcDbLine
 10
50.6621341983
 20
132.30128538
 30
0.0
 11
50.8955731599
 21
132.428873804
 31
0.0
  0
LINE
  5
690
330
20C
100
AcDbEntity
  8
2
  6
Continuous
390
DFF
 62
   155
420
  5075865
100
AcDbLine
 10
341.9290019733
 20
133.8077159617
 30
0.0
 11
341.2913322883
 21
133.7029536532
 31
0.0
  0
LINE
  5
691
330
20C
100
AcDbEntity
  8
2
  6
Continuous
390
DFF
 62
   155
420
  5075865
100
AcDbLine
 10
329.8290019732
 20
133.8077159617
 30
0.0
 11
329.1913322882
 21
133.7029536532
 31
0.0
  0
LINE
  5
692
330
20C
100
AcDbEntity
  8
2
  6
Continuous
390
DFF
 62
   155
420
  5075865
100
AcDbLine
 10
193.8063364476
 20
123.1029536532
 30
0.0
 11
192.7564724853
 21
123.417184712
 31
0.0
  0
LINE
  5
693
330
20C
100
AcDbEntity
  8
2
  6
Continuous
390
DFF
 62
   155
420
  5075865
100
AcDbLine
 10
177.150538697
 20
132.30128538
 30
0.0
 11
176.9170997354
 21
132.428873804
 31
0.0
  0
LINE
  5
694
330
20C
100
AcDbEntity
  8
2
  6
Continuous
390
DFF
 62
   155
420
  5075865
100
AcDbLine
 10
185.9335550649
 20
142.0028919151
 30
0.0
 11
185.7612240763
 21
142.1224964309
 31
0.0
  0
LINE
  5
695
330
20C
100
AcDbEntity
  8
2
  6
Continuous
390
DFF
 62
   155
420
  5075865
100
AcDbLine
 10
191.3568163413
 20
124.7553614413
 30
0.0
 11
191.5402435681
 21
124.5719342145
 31
0.0
  0
LINE
  5
696
330
20C
100
AcDbEntity
  8
2
  6
Continuous
390
DFF
 62
   155
420
  5075865
100
AcDbLine
 10
142.6559933611
 20
174.0029536532
 30
0.0
 11
142.8525225334
 21
173.8064244809
 31
0.0
  0
LINE
  5
697
330
20C
100
AcDbEntity
  8
2
  6
Continuous
390
DFF
 62
   155
420
  5075865
100
AcDbLine
 10
82.9063364476
 20
234.0029536532
 30
0.0
 11
83.10286562
 21
233.8064244809
 31
0.0
  0
LINE
  5
698
330
20C
100
AcDbEntity
  8
2
  6
Continuous
390
DFF
 62
   155
420
  5075865
100
AcDbLine
 10
144.9063364476
 20
172.0029536532
 30
0.0
 11
144.7098072753
 21
172.1994828255
 31
0.0
  0
LINE
  5
699
330
20C
100
AcDbEntity
  8
2
  6
Continuous
390
DFF
 62
   155
420
  5075865
100
AcDbLine
 10
85.15667953409999
 20
232.0029536532
 30
0.0
 11
84.9601503618
 21
232.1994828255
 31
0.0
  0
LINE
  5
69A
330
20C
100
AcDbEntity
  8
2
  6
Continuous
390
DFF
 62
   155
420
  5075865
100
AcDbLine
 10
36.455856554
 20
281.2505458651
 30
0.0
 11
36.2724293272
 21
281.4339730919
 31
0.0
  0
LINE
  5
69B
330
20C
100
AcDbEntity
  8
2
  6
Continuous
390
DFF
 62
   155
420
  5075865
100
AcDbLine
 10
52.1505386971
 20
281.2505459247
 30
0.0
 11
51.91470369029999
 21
281.4863809306
 31
0.0
  0
LINE
  5
69C
330
20C
100
AcDbEntity
  8
2
  6
Continuous
390
DFF
 62
   155
420
  5075865
100
AcDbLine
 10
191.5926514193
 20
143.5113208959
 30
0.0
 11
191.3568164134
 21
143.7471559026
 31
0.0
  0
LINE
  5
69D
330
20C
100
AcDbEntity
  8
2
  6
Continuous
390
DFF
 62
   155
420
  5075865
100
AcDbLine
 10
180.1556294266
 20
134.291413774
 30
0.0
 11
180.0105678002
 21
134.4474132011
 31
0.0
  0
LINE
  5
69E
330
20C
100
AcDbEntity
  8
2
  6
Continuous
390
DFF
 62
   155
420
  5075865
100
AcDbLine
 10
59.9894498583
 20
272.8421173305
 30
0.0
 11
57.9032857813
 21
275.1029536532
 31
0.0
  0
LINE
  5
69F
330
20C
100
AcDbEntity
  8
2
  6
Continuous
390
DFF
 62
   155
420
  5075865
100
AcDbLine
 10
186.0310645036
 20
142.4945864107
 30
0.0
 11
186.1599625104
 21
142.2587514039
 31
0.0
  0
LINE
  5
6A0
330
20C
100
AcDbEntity
  8
2
  6
Continuous
390
DFF
 62
   155
420
  5075865
100
AcDbLine
 10
192.2917326002
 20
62.8320047314
 30
0.0
 11
192.4663364476
 21
57.8320047314
 31
0.0
  0
LINE
  5
6A1
330
20C
100
AcDbEntity
  8
2
  6
Continuous
390
DFF
 62
   155
420
  5075865
100
AcDbLine
 10
189.6539286565
 20
123.3779058297
 30
0.0
 11
189.6539286565
 21
124.5719342074
 31
0.0
  0
LINE
  5
6A2
330
20C
100
AcDbEntity
  8
2
  6
Continuous
390
DFF
 62
   155
420
  5075865
100
AcDbLine
 10
189.6539286565
 20
281.4339730991
 30
0.0
 11
189.6539286565
 21
282.6280014767
 31
0.0
  0
LINE
  5
6A3
330
20C
100
AcDbEntity
  8
2
  6
Continuous
390
DFF
 62
   155
420
  5075865
100
AcDbLine
 10
190.4063364476
 20
62.3320047314
 30
0.0
 11
190.4063364476
 21
62.8320047314
 31
0.0
  0
LINE
  5
6A4
330
20C
100
AcDbEntity
  8
2
  6
Continuous
390
DFF
 62
   155
420
  5075865
100
AcDbLine
 10
190.4063364476
 20
69.8319969189
 30
0.0
 11
190.4063364476
 21
73.3320047314
 31
0.0
  0
LINE
  5
6A5
330
20C
100
AcDbEntity
  8
2
  6
Continuous
390
DFF
 62
   155
420
  5075865
100
AcDbLine
 10
190.8593039367
 20
69.8320047314
 30
0.0
 11
190.8593039367
 21
69.3320001666
 31
0.0
  0
LINE
  5
6A6
330
20C
100
AcDbEntity
  8
2
  6
Continuous
390
DFF
 62
   155
420
  5075865
100
AcDbLine
 10
190.8593039367
 20
57.8320047314
 30
0.0
 11
190.8593039367
 21
59.33205473140001
 31
0.0
  0
LINE
  5
6A7
330
20C
100
AcDbEntity
  8
2
  6
Continuous
390
DFF
 62
   155
420
  5075865
100
AcDbLine
 10
190.8593039367
 20
153.0091341842
 30
0.0
 11
190.8593039367
 21
153.9074163243
 31
0.0
  0
LINE
  5
6A8
330
20C
100
AcDbEntity
  8
2
  6
Continuous
390
DFF
 62
   155
420
  5075865
100
AcDbLine
 10
190.8593039367
 20
162.047295649
 30
0.0
 11
190.8593039367
 21
162.9916380443
 31
0.0
  0
LINE
  5
6A9
330
20C
100
AcDbEntity
  8
2
  6
Continuous
390
DFF
 62
   155
420
  5075865
100
AcDbLine
 10
190.8593039367
 20
243.0142692621
 30
0.0
 11
190.8593039367
 21
243.9586116574
 31
0.0
  0
LINE
  5
6AA
330
20C
100
AcDbEntity
  8
2
  6
Continuous
390
DFF
 62
   155
420
  5075865
100
AcDbLine
 10
190.8593039367
 20
252.0984909822
 30
0.0
 11
190.8593039367
 21
252.9967731222
 31
0.0
  0
LINE
  5
6AB
330
20C
100
AcDbEntity
  8
2
  6
Continuous
390
DFF
 62
   155
420
  5075865
100
AcDbLine
 10
191.0925364476
 20
58.0320047314
 30
0.0
 11
191.0925364476
 21
57.33449229350001
 31
0.0
  0
LINE
  5
6AC
330
20C
100
AcDbEntity
  8
2
  6
Continuous
390
DFF
 62
   155
420
  5075865
100
AcDbLine
 10
191.3568163532
 20
242.1517180064
 30
0.0
 11
191.3568163532
 21
218.7471559025
 31
0.0
  0
LINE
  5
6AD
330
20C
100
AcDbEntity
  8
2
  6
Continuous
390
DFF
 62
   155
420
  5075865
100
AcDbLine
 10
191.3568163532
 20
217.2587514038
 30
0.0
 11
191.3568163532
 21
188.7471559026
 31
0.0
  0
LINE
  5
6AE
330
20C
100
AcDbEntity
  8
2
  6
Continuous
390
DFF
 62
   155
420
  5075865
100
AcDbLine
 10
191.3568163532
 20
187.2587514039
 30
0.0
 11
191.3568163532
 21
163.8541893001
 31
0.0
  0
LINE
  5
6AF
330
20C
100
AcDbEntity
  8
2
  6
Continuous
390
DFF
 62
   155
420
  5075865
100
AcDbLine
 10
191.3568164453
 20
152.146330056
 30
0.0
 11
191.3568164134
 21
143.7471559026
 31
0.0
  0
LINE
  5
6B0
330
20C
100
AcDbEntity
  8
2
  6
Continuous
390
DFF
 62
   155
420
  5075865
100
AcDbLine
 10
191.3568164078
 20
142.2587514039
 30
0.0
 11
191.3568163935
 21
138.5113930803
 31
0.0
  0
LINE
  5
6B1
330
20C
100
AcDbEntity
  8
2
  6
Continuous
390
DFF
 62
   155
420
  5075865
100
AcDbLine
 10
191.3568163745
 20
133.4945141847
 30
0.0
 11
191.3568163658
 21
131.2049141792
 31
0.0
  0
LINE
  5
6B2
330
20C
100
AcDbEntity
  8
2
  6
Continuous
390
DFF
 62
   155
420
  5075865
100
AcDbLine
 10
191.3568163604
 20
129.8009930896
 30
0.0
 11
191.3568163413
 21
124.7553614413
 31
0.0
  0
LINE
  5
6B3
330
20C
100
AcDbEntity
  8
2
  6
Continuous
390
DFF
 62
   155
420
  5075865
100
AcDbLine
 10
191.3568164453
 20
253.8595772504
 30
0.0
 11
191.3568164134
 21
262.2587514038
 31
0.0
  0
LINE
  5
6B4
330
20C
100
AcDbEntity
  8
2
  6
Continuous
390
DFF
 62
   155
420
  5075865
100
AcDbLine
 10
191.3568164078
 20
263.7471559025
 30
0.0
 11
191.3568163935
 21
267.4945142261
 31
0.0
  0
LINE
  5
6B5
330
20C
100
AcDbEntity
  8
2
  6
Continuous
390
DFF
 62
   155
420
  5075865
100
AcDbLine
 10
191.3568163745
 20
272.5113931217
 30
0.0
 11
191.3568163658
 21
274.8009931272
 31
0.0
  0
LINE
  5
6B6
330
20C
100
AcDbEntity
  8
2
  6
Continuous
390
DFF
 62
   155
420
  5075865
100
AcDbLine
 10
191.3568163604
 20
276.2049142169
 30
0.0
 11
191.3568163413
 21
281.2505458651
 31
0.0
  0
LINE
  5
6B7
330
20C
100
AcDbEntity
  8
2
  6
Continuous
390
DFF
 62
   155
420
  5075865
100
AcDbLine
 10
191.5402435635
 20
282.6280014767
 30
0.0
 11
191.5402435681
 21
281.4339730919
 31
0.0
  0
LINE
  5
6B8
330
20C
100
AcDbEntity
  8
2
  6
Continuous
390
DFF
 62
   155
420
  5075865
100
AcDbLine
 10
191.5402435635
 20
123.3779058297
 30
0.0
 11
191.5402435681
 21
124.5719342145
 31
0.0
  0
LINE
  5
6B9
330
20C
100
AcDbEntity
  8
2
  6
Continuous
390
DFF
 62
   155
420
  5075865
100
AcDbLine
 10
191.5926514154
 20
263.5113208958
 30
0.0
 11
191.5926514193
 21
262.4945864106
 31
0.0
  0
LINE
  5
6BA
330
20C
100
AcDbEntity
  8
2
  6
Continuous
390
DFF
 62
   155
420
  5075865
100
AcDbLine
 10
191.59265136
 20
188.5113208959
 30
0.0
 11
191.59265136
 21
187.4945864107
 31
0.0
  0
LINE
  5
6BB
330
20C
100
AcDbEntity
  8
2
  6
Continuous
390
DFF
 62
   155
420
  5075865
100
AcDbLine
 10
191.5926514154
 20
142.4945864107
 30
0.0
 11
191.5926514193
 21
143.5113208959
 31
0.0
  0
LINE
  5
6BC
330
20C
100
AcDbEntity
  8
2
  6
Continuous
390
DFF
 62
   155
420
  5075865
100
AcDbLine
 10
191.59265136
 20
217.4945864106
 30
0.0
 11
191.59265136
 21
218.5113208958
 31
0.0
  0
LINE
  5
6BD
330
20C
100
AcDbEntity
  8
2
  6
Continuous
390
DFF
 62
   155
420
  5075865
100
AcDbLine
 10
191.6188552496
 20
242.6304637419
 30
0.0
 11
191.6188552496
 21
163.3754435645
 31
0.0
  0
LINE
  5
6BE
330
20C
100
AcDbEntity
  8
2
  6
Continuous
390
DFF
 62
   155
420
  5075865
100
AcDbLine
 10
191.6188553436
 20
152.6288547127
 30
0.0
 11
191.6188552874
 21
137.8379273602
 31
0.0
  0
LINE
  5
6BF
330
20C
100
AcDbEntity
  8
2
  6
Continuous
390
DFF
 62
   155
420
  5075865
100
AcDbLine
 10
191.6188552735
 20
134.1679799028
 30
0.0
 11
191.6188552326
 21
123.417184712
 31
0.0
  0
LINE
  5
6C0
330
20C
100
AcDbEntity
  8
2
  6
Continuous
390
DFF
 62
   155
420
  5075865
100
AcDbLine
 10
191.6188553436
 20
253.3770525937
 30
0.0
 11
191.6188552874
 21
268.1679799462
 31
0.0
  0
LINE
  5
6C1
330
20C
100
AcDbEntity
  8
2
  6
Continuous
390
DFF
 62
   155
420
  5075865
100
AcDbLine
 10
191.6188552735
 20
271.8379274036
 30
0.0
 11
191.6188552326
 21
282.5887225944
 31
0.0
  0
LINE
  5
6C2
330
20C
100
AcDbEntity
  8
2
  6
Continuous
390
DFF
 62
   155
420
  5075865
100
AcDbLine
 10
191.6925364476
 20
57.33449229350001
 30
0.0
 11
191.6925364476
 21
58.0320047314
 31
0.0
  0
LINE
  5
6C3
330
20C
100
AcDbEntity
  8
2
  6
Continuous
390
DFF
 62
   155
420
  5075865
100
AcDbLine
 10
191.8822586548
 20
160.0333702174
 30
0.0
 11
191.8822586548
 21
156.239543178
 31
0.0
  0
LINE
  5
6C4
330
20C
100
AcDbEntity
  8
2
  6
Continuous
390
DFF
 62
   155
420
  5075865
100
AcDbLine
 10
191.8822586548
 20
245.972537089
 30
0.0
 11
191.8822586548
 21
249.7663641285
 31
0.0
  0
LINE
  5
6C5
330
20C
100
AcDbEntity
  8
2
  6
Continuous
390
DFF
 62
   155
420
  5075865
100
AcDbLine
 10
191.9063364476
 20
69.8320047314
 30
0.0
 11
191.9063364476
 21
65.8320047314
 31
0.0
  0
LINE
  5
6C6
330
20C
100
AcDbEntity
  8
2
  6
Continuous
390
DFF
 62
   155
420
  5075865
100
AcDbLine
 10
192.1442975512
 20
159.771331321
 30
0.0
 11
192.1442975512
 21
156.239543178
 31
0.0
  0
LINE
  5
6C7
330
20C
100
AcDbEntity
  8
2
  6
Continuous
390
DFF
 62
   155
420
  5075865
100
AcDbLine
 10
192.1442975512
 20
246.2345759854
 30
0.0
 11
192.1442975512
 21
249.7663641285
 31
0.0
  0
LINE
  5
6C8
330
20C
100
AcDbEntity
  8
2
  6
Continuous
390
DFF
 62
   155
420
  5075865
100
AcDbLine
 10
192.7564724853
 20
123.417184712
 30
0.0
 11
192.7564724853
 21
155.0406752548
 31
0.0
  0
LINE
  5
6C9
330
20C
100
AcDbEntity
  8
2
  6
Continuous
390
DFF
 62
   155
420
  5075865
100
AcDbLine
 10
192.7564724853
 20
161.0198434203
 30
0.0
 11
192.7564724853
 21
244.9860638861
 31
0.0
  0
LINE
  5
6CA
330
20C
100
AcDbEntity
  8
2
  6
Continuous
390
DFF
 62
   155
420
  5075865
100
AcDbLine
 10
192.7564724853
 20
250.9652320516
 30
0.0
 11
192.7564724853
 21
282.5887225944
 31
0.0
  0
LINE
  5
6CB
330
20C
100
AcDbEntity
  8
2
  6
Continuous
390
DFF
 62
   155
420
  5075865
100
AcDbLine
 10
193.193915803
 20
250.7649925496
 30
0.0
 11
193.193915803
 21
245.2409147568
 31
0.0
  0
LINE
  5
6CC
330
20C
100
AcDbEntity
  8
2
  6
Continuous
390
DFF
 62
   155
420
  5075865
100
AcDbLine
 10
193.193915803
 20
155.2409147568
 30
0.0
 11
193.193915803
 21
160.7649925496
 31
0.0
  0
LINE
  5
6CD
330
20C
100
AcDbEntity
  8
2
  6
Continuous
390
DFF
 62
   155
420
  5075865
100
AcDbLine
 10
193.8063364476
 20
123.1029536532
 30
0.0
 11
193.8063364476
 21
282.9029536532
 31
0.0
  0
LINE
  5
6CE
330
20C
100
AcDbEntity
  8
dim
  6
Continuous
390
DFF
 62
    84
420
  2529536
100
AcDbLine
 10
196.554579632
 20
333.1845525843
 30
0.0
 11
196.554579632
 21
327.5753850324
 31
0.0
  0
LINE
  5
6CF
330
20C
100
AcDbEntity
  8
dim
  6
Continuous
390
DFF
 62
    84
420
  2529536
100
AcDbLine
 10
196.554579632
 20
0.0
 30
0.0
 11
196.554579632
 21
5.609167551900001
 31
0.0
  0
LINE
  5
6D0
330
20C
100
AcDbEntity
  8
1
  6
Continuous
390
DFF
 62
    32
420
 13395456
100
AcDbLine
 10
203.7565852039
 20
145.9532024094
 30
0.0
 11
203.7565852039
 21
136.0029536532
 31
0.0
  0
LINE
  5
6D1
330
20C
100
AcDbEntity
  8
2
  6
Continuous
390
DFF
 62
   155
420
  5075865
100
AcDbLine
 10
191.4063364476
 20
59.3320047314
 30
0.0
 11
191.5285591409
 21
62.8320047314
 31
0.0
  0
LINE
  5
6D2
330
20C
100
AcDbEntity
  8
2
  6
Continuous
390
DFF
 62
   155
420
  5075865
100
AcDbLine
 10
191.4092241724
 20
65.8320047314
 30
0.0
 11
191.6188552895
 21
69.8320047312
 31
0.0
  0
LINE
  5
6D3
330
20C
100
AcDbEntity
  8
2
  6
Continuous
390
DFF
 62
   155
420
  5075865
100
AcDbLine
 10
177.3804316292
 20
57.8320047314
 30
0.0
 11
177.707430596
 21
60.8320047314
 31
0.0
  0
LINE
  5
6D4
330
20C
100
AcDbEntity
  8
2
  6
Continuous
390
DFF
 62
   155
420
  5075865
100
AcDbLine
 10
179.7791603361
 20
57.8320047314
 30
0.0
 11
179.8344014341
 21
58.1500827564
 31
0.0
  0
LINE
  5
6D5
330
20C
100
AcDbEntity
  8
2
  6
Continuous
390
DFF
 62
   155
420
  5075865
100
AcDbLine
 10
175.897969205
 20
131.7779152603
 30
0.0
 11
175.6621341982
 21
131.3464256522
 31
0.0
  0
LINE
  5
6D6
330
20C
100
AcDbEntity
  8
2
  6
Continuous
390
DFF
 62
   155
420
  5075865
100
AcDbLine
 10
163.1460696651
 20
126.3616055047
 30
0.0
 11
164.0117676433
 21
127.6951249504
 31
0.0
  0
LINE
  5
6D7
330
20C
100
AcDbEntity
  8
2
  6
Continuous
390
DFF
 62
   155
420
  5075865
100
AcDbLine
 10
163.3658565332
 20
126.2189236353
 30
0.0
 11
164.2315545114
 21
127.5524430811
 31
0.0
  0
LINE
  5
6D8
330
20C
100
AcDbEntity
  8
2
  6
Continuous
390
DFF
 62
   155
420
  5075865
100
AcDbLine
 10
150.5272089215
 20
133.3121955052
 30
0.0
 11
148.4969908826
 21
131.1029511621
 31
0.0
  0
LINE
  5
6D9
330
20C
100
AcDbEntity
  8
2
  6
Continuous
390
DFF
 62
   155
420
  5075865
100
AcDbLine
 10
191.59265136
 20
187.4945864107
 30
0.0
 11
191.3568163532
 21
187.2587514039
 31
0.0
  0
LINE
  5
6DA
330
20C
100
AcDbEntity
  8
2
  6
Continuous
390
DFF
 62
   155
420
  5075865
100
AcDbLine
 10
65.14984017649999
 20
60.8320047314
 30
0.0
 11
65.4063364476
 21
61.0885010025
 31
0.0
  0
LINE
  5
6DB
330
20C
100
AcDbEntity
  8
2
  6
Continuous
390
DFF
 62
   155
420
  5075865
100
AcDbLine
 10
66.64984017649999
 20
62.3320047314
 30
0.0
 11
67.64984017649999
 21
63.3320047314
 31
0.0
  0
LINE
  5
6DC
330
20C
100
AcDbEntity
  8
2
  6
Continuous
390
DFF
 62
   155
420
  5075865
100
AcDbLine
 10
71.4063364476
 20
67.0885010025
 30
0.0
 11
74.14984017649999
 21
69.8320047314
 31
0.0
  0
LINE
  5
6DD
330
20C
100
AcDbEntity
  8
2
  6
Continuous
390
DFF
 62
   155
420
  5075865
100
AcDbLine
 10
129.4147036902
 20
124.5195265412
 30
0.0
 11
129.6505386966
 21
124.7553615485
 31
0.0
  0
LINE
  5
6DE
330
20C
100
AcDbEntity
  8
2
  6
Continuous
390
DFF
 62
   155
420
  5075865
100
AcDbLine
 10
69.4641955245
 20
62.3320047314
 30
0.0
 11
70.4641955245
 21
63.3320047314
 31
0.0
  0
LINE
  5
6DF
330
20C
100
AcDbEntity
  8
2
  6
Continuous
390
DFF
 62
   155
420
  5075865
100
AcDbLine
 10
71.4063364476
 20
64.2741456545
 30
0.0
 11
76.9641955245
 21
69.8320047314
 31
0.0
  0
LINE
  5
6E0
330
20C
100
AcDbEntity
  8
2
  6
Continuous
390
DFF
 62
   155
420
  5075865
100
AcDbLine
 10
72.27855087250001
 20
62.3320047314
 30
0.0
 11
79.77855087250001
 21
69.8320047314
 31
0.0
  0
LINE
  5
6E1
330
20C
100
AcDbEntity
  8
2
  6
Continuous
390
DFF
 62
   155
420
  5075865
100
AcDbLine
 10
73.5929062205
 20
60.8320047314
 30
0.0
 11
82.5929062205
 21
69.8320047314
 31
0.0
  0
LINE
  5
6E2
330
20C
100
AcDbEntity
  8
2
  6
Continuous
390
DFF
 62
   155
420
  5075865
100
AcDbLine
 10
76.4072615685
 20
60.8320047314
 30
0.0
 11
85.4072615685
 21
69.8320047314
 31
0.0
  0
LINE
  5
6E3
330
20C
100
AcDbEntity
  8
2
  6
Continuous
390
DFF
 62
   155
420
  5075865
100
AcDbLine
 10
79.2216169165
 20
60.8320047314
 30
0.0
 11
88.2216169165
 21
69.8320047314
 31
0.0
  0
LINE
  5
6E4
330
20C
100
AcDbEntity
  8
2
  6
Continuous
390
DFF
 62
   155
420
  5075865
100
AcDbLine
 10
82.0359722645
 20
60.8320047314
 30
0.0
 11
91.0359722645
 21
69.8320047314
 31
0.0
  0
LINE
  5
6E5
330
20C
100
AcDbEntity
  8
2
  6
Continuous
390
DFF
 62
   155
420
  5075865
100
AcDbLine
 10
84.8503276125
 20
60.8320047314
 30
0.0
 11
93.8503276125
 21
69.8320047314
 31
0.0
  0
LINE
  5
6E6
330
20C
100
AcDbEntity
  8
2
  6
Continuous
390
DFF
 62
   155
420
  5075865
100
AcDbLine
 10
186.0063364475
 20
169.0253458987
 30
0.0
 11
183.7455001248
 21
166.9198402425
 31
0.0
  0
LINE
  5
6E7
330
20C
100
AcDbEntity
  8
2
  6
Continuous
390
DFF
 62
   155
420
  5075865
100
AcDbLine
 10
264.9209374476
 20
236.9811427381
 30
0.0
 11
267.1811495532
 21
239.0860670639
 31
0.0
  0
LINE
  5
6E8
330
20C
100
AcDbEntity
  8
2
  6
Continuous
390
DFF
 62
   155
420
  5075865
100
AcDbLine
 10
71.1563364476
 20
69.3320047314
 30
0.0
 11
71.7522132439
 21
69.8320047314
 31
0.0
  0
LINE
  5
6E9
330
20C
100
AcDbEntity
  8
2
  6
Continuous
390
DFF
 62
   155
420
  5075865
100
AcDbLine
 10
73.32793121260001
 20
125.2507359617
 30
0.0
 11
73.0976568295
 21
125.1256836058
 31
0.0
  0
LINE
  5
6EA
330
20C
100
AcDbEntity
  8
2
  6
Continuous
390
DFF
 62
   155
420
  5075865
100
AcDbLine
 10
71.9304142405
 20
123.417184712
 30
0.0
 11
71.668375344
 21
123.2862551042
 31
0.0
  0
LINE
  5
6EB
330
20C
100
AcDbEntity
  8
2
  6
Continuous
390
DFF
 62
   155
420
  5075865
100
AcDbLine
 10
40.6690777576
 20
144.5608457766
 30
0.0
 11
40.4176238008
 21
144.4871213514
 31
0.0
  0
LINE
  5
6EC
330
20C
100
AcDbEntity
  8
2
  6
Continuous
390
DFF
 62
   155
420
  5075865
100
AcDbLine
 10
193.8063364476
 20
123.1029536532
 30
0.0
 11
34.0063364476
 21
123.1029536532
 31
0.0
  0
LINE
  5
6ED
330
20C
100
AcDbEntity
  8
2
  6
Continuous
390
DFF
 62
   155
420
  5075865
100
AcDbLine
 10
257.1203132304
 20
123.1029536532
 30
0.0
 11
416.9203132304
 21
123.1029536532
 31
0.0
  0
LINE
  5
6EE
330
20C
100
AcDbEntity
  8
2
  6
Continuous
390
DFF
 62
   155
420
  5075865
100
AcDbLine
 10
71.668375344
 20
123.2862551042
 30
0.0
 11
66.1442975512
 21
123.2862551042
 31
0.0
  0
LINE
  5
6EF
330
20C
100
AcDbEntity
  8
2
  6
Continuous
390
DFF
 62
   155
420
  5075865
100
AcDbLine
 10
156.1442975512
 20
123.2862551042
 30
0.0
 11
161.668375344
 21
123.2862551042
 31
0.0
  0
LINE
  5
6F0
330
20C
100
AcDbEntity
  8
2
  6
Continuous
390
DFF
 62
   155
420
  5075865
100
AcDbLine
 10
191.5402435635
 20
123.3779058297
 30
0.0
 11
189.6539286565
 21
123.3779058297
 31
0.0
  0
LINE
  5
6F1
330
20C
100
AcDbEntity
  8
2
  6
Continuous
390
DFF
 62
   155
420
  5075865
100
AcDbLine
 10
38.1587442388
 20
123.3779058297
 30
0.0
 11
36.2724293317
 21
123.3779058297
 31
0.0
  0
LINE
  5
6F2
330
20C
100
AcDbEntity
  8
2
  6
Continuous
390
DFF
 62
   155
420
  5075865
100
AcDbLine
 10
192.7564724853
 20
123.417184712
 30
0.0
 11
191.6188552326
 21
123.417184712
 31
0.0
  0
LINE
  5
6F3
330
20C
100
AcDbEntity
  8
2
  6
Continuous
390
DFF
 62
   155
420
  5075865
100
AcDbLine
 10
189.6539286565
 20
123.417184712
 30
0.0
 11
161.9304142405
 21
123.417184712
 31
0.0
  0
LINE
  5
6F4
330
20C
100
AcDbEntity
  8
2
  6
Continuous
390
DFF
 62
   155
420
  5075865
100
AcDbLine
 10
155.8822586548
 20
123.417184712
 30
0.0
 11
71.9304142405
 21
123.417184712
 31
0.0
  0
LINE
  5
6F5
330
20C
100
AcDbEntity
  8
2
  6
Continuous
390
DFF
 62
   155
420
  5075865
100
AcDbLine
 10
65.8822586548
 20
123.417184712
 30
0.0
 11
38.1587442388
 21
123.417184712
 31
0.0
  0
LINE
  5
6F6
330
20C
100
AcDbEntity
  8
2
  6
Continuous
390
DFF
 62
   155
420
  5075865
100
AcDbLine
 10
36.1938176627
 20
123.417184712
 30
0.0
 11
35.0562004099
 21
123.417184712
 31
0.0
  0
LINE
  5
6F7
330
20C
100
AcDbEntity
  8
2
  6
Continuous
390
DFF
 62
   155
420
  5075865
100
AcDbLine
 10
233.8181083848
 20
124.0229536532
 30
0.0
 11
234.3181075919
 21
124.0229536532
 31
0.0
  0
LINE
  5
6F8
330
20C
100
AcDbEntity
  8
2
  6
Continuous
390
DFF
 62
   155
420
  5075865
100
AcDbLine
 10
415.5803132304
 20
124.4429536532
 30
0.0
 11
415.4738871221
 21
124.4429536532
 31
0.0
  0
LINE
  5
6F9
330
20C
100
AcDbEntity
  8
2
  6
Continuous
390
DFF
 62
   155
420
  5075865
100
AcDbLine
 10
413.4883393387
 20
124.4429536532
 30
0.0
 11
260.4802336634
 21
124.4429536532
 31
0.0
  0
LINE
  5
6FA
330
20C
100
AcDbEntity
  8
2
  6
Continuous
390
DFF
 62
   155
420
  5075865
100
AcDbLine
 10
258.4603132304
 20
124.4429536532
 30
0.0
 11
258.5667393387
 21
124.4429536532
 31
0.0
  0
LINE
  5
6FB
330
20C
100
AcDbEntity
  8
2
  6
Continuous
390
DFF
 62
   155
420
  5075865
100
AcDbLine
 10
189.6539286565
 20
124.4933225384
 30
0.0
 11
164.1606558186
 21
124.4933224416
 31
0.0
  0
LINE
  5
6FC
330
20C
100
AcDbEntity
  8
2
  6
Continuous
390
DFF
 62
   155
420
  5075865
100
AcDbLine
 10
153.6520170767
 20
124.4933224416
 30
0.0
 11
74.16065581859999
 21
124.4933227436
 31
0.0
  0
LINE
  5
6FD
330
20C
100
AcDbEntity
  8
2
  6
Continuous
390
DFF
 62
   155
420
  5075865
100
AcDbLine
 10
38.1587442388
 20
124.4933225384
 30
0.0
 11
63.6520170767
 21
124.4933224416
 31
0.0
  0
LINE
  5
6FE
330
20C
100
AcDbEntity
  8
2
  6
Continuous
390
DFF
 62
   155
420
  5075865
100
AcDbLine
 10
99.4147036903
 20
124.5195265373
 30
0.0
 11
98.3979692051
 21
124.5195265412
 31
0.0
  0
LINE
  5
6FF
330
20C
100
AcDbEntity
  8
2
  6
Continuous
390
DFF
 62
   155
420
  5075865
100
AcDbLine
 10
51.91470369029999
 20
124.5195263758
 30
0.0
 11
50.8979692051
 21
124.5195263797
 31
0.0
  0
LINE
  5
700
330
20C
100
AcDbEntity
  8
2
  6
Continuous
390
DFF
 62
   155
420
  5075865
100
AcDbLine
 10
128.397969205
 20
124.5195265373
 30
0.0
 11
129.4147036902
 21
124.5195265412
 31
0.0
  0
LINE
  5
701
330
20C
100
AcDbEntity
  8
2
  6
Continuous
390
DFF
 62
   155
420
  5075865
100
AcDbLine
 10
175.897969205
 20
124.5195263758
 30
0.0
 11
176.9147036902
 21
124.5195263797
 31
0.0
  0
LINE
  5
702
330
20C
100
AcDbEntity
  8
2
  6
Continuous
390
DFF
 62
   155
420
  5075865
100
AcDbLine
 10
191.5402435681
 20
124.5719342145
 30
0.0
 11
189.6539286565
 21
124.5719342074
 31
0.0
  0
LINE
  5
703
330
20C
100
AcDbEntity
  8
2
  6
Continuous
390
DFF
 62
   155
420
  5075865
100
AcDbLine
 10
38.1587442388
 20
124.5719342074
 30
0.0
 11
36.2724293272
 21
124.5719342145
 31
0.0
  0
LINE
  5
704
330
20C
100
AcDbEntity
  8
2
  6
Continuous
390
DFF
 62
   155
420
  5075865
100
AcDbLine
 10
260.4395331693
 20
124.6175575007
 30
0.0
 11
413.5254937595
 21
124.6175575007
 31
0.0
  0
LINE
  5
705
330
20C
100
AcDbEntity
  8
2
  6
Continuous
390
DFF
 62
   155
420
  5075865
100
AcDbLine
 10
234.3181075919
 20
124.6229536532
 30
0.0
 11
233.8181083848
 21
124.6229536532
 31
0.0
  0
LINE
  5
706
330
20C
100
AcDbEntity
  8
2
  6
Continuous
390
DFF
 62
   155
420
  5075865
100
AcDbLine
 10
191.3568163413
 20
124.7553614413
 30
0.0
 11
177.150538697
 21
124.7553613873
 31
0.0
  0
LINE
  5
707
330
20C
100
AcDbEntity
  8
2
  6
Continuous
390
DFF
 62
   155
420
  5075865
100
AcDbLine
 10
175.6621341982
 20
124.7553613817
 30
0.0
 11
164.1606558176
 21
124.755361338
 31
0.0
  0
LINE
  5
708
330
20C
100
AcDbEntity
  8
2
  6
Continuous
390
DFF
 62
   155
420
  5075865
100
AcDbLine
 10
36.455856554
 20
124.7553614413
 30
0.0
 11
50.6621341983
 21
124.7553613873
 31
0.0
  0
LINE
  5
709
330
20C
100
AcDbEntity
  8
2
  6
Continuous
390
DFF
 62
   155
420
  5075865
100
AcDbLine
 10
52.1505386971
 20
124.7553613817
 30
0.0
 11
63.6520170777
 21
124.755361338
 31
0.0
  0
LINE
  5
70A
330
20C
100
AcDbEntity
  8
2
  6
Continuous
390
DFF
 62
   155
420
  5075865
100
AcDbLine
 10
74.1606558176
 20
124.75536164
 30
0.0
 11
98.1621341983
 21
124.7553615488
 31
0.0
  0
LINE
  5
70B
330
20C
100
AcDbEntity
  8
2
  6
Continuous
390
DFF
 62
   155
420
  5075865
100
AcDbLine
 10
99.65053869709999
 20
124.7553615432
 30
0.0
 11
128.1621341982
 21
124.7553614348
 31
0.0
  0
LINE
  5
70C
330
20C
100
AcDbEntity
  8
2
  6
Continuous
390
DFF
 62
   155
420
  5075865
100
AcDbLine
 10
129.650538697
 20
124.7553614292
 30
0.0
 11
153.6520170777
 21
124.755361338
 31
0.0
  0
LINE
  5
70D
330
20C
100
AcDbEntity
  8
2
  6
Continuous
390
DFF
 62
   155
420
  5075865
100
AcDbLine
 10
70.66974580919999
 20
124.7649925496
 30
0.0
 11
67.14292597239999
 21
124.7649925496
 31
0.0
  0
LINE
  5
70E
330
20C
100
AcDbEntity
  8
2
  6
Continuous
390
DFF
 62
   155
420
  5075865
100
AcDbLine
 10
157.142927086
 20
124.7649925496
 30
0.0
 11
160.6697469229
 21
124.7649925496
 31
0.0
  0
LINE
  5
70F
330
20C
100
AcDbEntity
  8
dim
  6
Continuous
390
DFF
 62
    84
420
  2529536
100
AcDbLine
 10
471.7309911169
 20
124.9442072191
 30
0.0
 11
466.1218235649
 21
124.9442072191
 31
0.0
  0
LINE
  5
710
330
20C
100
AcDbEntity
  8
dim
  6
Continuous
390
DFF
 62
    84
420
  2529536
100
AcDbLine
 10
0.0
 20
124.9442072191
 30
0.0
 11
5.609167551900001
 21
124.9442072191
 31
0.0
  0
LINE
  5
711
330
20C
100
AcDbEntity
  8
2
  6
Continuous
390
DFF
 62
   155
420
  5075865
100
AcDbLine
 10
160.6697714925
 20
125.027031446
 30
0.0
 11
157.142927086
 21
125.027031446
 31
0.0
  0
LINE
  5
712
330
20C
100
AcDbEntity
  8
2
  6
Continuous
390
DFF
 62
   155
420
  5075865
100
AcDbLine
 10
67.14290140279999
 20
125.027031446
 30
0.0
 11
70.66974580919999
 21
125.027031446
 31
0.0
  0
LINE
  5
713
330
20C
100
AcDbEntity
  8
2
  6
Continuous
390
DFF
 62
   155
420
  5075865
100
AcDbLine
 10
218.3181075919
 20
126.5029536532
 30
0.0
 11
221.8181154044
 21
126.5029536532
 31
0.0
  0
LINE
  5
714
330
20C
100
AcDbEntity
  8
2
  6
Continuous
390
DFF
 62
   155
420
  5075865
100
AcDbLine
 10
60.2700491397
 20
129.3505458739
 30
0.0
 11
56.4497873673
 21
129.3505458739
 31
0.0
  0
LINE
  5
715
330
20C
100
AcDbEntity
  8
2
  6
Continuous
390
DFF
 62
   155
420
  5075865
100
AcDbLine
 10
167.5426237556
 20
129.3505458739
 30
0.0
 11
171.362885528
 21
129.3505458739
 31
0.0
  0
LINE
  5
716
330
20C
100
AcDbEntity
  8
2
  6
Continuous
390
DFF
 62
   155
420
  5075865
100
AcDbLine
 10
288.5670132694
 20
129.4331121141
 30
0.0
 11
279.7103604219
 21
129.4331121142
 31
0.0
  0
LINE
  5
717
330
20C
100
AcDbEntity
  8
2
  6
Continuous
390
DFF
 62
   155
420
  5075865
100
AcDbLine
 10
385.4736131913
 20
129.4331121141
 30
0.0
 11
394.3302660389
 21
129.4331121142
 31
0.0
  0
LINE
  5
718
330
20C
100
AcDbEntity
  8
2
  6
Continuous
390
DFF
 62
   155
420
  5075865
100
AcDbLine
 10
394.3302660389
 20
129.5029536532
 30
0.0
 11
385.4844148455001
 21
129.5029536531
 31
0.0
  0
LINE
  5
719
330
20C
100
AcDbEntity
  8
2
  6
Continuous
390
DFF
 62
   155
420
  5075865
100
AcDbLine
 10
221.8180642928
 20
129.5029536532
 30
0.0
 11
218.3181075919
 21
129.5029536532
 31
0.0
  0
LINE
  5
71A
330
20C
100
AcDbEntity
  8
2
  6
Continuous
390
DFF
 62
   155
420
  5075865
100
AcDbLine
 10
279.7103604219
 20
129.5029536532
 30
0.0
 11
288.5562116153
 21
129.5029536531
 31
0.0
  0
LINE
  5
71B
330
20C
100
AcDbEntity
  8
2
  6
Continuous
390
DFF
 62
   155
420
  5075865
100
AcDbLine
 10
150.6832706117
 20
129.5505458739
 30
0.0
 11
129.650538697
 21
129.5505458743
 31
0.0
  0
LINE
  5
71C
330
20C
100
AcDbEntity
  8
2
  6
Continuous
390
DFF
 62
   155
420
  5075865
100
AcDbLine
 10
128.1621341982
 20
129.5505458743
 30
0.0
 11
126.4063364476
 21
129.5505458743
 31
0.0
  0
LINE
  5
71D
330
20C
100
AcDbEntity
  8
2
  6
Continuous
390
DFF
 62
   155
420
  5075865
100
AcDbLine
 10
77.1294022836
 20
129.5505458739
 30
0.0
 11
88.3093215223
 21
129.5505458741
 31
0.0
  0
LINE
  5
71E
330
20C
100
AcDbEntity
  8
2
  6
Continuous
390
DFF
 62
   155
420
  5075865
100
AcDbLine
 10
89.50335137299999
 20
129.5505458741
 30
0.0
 11
98.1621341983
 21
129.5505458743
 31
0.0
  0
LINE
  5
71F
330
20C
100
AcDbEntity
  8
2
  6
Continuous
390
DFF
 62
   155
420
  5075865
100
AcDbLine
 10
99.65053869709999
 20
129.5505458743
 30
0.0
 11
101.4063364477
 21
129.5505458743
 31
0.0
  0
LINE
  5
720
330
20C
100
AcDbEntity
  8
2
  6
Continuous
390
DFF
 62
   155
420
  5075865
100
AcDbLine
 10
60.2700491397
 20
129.6125847703
 30
0.0
 11
56.4497873673
 21
129.6125847704
 31
0.0
  0
LINE
  5
721
330
20C
100
AcDbEntity
  8
2
  6
Continuous
390
DFF
 62
   155
420
  5075865
100
AcDbLine
 10
167.5426237556
 20
129.6125847703
 30
0.0
 11
171.362885528
 21
129.6125847704
 31
0.0
  0
LINE
  5
722
330
20C
100
AcDbEntity
  8
2
  6
Continuous
390
DFF
 62
   155
420
  5075865
100
AcDbLine
 10
325.0203132304
 20
129.6331121142
 30
0.0
 11
295.5007179821
 21
129.6331121142
 31
0.0
  0
LINE
  5
723
330
20C
100
AcDbEntity
  8
2
  6
Continuous
390
DFF
 62
   155
420
  5075865
100
AcDbLine
 10
349.0203132304
 20
129.6331121142
 30
0.0
 11
378.5399084786
 21
129.6331121142
 31
0.0
  0
LINE
  5
724
330
20C
100
AcDbEntity
  8
2
  6
Continuous
390
DFF
 62
   155
420
  5075865
100
AcDbLine
 10
378.5331940756
 20
129.7029536532
 30
0.0
 11
349.0203132304
 21
129.7029536532
 31
0.0
  0
LINE
  5
725
330
20C
100
AcDbEntity
  8
2
  6
Continuous
390
DFF
 62
   155
420
  5075865
100
AcDbLine
 10
295.5074323852
 20
129.7029536532
 30
0.0
 11
325.0203132304
 21
129.7029536532
 31
0.0
  0
LINE
  5
726
330
20C
100
AcDbEntity
  8
2
  6
Continuous
390
DFF
 62
   155
420
  5075865
100
AcDbLine
 10
89.50335137299999
 20
129.7591340504
 30
0.0
 11
88.3093215223
 21
129.7591340503
 31
0.0
  0
LINE
  5
727
330
20C
100
AcDbEntity
  8
2
  6
Continuous
390
DFF
 62
   155
420
  5075865
100
AcDbLine
 10
129.4147036902
 20
129.7863808811
 30
0.0
 11
128.397969205
 21
129.7863808811
 31
0.0
  0
LINE
  5
728
330
20C
100
AcDbEntity
  8
2
  6
Continuous
390
DFF
 62
   155
420
  5075865
100
AcDbLine
 10
98.3979692051
 20
129.7863808811
 30
0.0
 11
99.4147036903
 21
129.7863808811
 31
0.0
  0
LINE
  5
729
330
20C
100
AcDbEntity
  8
2
  6
Continuous
390
DFF
 62
   155
420
  5075865
100
AcDbLine
 10
101.4063364477
 20
129.8125847708
 30
0.0
 11
77.1294022836
 21
129.8125847703
 31
0.0
  0
LINE
  5
72A
330
20C
100
AcDbEntity
  8
2
  6
Continuous
390
DFF
 62
   155
420
  5075865
100
AcDbLine
 10
126.4063364476
 20
129.8125847708
 30
0.0
 11
150.6832706117
 21
129.8125847703
 31
0.0
  0
LINE
  5
72B
330
20C
100
AcDbEntity
  8
1
  6
PHANTOM
390
DFF
 62
    32
420
 13395456
100
AcDbLine
 10
172.4063364476
 20
130.0029536532
 30
0.0
 11
24.0560876914
 21
130.0029536532
 31
0.0
  0
LINE
  5
72C
330
20C
100
AcDbEntity
  8
screw
  6
CENTER
390
DFF
 62
     1
100
AcDbLine
 10
67.25633644760001
 20
130.0029536532
 30
0.0
 11
70.5563364476
 21
130.0029536532
 31
0.0
  0
LINE
  5
72D
330
20C
100
AcDbEntity
  8
screw
  6
CENTER
390
DFF
 62
     1
100
AcDbLine
 10
157.2563364476
 20
130.0029536532
 30
0.0
 11
160.5563364476
 21
130.0029536532
 31
0.0
  0
LINE
  5
72E
330
20C
100
AcDbEntity
  8
2
  6
Continuous
390
DFF
 62
   155
420
  5075865
100
AcDbLine
 10
394.3302660389
 20
130.9029536532
 30
0.0
 11
385.4026201355001
 21
130.9029536531
 31
0.0
  0
LINE
  5
72F
330
20C
100
AcDbEntity
  8
2
  6
Continuous
390
DFF
 62
   155
420
  5075865
100
AcDbLine
 10
171.2162892561
 20
130.9029536532
 30
0.0
 11
169.909387114
 21
130.9029536532
 31
0.0
  0
LINE
  5
730
330
20C
100
AcDbEntity
  8
2
  6
Continuous
390
DFF
 62
   155
420
  5075865
100
AcDbLine
 10
56.5963836392
 20
130.9029536532
 30
0.0
 11
57.9032857813
 21
130.9029536532
 31
0.0
  0
LINE
  5
731
330
20C
100
AcDbEntity
  8
2
  6
Continuous
390
DFF
 62
   155
420
  5075865
100
AcDbLine
 10
279.7103604219
 20
130.9029536532
 30
0.0
 11
288.6380063253
 21
130.9029536531
 31
0.0
  0
LINE
  5
732
330
20C
100
AcDbEntity
  8
2
  6
Continuous
390
DFF
 62
   155
420
  5075865
100
AcDbLine
 10
371.4051188075
 20
130.9035778705
 30
0.0
 11
370.9985023153
 21
130.9035778705
 31
0.0
  0
LINE
  5
733
330
20C
100
AcDbEntity
  8
2
  6
Continuous
390
DFF
 62
   155
420
  5075865
100
AcDbLine
 10
302.6355076533
 20
130.9035778705
 30
0.0
 11
303.0421241455
 21
130.9035778705
 31
0.0
  0
LINE
  5
734
330
20C
100
AcDbEntity
  8
2
  6
Continuous
390
DFF
 62
   155
420
  5075865
100
AcDbLine
 10
378.6976636852
 20
131.1029536532
 30
0.0
 11
367.8895510452
 21
131.1029536532
 31
0.0
  0
LINE
  5
735
330
20C
100
AcDbEntity
  8
2
  6
Continuous
390
DFF
 62
   155
420
  5075865
100
AcDbLine
 10
366.1510754156
 20
131.1029536532
 30
0.0
 11
349.0203132304
 21
131.1029536532
 31
0.0
  0
LINE
  5
736
330
20C
100
AcDbEntity
  8
2
  6
Continuous
390
DFF
 62
   155
420
  5075865
100
AcDbLine
 10
150.1049110208
 20
131.1029536532
 30
0.0
 11
144.7098072753
 21
131.1029536532
 31
0.0
  0
LINE
  5
737
330
20C
100
AcDbEntity
  8
2
  6
Continuous
390
DFF
 62
   155
420
  5075865
100
AcDbLine
 10
142.8525225334
 20
131.1029536532
 30
0.0
 11
125.9063364476
 21
131.1029536532
 31
0.0
  0
LINE
  5
738
330
20C
100
AcDbEntity
  8
2
  6
Continuous
390
DFF
 62
   155
420
  5075865
100
AcDbLine
 10
77.70776187449999
 20
131.1029536532
 30
0.0
 11
83.10286562
 21
131.1029536532
 31
0.0
  0
LINE
  5
739
330
20C
100
AcDbEntity
  8
2
  6
Continuous
390
DFF
 62
   155
420
  5075865
100
AcDbLine
 10
84.9601503618
 20
131.1029536532
 30
0.0
 11
101.9063364476
 21
131.1029536532
 31
0.0
  0
LINE
  5
73A
330
20C
100
AcDbEntity
  8
2
  6
Continuous
390
DFF
 62
   155
420
  5075865
100
AcDbLine
 10
295.3429627756
 20
131.1029536532
 30
0.0
 11
306.1510754156
 21
131.1029536532
 31
0.0
  0
LINE
  5
73B
330
20C
100
AcDbEntity
  8
2
  6
Continuous
390
DFF
 62
   155
420
  5075865
100
AcDbLine
 10
307.8895510452
 20
131.1029536532
 30
0.0
 11
325.0203132304
 21
131.1029536532
 31
0.0
  0
LINE
  5
73C
330
20C
100
AcDbEntity
  8
2
  6
Continuous
390
DFF
 62
   155
420
  5075865
100
AcDbLine
 10
50.8955731599
 20
132.428873804
 30
0.0
 11
50.9000105404
 21
132.428873804
 31
0.0
  0
LINE
  5
73D
330
20C
100
AcDbEntity
  8
2
  6
Continuous
390
DFF
 62
   155
420
  5075865
100
AcDbLine
 10
176.9126623549
 20
132.428873804
 30
0.0
 11
176.9170997354
 21
132.428873804
 31
0.0
  0
LINE
  5
73E
330
20C
100
AcDbEntity
  8
2
  6
Continuous
390
DFF
 62
   155
420
  5075865
100
AcDbLine
 10
106.005116754
 20
133.3505458739
 30
0.0
 11
110.9016410337
 21
133.3505458739
 31
0.0
  0
LINE
  5
73F
330
20C
100
AcDbEntity
  8
2
  6
Continuous
390
DFF
 62
   155
420
  5075865
100
AcDbLine
 10
116.9110318616
 20
133.3505458739
 30
0.0
 11
121.7353173898
 21
133.3505458739
 31
0.0
  0
LINE
  5
740
330
20C
100
AcDbEntity
  8
2
  6
Continuous
390
DFF
 62
   155
420
  5075865
100
AcDbLine
 10
109.9099526499
 20
133.5077692118
 30
0.0
 11
110.908603955
 21
133.5077692118
 31
0.0
  0
LINE
  5
741
330
20C
100
AcDbEntity
  8
2
  6
Continuous
390
DFF
 62
   155
420
  5075865
100
AcDbLine
 10
116.9040689403
 20
133.5077692118
 30
0.0
 11
117.9027202454
 21
133.5077692118
 31
0.0
  0
LINE
  5
742
330
20C
100
AcDbEntity
  8
2
  6
Continuous
390
DFF
 62
   155
420
  5075865
100
AcDbLine
 10
105.8784724026
 20
133.5505458739
 30
0.0
 11
106.005116754
 21
133.5505458739
 31
0.0
  0
LINE
  5
743
330
20C
100
AcDbEntity
  8
2
  6
Continuous
390
DFF
 62
   155
420
  5075865
100
AcDbLine
 10
121.7353173898
 20
133.5505458739
 30
0.0
 11
121.9342004927
 21
133.5505458739
 31
0.0
  0
LINE
  5
744
330
20C
100
AcDbEntity
  8
2
  6
Continuous
390
DFF
 62
   155
420
  5075865
100
AcDbLine
 10
121.7353173898
 20
133.6125847703
 30
0.0
 11
117.8217156522
 21
133.6125847703
 31
0.0
  0
LINE
  5
745
330
20C
100
AcDbEntity
  8
2
  6
Continuous
390
DFF
 62
   155
420
  5075865
100
AcDbLine
 10
109.9909572431
 20
133.6125847703
 30
0.0
 11
106.005116754
 21
133.6125847703
 31
0.0
  0
LINE
  5
746
330
20C
100
AcDbEntity
  8
2
  6
Continuous
390
DFF
 62
   155
420
  5075865
100
AcDbLine
 10
345.0203132304
 20
133.6331121142
 30
0.0
 11
341.0748506057
 21
133.6331121142
 31
0.0
  0
LINE
  5
747
330
20C
100
AcDbEntity
  8
2
  6
Continuous
390
DFF
 62
   155
420
  5075865
100
AcDbLine
 10
332.9657758551
 20
133.6331121142
 30
0.0
 11
329.0203132304
 21
133.6331121142
 31
0.0
  0
LINE
  5
748
330
20C
100
AcDbEntity
  8
2
  6
Continuous
390
DFF
 62
   155
420
  5075865
100
AcDbLine
 10
329.0203132304
 20
133.7029536532
 30
0.0
 11
329.1913322882
 21
133.7029536532
 31
0.0
  0
LINE
  5
749
330
20C
100
AcDbEntity
  8
2
  6
Continuous
390
DFF
 62
   155
420
  5075865
100
AcDbLine
 10
332.7492941725
 20
133.7029536532
 30
0.0
 11
333.1105107638
 21
133.7029536532
 31
0.0
  0
LINE
  5
74A
330
20C
100
AcDbEntity
  8
2
  6
Continuous
390
DFF
 62
   155
420
  5075865
100
AcDbLine
 10
340.930115697
 20
133.7029536532
 30
0.0
 11
341.2913322883
 21
133.7029536532
 31
0.0
  0
LINE
  5
74B
330
20C
100
AcDbEntity
  8
2
  6
Continuous
390
DFF
 62
   155
420
  5075865
100
AcDbLine
 10
344.8492941726
 20
133.7029536532
 30
0.0
 11
345.0203132304
 21
133.7029536532
 31
0.0
  0
LINE
  5
74C
330
20C
100
AcDbEntity
  8
2
  6
Continuous
390
DFF
 62
   155
420
  5075865
100
AcDbLine
 10
332.1116244875
 20
133.8077159617
 30
0.0
 11
329.8290019732
 21
133.8077159617
 31
0.0
  0
LINE
  5
74D
330
20C
100
AcDbEntity
  8
2
  6
Continuous
390
DFF
 62
   155
420
  5075865
100
AcDbLine
 10
341.9290019733
 20
133.8077159617
 30
0.0
 11
344.2116244876
 21
133.8077159617
 31
0.0
  0
LINE
  5
74E
330
20C
100
AcDbEntity
  8
2
  6
Continuous
390
DFF
 62
   155
420
  5075865
100
AcDbLine
 10
121.9342004927
 20
133.8125847703
 30
0.0
 11
121.7353173898
 21
133.8125847703
 31
0.0
  0
LINE
  5
74F
330
20C
100
AcDbEntity
  8
2
  6
Continuous
390
DFF
 62
   155
420
  5075865
100
AcDbLine
 10
106.005116754
 20
133.8125847703
 30
0.0
 11
105.8784724026
 21
133.8125847703
 31
0.0
  0
LINE
  5
750
330
20C
100
AcDbEntity
  8
2
  6
Continuous
390
DFF
 62
   155
420
  5075865
100
AcDbLine
 10
400.494408412
 20
134.2931732174
 30
0.0
 11
402.8931371188
 21
134.2931732174
 31
0.0
  0
LINE
  5
751
330
20C
100
AcDbEntity
  8
2
  6
Continuous
390
DFF
 62
   155
420
  5075865
100
AcDbLine
 10
403.3812742741001
 20
134.5029536532
 30
0.0
 11
400.8214073788
 21
134.5029536532
 31
0.0
  0
LINE
  5
752
330
20C
100
AcDbEntity
  8
2
  6
Continuous
390
DFF
 62
   155
420
  5075865
100
AcDbLine
 10
121.9063364476
 20
135.1029536532
 30
0.0
 11
115.8659282419
 21
135.1029536532
 31
0.0
  0
LINE
  5
753
330
20C
100
AcDbEntity
  8
2
  6
Continuous
390
DFF
 62
   155
420
  5075865
100
AcDbLine
 10
111.9467446534
 20
135.1029536532
 30
0.0
 11
105.9063364476
 21
135.1029536532
 31
0.0
  0
LINE
  5
754
330
20C
100
AcDbEntity
  8
2
  6
Continuous
390
DFF
 62
   155
420
  5075865
100
AcDbLine
 10
329.0203132304
 20
135.1029536532
 30
0.0
 11
334.9306828019
 21
135.1029536532
 31
0.0
  0
LINE
  5
755
330
20C
100
AcDbEntity
  8
2
  6
Continuous
390
DFF
 62
   155
420
  5075865
100
AcDbLine
 10
339.1099436589
 20
135.1029536532
 30
0.0
 11
345.0203132304
 21
135.1029536532
 31
0.0
  0
LINE
  5
756
330
20C
100
AcDbEntity
  8
2
  6
Continuous
390
DFF
 62
   155
420
  5075865
100
AcDbLine
 10
233.8181075919
 20
123.1029536532
 30
0.0
 11
221.8181075919
 21
123.417184712
 31
0.0
  0
LINE
  5
757
330
20C
100
AcDbEntity
  8
2
  6
Continuous
390
DFF
 62
   155
420
  5075865
100
AcDbLine
 10
187.1435951377
 20
144.5608457766
 30
0.0
 11
187.3950490944
 21
144.4871213514
 31
0.0
  0
LINE
  5
758
330
20C
100
AcDbEntity
  8
2
  6
Continuous
390
DFF
 62
   155
420
  5075865
100
AcDbLine
 10
187.8069993611
 20
151.3756211137
 30
0.0
 11
188.037273744
 21
151.2505687573
 31
0.0
  0
LINE
  5
759
330
20C
100
AcDbEntity
  8
2
  6
Continuous
390
DFF
 62
   155
420
  5075865
100
AcDbLine
 10
34.6187570923
 20
245.2409147568
 30
0.0
 11
34.7583090242
 21
245.1573198481
 31
0.0
  0
LINE
  5
75A
330
20C
100
AcDbEntity
  8
2
  6
Continuous
390
DFF
 62
   155
420
  5075865
100
AcDbLine
 10
192.4351692951
 20
160.4741208058
 30
0.0
 11
192.1731303987
 21
160.7361597022
 31
0.0
  0
LINE
  5
75B
330
20C
100
AcDbEntity
  8
2
  6
Continuous
390
DFF
 62
   155
420
  5075865
100
AcDbLine
 10
71.56133869590001
 20
281.3479514049
 30
0.0
 11
71.37604923960001
 21
281.5332408613
 31
0.0
  0
LINE
  5
75C
330
20C
100
AcDbEntity
  8
1
  6
Continuous
390
DFF
 62
    32
420
 13395456
100
AcDbLine
 10
203.7565852039
 20
145.9532024094
 30
0.0
 11
204.280575244
 21
141.9731048317
 31
0.0
  0
LINE
  5
75D
330
20C
100
AcDbEntity
  8
1
  6
Continuous
390
DFF
 62
    32
420
 13395456
100
AcDbLine
 10
204.280575244
 20
141.9731048317
 30
0.0
 11
203.7565852039
 21
145.9532024094
 31
0.0
  0
LINE
  5
75E
330
20C
100
AcDbEntity
  8
1
  6
Continuous
390
DFF
 62
    32
420
 13395456
100
AcDbLine
 10
203.7565852039
 20
145.9532024094
 30
0.0
 11
203.2325951637
 21
141.9731009822
 31
0.0
  0
LINE
  5
75F
330
20C
100
AcDbEntity
  8
1
  6
Continuous
390
DFF
 62
    32
420
 13395456
100
AcDbLine
 10
203.2325951637
 20
141.9731009822
 30
0.0
 11
203.7565852039
 21
145.9532024094
 31
0.0
  0
HATCH
  5
760
330
20C
100
AcDbEntity
  8
1
  6
Continuous
390
DFF
 62
    32
420
 13395456
100
AcDbHatch
 10
0.0
 20
0.0
 30
0.0
210
0.0
220
0.0
230
1.0
  2

 70
     0
 71
     1
 91
        2
 92
        1
 93
        2
 72
     1
 10
203.7565852039
 20
145.9532024094
 11
204.280575244
 21
141.9731048317
 72
     1
 10
204.280575244
 20
141.9731048317
 11
203.7565852039
 21
145.9532024094
 97
        4
330
75C
330
75D
330
75E
330
75F
 92
        1
 93
        2
 72
     1
 10
203.7565852039
 20
145.9532024094
 11
203.2325951637
 21
141.9731009822
 72
     1
 10
203.2325951637
 20
141.9731009822
 11
203.7565852039
 21
145.9532024094
 97
        4
330
75C
330
75D
330
75E
330
75F
 75
     0
 76
     0
 52
45.0
 41
0.9950248756
 77
     0
 78
     1
 53
45.0
 43
0.0
 44
0.0
 45
-0.7035888370000001
 46
0.7035888370000001
 79
     0
 98
        1
 10
0.0
 20
0.0
  0
LINE
  5
761
330
20C
100
AcDbEntity
  8
2
  6
Continuous
390
DFF
 62
   155
420
  5075865
100
AcDbLine
 10
217.3181075919
 20
278.5029536532
 30
0.0
 11
217.3181075919
 21
277.5029537135
 31
0.0
  0
LINE
  5
762
330
20C
100
AcDbEntity
  8
2
  6
Continuous
390
DFF
 62
   155
420
  5075865
100
AcDbLine
 10
217.3181075919
 20
127.5029536532
 30
0.0
 11
217.3181075919
 21
128.5029536532
 31
0.0
  0
LINE
  5
763
330
20C
100
AcDbEntity
  8
2
  6
Continuous
390
DFF
 62
   155
420
  5075865
100
AcDbLine
 10
217.3181075919
 20
177.5029536532
 30
0.0
 11
217.3181075919
 21
178.5029536532
 31
0.0
  0
LINE
  5
764
330
20C
100
AcDbEntity
  8
2
  6
Continuous
390
DFF
 62
   155
420
  5075865
100
AcDbLine
 10
217.3181075919
 20
227.5029536532
 30
0.0
 11
217.3181075919
 21
228.5029536532
 31
0.0
  0
LINE
  5
765
330
20C
100
AcDbEntity
  8
2
  6
Continuous
390
DFF
 62
   155
420
  5075865
100
AcDbLine
 10
185.7612240763
 20
142.1224964309
 30
0.0
 11
186.6966341898
 21
143.5805834996
 31
0.0
  0
LINE
  5
766
330
20C
100
AcDbEntity
  8
2
  6
Continuous
390
DFF
 62
   155
420
  5075865
100
AcDbLine
 10
186.6833326299
 20
143.5113208959
 30
0.0
 11
186.0310645036
 21
142.4945864107
 31
0.0
  0
LINE
  5
767
330
20C
100
AcDbEntity
  8
2
  6
Continuous
390
DFF
 62
   155
420
  5075865
100
AcDbLine
 10
185.9954355308
 20
142.0022920629
 30
0.0
 11
186.1599625104
 21
142.2587514039
 31
0.0
  0
LINE
  5
768
330
20C
100
AcDbEntity
  8
2
  6
Continuous
390
DFF
 62
   155
420
  5075865
100
AcDbLine
 10
180.0105678002
 20
134.4474132011
 30
0.0
 11
180.0855458598
 21
134.547482275
 31
0.0
  0
LINE
  5
769
330
20C
100
AcDbEntity
  8
2
  6
Continuous
390
DFF
 62
   155
420
  5075865
100
AcDbLine
 10
185.6681101933
 20
141.9982224755
 30
0.0
 11
185.7612240763
 21
142.1224964309
 31
0.0
  0
LINE
  5
76A
330
20C
100
AcDbEntity
  8
2
  6
Continuous
390
DFF
 62
   155
420
  5075865
100
AcDbLine
 10
300.3994407565
 20
272.6937118012
 30
0.0
 11
302.4296565062
 21
274.9029536532
 31
0.0
  0
LINE
  5
76B
330
20C
100
AcDbEntity
  8
2
  6
Continuous
390
DFF
 62
   155
420
  5075865
100
AcDbLine
 10
87.66468296049999
 20
60.8320047314
 30
0.0
 11
96.66468296049999
 21
69.8320047314
 31
0.0
  0
LINE
  5
76C
330
20C
100
AcDbEntity
  8
2
  6
Continuous
390
DFF
 62
   155
420
  5075865
100
AcDbLine
 10
265.0122497049
 20
235.5029536532
 30
0.0
 11
264.9979785638
 21
235.4886825121
 31
0.0
  0
LINE
  5
76D
330
20C
100
AcDbEntity
  8
2
  6
Continuous
390
DFF
 62
   155
420
  5075865
100
AcDbLine
 10
90.47903830850001
 20
60.8320047314
 30
0.0
 11
99.47903830850001
 21
69.8320047314
 31
0.0
  0
LINE
  5
76E
330
20C
100
AcDbEntity
  8
2
  6
Continuous
390
DFF
 62
   155
420
  5075865
100
AcDbLine
 10
93.2933936565
 20
60.8320047314
 30
0.0
 11
102.2933936565
 21
69.8320047314
 31
0.0
  0
LINE
  5
76F
330
20C
100
AcDbEntity
  8
2
  6
Continuous
390
DFF
 62
   155
420
  5075865
100
AcDbLine
 10
96.10774900450001
 20
60.8320047314
 30
0.0
 11
102.9180848868
 21
67.6423406136
 31
0.0
  0
LINE
  5
770
330
20C
100
AcDbEntity
  8
2
  6
Continuous
390
DFF
 62
   155
420
  5075865
100
AcDbLine
 10
161.5613413652
 20
124.6579585708
 30
0.0
 11
161.3760518878
 21
124.4726690934
 31
0.0
  0
LINE
  5
771
330
20C
100
AcDbEntity
  8
2
  6
Continuous
390
DFF
 62
   155
420
  5075865
100
AcDbLine
 10
192.2514725535
 20
155.348089759
 30
0.0
 11
192.4366209998
 21
155.5332382053
 31
0.0
  0
LINE
  5
772
330
20C
100
AcDbEntity
  8
2
  6
Continuous
390
DFF
 62
   155
420
  5075865
100
AcDbLine
 10
98.9221043525
 20
60.8320047314
 30
0.0
 11
103.2306238052
 21
65.140524184
 31
0.0
  0
LINE
  5
773
330
20C
100
AcDbEntity
  8
2
  6
Continuous
390
DFF
 62
   155
420
  5075865
100
AcDbLine
 10
101.7364597005
 20
60.8320047314
 30
0.0
 11
103.4417293878
 21
62.5372744186
 31
0.0
  0
LINE
  5
774
330
20C
100
AcDbEntity
  8
2
  6
Continuous
390
DFF
 62
   155
420
  5075865
100
AcDbLine
 10
103.7364597005
 20
62.8320047314
 30
0.0
 11
105.7364597005
 21
64.8320047314
 31
0.0
  0
LINE
  5
775
330
20C
100
AcDbEntity
  8
2
  6
Continuous
390
DFF
 62
   155
420
  5075865
100
AcDbLine
 10
106.5508150485
 20
62.8320047314
 30
0.0
 11
108.5508150485
 21
64.8320047314
 31
0.0
  0
LINE
  5
776
330
20C
100
AcDbEntity
  8
2
  6
Continuous
390
DFF
 62
   155
420
  5075865
100
AcDbLine
 10
108.8274443214
 20
62.2942786562
 30
0.0
 11
109.8502572593
 21
63.3170915941
 31
0.0
  0
LINE
  5
777
330
20C
100
AcDbEntity
  8
2
  6
Continuous
390
DFF
 62
   155
420
  5075865
100
AcDbLine
 10
191.3568164078
 20
142.2587514039
 30
0.0
 11
191.5926514154
 21
142.4945864107
 31
0.0
  0
LINE
  5
778
330
20C
100
AcDbEntity
  8
2
  6
Continuous
390
DFF
 62
   155
420
  5075865
100
AcDbLine
 10
188.2597063522
 20
164.3539747993
 30
0.0
 11
188.0653075461
 21
164.1746740547
 31
0.0
  0
LINE
  5
779
330
20C
100
AcDbEntity
  8
2
  6
Continuous
390
DFF
 62
   155
420
  5075865
100
AcDbLine
 10
328.5634350774
 20
272.5140290418
 30
0.0
 11
328.6166716194
 21
272.5592365549
 31
0.0
  0
LINE
  5
77A
330
20C
100
AcDbEntity
  8
2
  6
Continuous
390
DFF
 62
   155
420
  5075865
100
AcDbLine
 10
34.0063364476
 20
123.1029536532
 30
0.0
 11
35.0562004099
 21
123.417184712
 31
0.0
  0
LINE
  5
77B
330
20C
100
AcDbEntity
  8
2
  6
Continuous
390
DFF
 62
   155
420
  5075865
100
AcDbLine
 10
292.7703132304
 20
136.0029536532
 30
0.0
 11
291.2703132304
 21
136.0029536532
 31
0.0
  0
LINE
  5
77C
330
20C
100
AcDbEntity
  8
1
  6
PHANTOM
390
DFF
 62
    32
420
 13395456
100
AcDbLine
 10
203.7565852039
 20
136.0029536532
 30
0.0
 11
172.4063364476
 21
136.0029536532
 31
0.0
  0
LINE
  5
77D
330
20C
100
AcDbEntity
  8
2
  6
Continuous
390
DFF
 62
   155
420
  5075865
100
AcDbLine
 10
159.6563364476
 20
136.0029536532
 30
0.0
 11
158.1563364476
 21
136.0029536532
 31
0.0
  0
LINE
  5
77E
330
20C
100
AcDbEntity
  8
2
  6
Continuous
390
DFF
 62
   155
420
  5075865
100
AcDbLine
 10
68.1563364476
 20
136.0029536532
 30
0.0
 11
69.6563364476
 21
136.0029536532
 31
0.0
  0
LINE
  5
77F
330
20C
100
AcDbEntity
  8
2
  6
Continuous
390
DFF
 62
   155
420
  5075865
100
AcDbLine
 10
381.2703132304
 20
136.0029536532
 30
0.0
 11
382.7703132304
 21
136.0029536532
 31
0.0
  0
LINE
  5
780
330
20C
100
AcDbEntity
  8
2
  6
Continuous
390
DFF
 62
   155
420
  5075865
100
AcDbLine
 10
382.7703132304
 20
137.0029536532
 30
0.0
 11
381.2703132304
 21
137.0029536532
 31
0.0
  0
LINE
  5
781
330
20C
100
AcDbEntity
  8
2
  6
Continuous
390
DFF
 62
   155
420
  5075865
100
AcDbLine
 10
69.6563364476
 20
137.0029536532
 30
0.0
 11
68.1563364476
 21
137.0029536532
 31
0.0
  0
LINE
  5
782
330
20C
100
AcDbEntity
  8
2
  6
Continuous
390
DFF
 62
   155
420
  5075865
100
AcDbLine
 10
158.1563364476
 20
137.0029536532
 30
0.0
 11
159.6563364476
 21
137.0029536532
 31
0.0
  0
LINE
  5
783
330
20C
100
AcDbEntity
  8
2
  6
Continuous
390
DFF
 62
   155
420
  5075865
100
AcDbLine
 10
291.2703132304
 20
137.0029536532
 30
0.0
 11
292.7703132304
 21
137.0029536532
 31
0.0
  0
LINE
  5
784
330
20C
100
AcDbEntity
  8
2
  6
Continuous
390
DFF
 62
   155
420
  5075865
100
AcDbLine
 10
406.7974408439
 20
138.5029536532
 30
0.0
 11
405.0828181315
 21
138.5029536532
 31
0.0
  0
LINE
  5
785
330
20C
100
AcDbEntity
  8
2
  6
Continuous
390
DFF
 62
   155
420
  5075865
100
AcDbLine
 10
406.8400308091
 20
138.7654196438
 30
0.0
 11
405.2607751136
 21
138.7654196438
 31
0.0
  0
LINE
  5
786
330
20C
100
AcDbEntity
  8
2
  6
Continuous
390
DFF
 62
   155
420
  5075865
100
AcDbLine
 10
41.6527103849
 20
142.2587514039
 30
0.0
 11
36.4558564875
 21
142.2587514039
 31
0.0
  0
LINE
  5
787
330
20C
100
AcDbEntity
  8
2
  6
Continuous
390
DFF
 62
   155
420
  5075865
100
AcDbLine
 10
186.1599625104
 20
142.2587514039
 30
0.0
 11
191.3568164078
 21
142.2587514039
 31
0.0
  0
LINE
  5
788
330
20C
100
AcDbEntity
  8
2
  6
Continuous
390
DFF
 62
   155
420
  5075865
100
AcDbLine
 10
41.7816083917
 20
142.4945864107
 30
0.0
 11
36.2200214798
 21
142.4945864107
 31
0.0
  0
LINE
  5
789
330
20C
100
AcDbEntity
  8
2
  6
Continuous
390
DFF
 62
   155
420
  5075865
100
AcDbLine
 10
186.0310645036
 20
142.4945864107
 30
0.0
 11
191.5926514154
 21
142.4945864107
 31
0.0
  0
LINE
  5
78A
330
20C
100
AcDbEntity
  8
2
  6
Continuous
390
DFF
 62
   155
420
  5075865
100
AcDbLine
 10
191.5926514193
 20
143.5113208959
 30
0.0
 11
186.6833326299
 21
143.5113208959
 31
0.0
  0
LINE
  5
78B
330
20C
100
AcDbEntity
  8
2
  6
Continuous
390
DFF
 62
   155
420
  5075865
100
AcDbLine
 10
36.220021476
 20
143.5113208959
 30
0.0
 11
41.1293402654
 21
143.5113208959
 31
0.0
  0
LINE
  5
78C
330
20C
100
AcDbEntity
  8
2
  6
Continuous
390
DFF
 62
   155
420
  5075865
100
AcDbLine
 10
191.3568164134
 20
143.7471559026
 30
0.0
 11
187.0962119988
 21
143.7471559026
 31
0.0
  0
LINE
  5
78D
330
20C
100
AcDbEntity
  8
2
  6
Continuous
390
DFF
 62
   155
420
  5075865
100
AcDbLine
 10
36.4558564818
 20
143.7471559026
 30
0.0
 11
40.7164608965
 21
143.7471559026
 31
0.0
  0
LINE
  5
78E
330
20C
100
AcDbEntity
  8
2
  6
Continuous
390
DFF
 62
   155
420
  5075865
100
AcDbLine
 10
332.1116244875
 20
133.8077159617
 30
0.0
 11
332.7492941725
 21
133.7029536532
 31
0.0
  0
LINE
  5
78F
330
20C
100
AcDbEntity
  8
2
  6
Continuous
390
DFF
 62
   155
420
  5075865
100
AcDbLine
 10
344.2116244876
 20
133.8077159617
 30
0.0
 11
344.8492941726
 21
133.7029536532
 31
0.0
  0
LINE
  5
790
330
20C
100
AcDbEntity
  8
2
  6
Continuous
390
DFF
 62
   155
420
  5075865
100
AcDbLine
 10
39.7753991513
 20
254.7553385491
 30
0.0
 11
40.0056735342
 21
254.6302861928
 31
0.0
  0
LINE
  5
791
330
20C
100
AcDbEntity
  8
2
  6
Continuous
390
DFF
 62
   155
420
  5075865
100
AcDbLine
 10
193.193915803
 20
160.7649925496
 30
0.0
 11
193.0543638711
 21
160.8485874583
 31
0.0
  0
LINE
  5
792
330
20C
100
AcDbEntity
  8
2
  6
Continuous
390
DFF
 62
   155
420
  5075865
100
AcDbLine
 10
41.8791178304
 20
264.0030153913
 30
0.0
 11
42.051448819
 21
263.8834108755
 31
0.0
  0
LINE
  5
793
330
20C
100
AcDbEntity
  8
2
  6
Continuous
390
DFF
 62
   155
420
  5075865
100
AcDbLine
 10
98.1621341983
 20
276.4553614322
 30
0.0
 11
98.3979692051
 21
276.2195264254
 31
0.0
  0
LINE
  5
794
330
20C
100
AcDbEntity
  8
2
  6
Continuous
390
DFF
 62
   155
420
  5075865
100
AcDbLine
 10
187.5587442268
 20
187.2587514039
 30
0.0
 11
187.32290922
 21
187.4945864107
 31
0.0
  0
LINE
  5
795
330
20C
100
AcDbEntity
  8
2
  6
Continuous
390
DFF
 62
   155
420
  5075865
100
AcDbLine
 10
142.8525225334
 20
233.8064244809
 30
0.0
 11
142.6559933611
 21
234.0029536532
 31
0.0
  0
LINE
  5
796
330
20C
100
AcDbEntity
  8
2
  6
Continuous
390
DFF
 62
   155
420
  5075865
100
AcDbLine
 10
144.7098072753
 20
232.1994828255
 30
0.0
 11
144.9063364476
 21
232.0029536532
 31
0.0
  0
LINE
  5
797
330
20C
100
AcDbEntity
  8
2
  6
Continuous
390
DFF
 62
   155
420
  5075865
100
AcDbLine
 10
191.3568163532
 20
188.7471559026
 30
0.0
 11
191.59265136
 21
188.5113208959
 31
0.0
  0
LINE
  5
798
330
20C
100
AcDbEntity
  8
2
  6
Continuous
390
DFF
 62
   155
420
  5075865
100
AcDbLine
 10
99.65053869709999
 20
281.2505457633
 30
0.0
 11
99.4147036903
 21
281.4863807691
 31
0.0
  0
LINE
  5
799
330
20C
100
AcDbEntity
  8
2
  6
Continuous
390
DFF
 62
   155
420
  5075865
100
AcDbLine
 10
152.2149971593
 20
276.5823959617
 30
0.0
 11
152.089944803
 21
276.8126703446
 31
0.0
  0
LINE
  5
79A
330
20C
100
AcDbEntity
  8
2
  6
Continuous
390
DFF
 62
   155
420
  5075865
100
AcDbLine
 10
221.8181075919
 20
123.417184712
 30
0.0
 11
221.8181075919
 21
282.5887225944
 31
0.0
  0
LINE
  5
79B
330
20C
100
AcDbEntity
  8
2
  6
Continuous
390
DFF
 62
   155
420
  5075865
100
AcDbLine
 10
226.8181075919
 20
250.7649925496
 30
0.0
 11
226.8181075919
 21
245.2409147568
 31
0.0
  0
LINE
  5
79C
330
20C
100
AcDbEntity
  8
2
  6
Continuous
390
DFF
 62
   155
420
  5075865
100
AcDbLine
 10
226.8181075919
 20
155.2409147568
 30
0.0
 11
226.8181075919
 21
160.7649925496
 31
0.0
  0
LINE
  5
79D
330
20C
100
AcDbEntity
  8
dim
  6
Continuous
390
DFF
 62
     4
100
AcDbLine
 10
231.326080533
 20
51.21477012729999
 30
0.0
 11
231.3260844825
 21
5.609167551900001
 31
0.0
  0
LINE
  5
79E
330
20C
100
AcDbEntity
  8
2
  6
Continuous
390
DFF
 62
   155
420
  5075865
100
AcDbLine
 10
233.8181075919
 20
123.1029536532
 30
0.0
 11
233.8181075919
 21
282.9029536532
 31
0.0
  0
LINE
  5
79F
330
20C
100
AcDbEntity
  8
2
  6
Continuous
390
DFF
 62
   155
420
  5075865
100
AcDbLine
 10
234.3156200297
 20
281.9759536532
 30
0.0
 11
234.3156200297
 21
281.3759536532
 31
0.0
  0
LINE
  5
7A0
330
20C
100
AcDbEntity
  8
2
  6
Continuous
390
DFF
 62
   155
420
  5075865
100
AcDbLine
 10
234.3156200297
 20
124.6229536532
 30
0.0
 11
234.3156200297
 21
124.0229536532
 31
0.0
  0
LINE
  5
7A1
330
20C
100
AcDbEntity
  8
dim
  6
Continuous
390
DFF
 62
    84
420
  2529536
100
AcDbLine
 10
235.8654955584
 20
333.1845525843
 30
0.0
 11
235.8654955584
 21
324.7708012564
 31
0.0
  0
LINE
  5
7A2
330
20C
100
AcDbEntity
  8
dim
  6
Continuous
390
DFF
 62
    84
420
  2529536
100
AcDbLine
 10
235.8654955584
 20
0.0
 30
0.0
 11
235.8654955584
 21
8.4137513279
 31
0.0
  0
LINE
  5
7A3
330
20C
100
AcDbEntity
  8
2
  6
Continuous
390
DFF
 62
   155
420
  5075865
100
AcDbLine
 10
267.3110645473
 20
211.2211906543
 30
0.0
 11
267.3593616113
 21
211.2716596669
 31
0.0
  0
LINE
  5
7A4
330
20C
100
AcDbEntity
  8
2
  6
Continuous
390
DFF
 62
   155
420
  5075865
100
AcDbLine
 10
108.9228592151
 20
59.5753382019
 30
0.0
 11
110.1795257446
 21
60.8320047314
 31
0.0
  0
LINE
  5
7A5
330
20C
100
AcDbEntity
  8
2
  6
Continuous
390
DFF
 62
   155
420
  5075865
100
AcDbLine
 10
111.4938810926
 20
59.3320047314
 30
0.0
 11
113.6772076629
 21
61.5153313017
 31
0.0
  0
LINE
  5
7A6
330
20C
100
AcDbEntity
  8
2
  6
Continuous
390
DFF
 62
   155
420
  5075865
100
AcDbLine
 10
114.1354652324
 20
61.9735888712
 30
0.0
 11
114.4938810926
 21
62.3320047314
 31
0.0
  0
LINE
  5
7A7
330
20C
100
AcDbEntity
  8
2
  6
Continuous
390
DFF
 62
   155
420
  5075865
100
AcDbLine
 10
176.9147036902
 20
124.5195263797
 30
0.0
 11
177.150538697
 21
124.7553613873
 31
0.0
  0
LINE
  5
7A8
330
20C
100
AcDbEntity
  8
2
  6
Continuous
390
DFF
 62
   155
420
  5075865
100
AcDbLine
 10
112.8082364406
 20
57.8320047314
 30
0.0
 11
113.1580049703
 21
58.1817732611
 31
0.0
  0
LINE
  5
7A9
330
20C
100
AcDbEntity
  8
2
  6
Continuous
390
DFF
 62
   155
420
  5075865
100
AcDbLine
 10
114.3082364406
 20
59.3320047314
 30
0.0
 11
115.8082364406
 21
60.8320047314
 31
0.0
  0
LINE
  5
7AA
330
20C
100
AcDbEntity
  8
2
  6
Continuous
390
DFF
 62
   155
420
  5075865
100
AcDbLine
 10
117.9503470876
 20
62.9741153783
 30
0.0
 11
119.8082364406
 21
64.8320047314
 31
0.0
  0
LINE
  5
7AB
330
20C
100
AcDbEntity
  8
2
  6
Continuous
390
DFF
 62
   155
420
  5075865
100
AcDbLine
 10
117.1225917886
 20
59.3320047314
 30
0.0
 11
118.9452380101
 21
61.1546509529
 31
0.0
  0
LINE
  5
7AC
330
20C
100
AcDbEntity
  8
2
  6
Continuous
390
DFF
 62
   155
420
  5075865
100
AcDbLine
 10
120.6225917886
 20
62.8320047314
 30
0.0
 11
122.6225917886
 21
64.8320047314
 31
0.0
  0
LINE
  5
7AD
330
20C
100
AcDbEntity
  8
2
  6
Continuous
390
DFF
 62
   155
420
  5075865
100
AcDbLine
 10
124.8122120939
 20
67.0216250367
 30
0.0
 11
127.6225917886
 21
69.8320047314
 31
0.0
  0
LINE
  5
7AE
330
20C
100
AcDbEntity
  8
2
  6
Continuous
390
DFF
 62
   155
420
  5075865
100
AcDbLine
 10
123.4369471366
 20
62.8320047314
 30
0.0
 11
130.4369471366
 21
69.8320047314
 31
0.0
  0
LINE
  5
7AF
330
20C
100
AcDbEntity
  8
2
  6
Continuous
390
DFF
 62
   155
420
  5075865
100
AcDbLine
 10
124.4900924414
 20
61.0707946881
 30
0.0
 11
133.2513024846
 21
69.8320047314
 31
0.0
  0
LINE
  5
7B0
330
20C
100
AcDbEntity
  8
2
  6
Continuous
390
DFF
 62
   155
420
  5075865
100
AcDbLine
 10
127.0656578326
 20
60.8320047314
 30
0.0
 11
136.0656578326
 21
69.8320047314
 31
0.0
  0
LINE
  5
7B1
330
20C
100
AcDbEntity
  8
2
  6
Continuous
390
DFF
 62
   155
420
  5075865
100
AcDbLine
 10
129.8800131806
 20
60.8320047314
 30
0.0
 11
138.8800131806
 21
69.8320047314
 31
0.0
  0
LINE
  5
7B2
330
20C
100
AcDbEntity
  8
2
  6
Continuous
390
DFF
 62
   155
420
  5075865
100
AcDbLine
 10
132.6943685286
 20
60.8320047314
 30
0.0
 11
141.6943685286
 21
69.8320047314
 31
0.0
  0
LINE
  5
7B3
330
20C
100
AcDbEntity
  8
2
  6
Continuous
390
DFF
 62
   155
420
  5075865
100
AcDbLine
 10
189.2141651504
 20
152.8975224575
 30
0.0
 11
190.5476845962
 21
153.7632204358
 31
0.0
  0
LINE
  5
7B4
330
20C
100
AcDbEntity
  8
2
  6
Continuous
390
DFF
 62
   155
420
  5075865
100
AcDbLine
 10
189.3568470198
 20
152.6777355894
 30
0.0
 11
190.6903664656
 21
153.5434335677
 31
0.0
  0
LINE
  5
7B5
330
20C
100
AcDbEntity
  8
2
  6
Continuous
390
DFF
 62
   155
420
  5075865
100
AcDbLine
 10
172.8361944431
 20
131.3778977756
 30
0.0
 11
178.7073474999
 21
135.1444327562
 31
0.0
  0
LINE
  5
7B6
330
20C
100
AcDbEntity
  8
2
  6
Continuous
390
DFF
 62
   155
420
  5075865
100
AcDbLine
 10
173.4095649327
 20
130.2126559113
 30
0.0
 11
180.0105678002
 21
134.4474132011
 31
0.0
  0
LINE
  5
7B7
330
20C
100
AcDbEntity
  8
2
  6
Continuous
390
DFF
 62
   155
420
  5075865
100
AcDbLine
 10
176.9126623549
 20
132.428873804
 30
0.0
 11
175.897969205
 21
131.7779152603
 31
0.0
  0
LINE
  5
7B8
330
20C
100
AcDbEntity
  8
2
  6
Continuous
390
DFF
 62
   155
420
  5075865
100
AcDbLine
 10
173.5510576552
 20
129.9921016261
 30
0.0
 11
175.6621341982
 21
131.3464256522
 31
0.0
  0
LINE
  5
7B9
330
20C
100
AcDbEntity
  8
2
  6
Continuous
390
DFF
 62
   155
420
  5075865
100
AcDbLine
 10
177.150538697
 20
132.30128538
 30
0.0
 11
180.1714066149
 21
134.2392700611
 31
0.0
  0
LINE
  5
7BA
330
20C
100
AcDbEntity
  8
2
  6
Continuous
390
DFF
 62
   155
420
  5075865
100
AcDbLine
 10
193.1429234334
 20
155.210369121
 30
0.0
 11
193.193915803
 21
155.2409147568
 31
0.0
  0
LINE
  5
7BB
330
20C
100
AcDbEntity
  8
2
  6
Continuous
390
DFF
 62
   155
420
  5075865
100
AcDbLine
 10
186.7488123667
 20
143.5471095079
 30
0.0
 11
186.6833326299
 21
143.5113208959
 31
0.0
  0
LINE
  5
7BC
330
20C
100
AcDbEntity
  8
2
  6
Continuous
390
DFF
 62
   155
420
  5075865
100
AcDbLine
 10
163.0976569137
 20
125.1256834508
 30
0.0
 11
163.3279312964
 21
125.2507358075
 31
0.0
  0
LINE
  5
7BD
330
20C
100
AcDbEntity
  8
2
  6
Continuous
390
DFF
 62
   155
420
  5075865
100
AcDbLine
 10
226.2352621404
 20
155.210369121
 30
0.0
 11
226.8181075919
 21
155.2409147568
 31
0.0
  0
LINE
  5
7BE
330
20C
100
AcDbEntity
  8
2
  6
Continuous
390
DFF
 62
   155
420
  5075865
100
AcDbLine
 10
34.669749587
 20
155.2409147568
 30
0.0
 11
34.6187570923
 21
155.2409147568
 31
0.0
  0
LINE
  5
7BF
330
20C
100
AcDbEntity
  8
2
  6
Continuous
390
DFF
 62
   155
420
  5075865
100
AcDbLine
 10
193.1429233083
 20
155.2409147568
 30
0.0
 11
193.193915803
 21
155.2409147568
 31
0.0
  0
LINE
  5
7C0
330
20C
100
AcDbEntity
  8
2
  6
Continuous
390
DFF
 62
   155
420
  5075865
100
AcDbLine
 10
404.7750637711
 20
157.2529536532
 30
0.0
 11
403.0203132304
 21
157.2529536532
 31
0.0
  0
LINE
  5
7C1
330
20C
100
AcDbEntity
  8
2
  6
Continuous
390
DFF
 62
   155
420
  5075865
100
AcDbLine
 10
47.9063364476
 20
157.2529536532
 30
0.0
 11
46.1515859069
 21
157.2529536532
 31
0.0
  0
LINE
  5
7C2
330
20C
100
AcDbEntity
  8
2
  6
Continuous
390
DFF
 62
   155
420
  5075865
100
AcDbLine
 10
179.9063364476
 20
157.2529536532
 30
0.0
 11
181.6610869884
 21
157.2529536532
 31
0.0
  0
LINE
  5
7C3
330
20C
100
AcDbEntity
  8
2
  6
Continuous
390
DFF
 62
   155
420
  5075865
100
AcDbLine
 10
269.2655626897
 20
157.2529536532
 30
0.0
 11
271.0203132304
 21
157.2529536532
 31
0.0
  0
LINE
  5
7C4
330
20C
100
AcDbEntity
  8
screw
  6
CENTER
390
DFF
 62
     1
100
AcDbLine
 10
39.2563364476
 20
158.0029536532
 30
0.0
 11
42.5563364476
 21
158.0029536532
 31
0.0
  0
LINE
  5
7C5
330
20C
100
AcDbEntity
  8
screw
  6
CENTER
390
DFF
 62
     1
100
AcDbLine
 10
185.2563364476
 20
158.0029536532
 30
0.0
 11
188.5563364476
 21
158.0029536532
 31
0.0
  0
LINE
  5
7C6
330
20C
100
AcDbEntity
  8
2
  6
Continuous
390
DFF
 62
   155
420
  5075865
100
AcDbLine
 10
271.0203132304
 20
158.7529536532
 30
0.0
 11
269.2655626897
 21
158.7529536532
 31
0.0
  0
LINE
  5
7C7
330
20C
100
AcDbEntity
  8
2
  6
Continuous
390
DFF
 62
   155
420
  5075865
100
AcDbLine
 10
181.6610869884
 20
158.7529536532
 30
0.0
 11
179.9063364476
 21
158.7529536532
 31
0.0
  0
LINE
  5
7C8
330
20C
100
AcDbEntity
  8
2
  6
Continuous
390
DFF
 62
   155
420
  5075865
100
AcDbLine
 10
46.1515859069
 20
158.7529536532
 30
0.0
 11
47.9063364476
 21
158.7529536532
 31
0.0
  0
LINE
  5
7C9
330
20C
100
AcDbEntity
  8
2
  6
Continuous
390
DFF
 62
   155
420
  5075865
100
AcDbLine
 10
403.0203132304
 20
158.7529536532
 30
0.0
 11
404.7750637711
 21
158.7529536532
 31
0.0
  0
LINE
  5
7CA
330
20C
100
AcDbEntity
  8
2
  6
Continuous
390
DFF
 62
   155
420
  5075865
100
AcDbLine
 10
193.193915803
 20
160.7649925496
 30
0.0
 11
193.1379587798
 21
160.7649925496
 31
0.0
  0
LINE
  5
7CB
330
20C
100
AcDbEntity
  8
2
  6
Continuous
390
DFF
 62
   155
420
  5075865
100
AcDbLine
 10
34.6187570923
 20
160.7649925496
 30
0.0
 11
34.6747141154
 21
160.7649925496
 31
0.0
  0
LINE
  5
7CC
330
20C
100
AcDbEntity
  8
dim
  6
Continuous
390
DFF
 62
    84
420
  2529536
100
AcDbLine
 10
471.7309911169
 20
166.5922762922
 30
0.0
 11
463.317239789
 21
166.5922762922
 31
0.0
  0
LINE
  5
7CD
330
20C
100
AcDbEntity
  8
dim
  6
Continuous
390
DFF
 62
    84
420
  2529536
100
AcDbLine
 10
0.0
 20
166.5922762922
 30
0.0
 11
8.4137513279
 21
166.5922762922
 31
0.0
  0
LINE
  5
7CE
330
20C
100
AcDbEntity
  8
2
  6
Continuous
390
DFF
 62
   155
420
  5075865
100
AcDbLine
 10
108.9049082996
 20
172.003006061
 30
0.0
 11
103.5507814224
 21
172.1994828255
 31
0.0
  0
LINE
  5
7CF
330
20C
100
AcDbEntity
  8
2
  6
Continuous
390
DFF
 62
   155
420
  5075865
100
AcDbLine
 10
226.8181075919
 20
160.7649925496
 30
0.0
 11
225.2230217121
 21
160.8485874583
 31
0.0
  0
LINE
  5
7D0
330
20C
100
AcDbEntity
  8
2
  6
Continuous
390
DFF
 62
   155
420
  5075865
100
AcDbLine
 10
277.2967872572
 20
130.1407537699
 30
0.0
 11
270.7721020374
 21
134.3265508151
 31
0.0
  0
LINE
  5
7D1
330
20C
100
AcDbEntity
  8
2
  6
Continuous
390
DFF
 62
   155
420
  5075865
100
AcDbLine
 10
276.235591518
 20
130.9045234419
 30
0.0
 11
277.334499481
 21
130.1995383661
 31
0.0
  0
LINE
  5
7D2
330
20C
100
AcDbEntity
  8
2
  6
Continuous
390
DFF
 62
   155
420
  5075865
100
AcDbLine
 10
270.8725296267
 20
134.4695687867
 30
0.0
 11
275.0508407354
 21
131.7890467839
 31
0.0
  0
LINE
  5
7D3
330
20C
100
AcDbEntity
  8
2
  6
Continuous
390
DFF
 62
   155
420
  5075865
100
AcDbLine
 10
272.2193021781
 20
135.1444327562
 30
0.0
 11
278.0904552349
 21
131.3778977756
 31
0.0
  0
LINE
  5
7D4
330
20C
100
AcDbEntity
  8
2
  6
Continuous
390
DFF
 62
   155
420
  5075865
100
AcDbLine
 10
275.0508407354
 20
131.7890467839
 30
0.0
 11
276.235591518
 21
130.9045234419
 31
0.0
  0
LINE
  5
7D5
330
20C
100
AcDbEntity
  8
2
  6
Continuous
390
DFF
 62
   155
420
  5075865
100
AcDbLine
 10
128.397969205
 20
276.2195264254
 30
0.0
 11
128.1621341982
 21
276.4553614321
 31
0.0
  0
LINE
  5
7D6
330
20C
100
AcDbEntity
  8
2
  6
Continuous
390
DFF
 62
   155
420
  5075865
100
AcDbLine
 10
187.32290922
 20
217.4945864106
 30
0.0
 11
187.5587442268
 21
217.2587514038
 31
0.0
  0
LINE
  5
7D7
330
20C
100
AcDbEntity
  8
2
  6
Continuous
390
DFF
 62
   155
420
  5075865
100
AcDbLine
 10
163.1460696651
 20
279.6443018018
 30
0.0
 11
164.0117676433
 21
278.310782356
 31
0.0
  0
LINE
  5
7D8
330
20C
100
AcDbEntity
  8
2
  6
Continuous
390
DFF
 62
   155
420
  5075865
100
AcDbLine
 10
163.3658565332
 20
279.7869836711
 30
0.0
 11
164.2315545114
 21
278.4534642254
 31
0.0
  0
LINE
  5
7D9
330
20C
100
AcDbEntity
  8
2
  6
Continuous
390
DFF
 62
   155
420
  5075865
100
AcDbLine
 10
175.897969205
 20
274.2279920461
 30
0.0
 11
175.6621341982
 21
274.6594816542
 31
0.0
  0
LINE
  5
7DA
330
20C
100
AcDbEntity
  8
dim
  6
Continuous
390
DFF
 62
     4
100
AcDbLine
 10
253.5319693897
 20
23.803603275
 30
0.0
 11
253.5319693897
 21
5.609167551900001
 31
0.0
  0
LINE
  5
7DB
330
20C
100
AcDbEntity
  8
2
  6
Continuous
390
DFF
 62
   155
420
  5075865
100
AcDbLine
 10
308.0205039308
 20
234.2532967397
 30
0.0
 11
307.8895510452
 21
234.1223438541
 31
0.0
  0
LINE
  5
7DC
330
20C
100
AcDbEntity
  8
2
  6
Continuous
390
DFF
 62
   155
420
  5075865
100
AcDbLine
 10
306.02012253
 20
232.0027629528
 30
0.0
 11
306.1510754156
 21
232.1337158384
 31
0.0
  0
LINE
  5
7DD
330
20C
100
AcDbEntity
  8
2
  6
Continuous
390
DFF
 62
   155
420
  5075865
100
AcDbLine
 10
135.5087238766
 20
60.8320047314
 30
0.0
 11
144.5087238766
 21
69.8320047314
 31
0.0
  0
LINE
  5
7DE
330
20C
100
AcDbEntity
  8
2
  6
Continuous
390
DFF
 62
   155
420
  5075865
100
AcDbLine
 10
138.3230792246
 20
60.8320047314
 30
0.0
 11
147.3230792246
 21
69.8320047314
 31
0.0
  0
LINE
  5
7DF
330
20C
100
AcDbEntity
  8
2
  6
Continuous
390
DFF
 62
   155
420
  5075865
100
AcDbLine
 10
141.1374345726
 20
60.8320047314
 30
0.0
 11
150.1374345726
 21
69.8320047314
 31
0.0
  0
LINE
  5
7E0
330
20C
100
AcDbEntity
  8
2
  6
Continuous
390
DFF
 62
   155
420
  5075865
100
AcDbLine
 10
143.9517899206
 20
60.8320047314
 30
0.0
 11
152.9517899206
 21
69.8320047314
 31
0.0
  0
LINE
  5
7E1
330
20C
100
AcDbEntity
  8
2
  6
Continuous
390
DFF
 62
   155
420
  5075865
100
AcDbLine
 10
146.7661452686
 20
60.8320047314
 30
0.0
 11
155.7661452686
 21
69.8320047314
 31
0.0
  0
LINE
  5
7E2
330
20C
100
AcDbEntity
  8
2
  6
Continuous
390
DFF
 62
   155
420
  5075865
100
AcDbLine
 10
149.5805006166
 20
60.8320047314
 30
0.0
 11
157.7563364476
 21
69.00784056239999
 31
0.0
  0
LINE
  5
7E3
330
20C
100
AcDbEntity
  8
2
  6
Continuous
390
DFF
 62
   155
420
  5075865
100
AcDbLine
 10
152.3948559646
 20
60.8320047314
 30
0.0
 11
157.7563364476
 21
66.1934852143
 31
0.0
  0
LINE
  5
7E4
330
20C
100
AcDbEntity
  8
2
  6
Continuous
390
DFF
 62
   155
420
  5075865
100
AcDbLine
 10
160.0563364476
 20
68.49348521430001
 30
0.0
 11
160.8948559646
 21
69.3320047314
 31
0.0
  0
LINE
  5
7E5
330
20C
100
AcDbEntity
  8
2
  6
Continuous
390
DFF
 62
   155
420
  5075865
100
AcDbLine
 10
155.2092113127
 20
60.8320047314
 30
0.0
 11
155.4063364476
 21
61.0291298663
 31
0.0
  0
LINE
  5
7E6
330
20C
100
AcDbEntity
  8
2
  6
Continuous
390
DFF
 62
   155
420
  5075865
100
AcDbLine
 10
156.7092113127
 20
62.3320047314
 30
0.0
 11
158.2092113127
 21
63.8320047314
 31
0.0
  0
LINE
  5
7E7
330
20C
100
AcDbEntity
  8
2
  6
Continuous
390
DFF
 62
   155
420
  5075865
100
AcDbLine
 10
160.0563364476
 20
65.6791298663
 30
0.0
 11
164.2092113127
 21
69.8320047314
 31
0.0
  0
LINE
  5
7E8
330
20C
100
AcDbEntity
  8
2
  6
Continuous
390
DFF
 62
   155
420
  5075865
100
AcDbLine
 10
409.2872435866
 20
263.6114662382
 30
0.0
 11
409.2294162702
 21
263.5723014759
 31
0.0
  0
LINE
  5
7E9
330
20C
100
AcDbEntity
  8
2
  6
Continuous
390
DFF
 62
   155
420
  5075865
100
AcDbLine
 10
161.668375344
 20
123.2862551042
 30
0.0
 11
161.9304142405
 21
123.417184712
 31
0.0
  0
LINE
  5
7EA
330
20C
100
AcDbEntity
  8
2
  6
Continuous
390
DFF
 62
   155
420
  5075865
100
AcDbLine
 10
124.2618914729
 20
172.1994828255
 30
0.0
 11
118.9077645956
 21
172.003006061
 31
0.0
  0
LINE
  5
7EB
330
20C
100
AcDbEntity
  8
2
  6
Continuous
390
DFF
 62
   155
420
  5075865
100
AcDbLine
 10
103.5507814224
 20
173.8064244809
 30
0.0
 11
108.9049082996
 21
174.0029012454
 31
0.0
  0
LINE
  5
7EC
330
20C
100
AcDbEntity
  8
2
  6
Continuous
390
DFF
 62
   155
420
  5075865
100
AcDbLine
 10
331.9703132304
 20
172.2384781469
 30
0.0
 11
327.6858692102
 21
172.1337158384
 31
0.0
  0
LINE
  5
7ED
330
20C
100
AcDbEntity
  8
2
  6
Continuous
390
DFF
 62
   155
420
  5075865
100
AcDbLine
 10
342.0703132304
 20
174.0175815456
 30
0.0
 11
346.3547572506
 21
174.1223438541
 31
0.0
  0
LINE
  5
7EE
330
20C
100
AcDbEntity
  8
2
  6
Continuous
390
DFF
 62
   155
420
  5075865
100
AcDbLine
 10
364.5203132304
 20
170.5029536532
 30
0.0
 11
341.560902594
 21
170.5029536532
 31
0.0
  0
LINE
  5
7EF
330
20C
100
AcDbEntity
  8
2
  6
Continuous
390
DFF
 62
   155
420
  5075865
100
AcDbLine
 10
332.4797238668
 20
170.5029536532
 30
0.0
 11
309.5203132304
 21
170.5029536532
 31
0.0
  0
LINE
  5
7F0
330
20C
100
AcDbEntity
  8
2
  6
Continuous
390
DFF
 62
   155
420
  5075865
100
AcDbLine
 10
304.5203132304
 20
170.5029536532
 30
0.0
 11
264.9203132305
 21
170.5029536532
 31
0.0
  0
LINE
  5
7F1
330
20C
100
AcDbEntity
  8
2
  6
Continuous
390
DFF
 62
   155
420
  5075865
100
AcDbLine
 10
81.4063364476
 20
170.5029536532
 30
0.0
 11
41.8063364477
 21
170.5029536532
 31
0.0
  0
LINE
  5
7F2
330
20C
100
AcDbEntity
  8
2
  6
Continuous
390
DFF
 62
   155
420
  5075865
100
AcDbLine
 10
86.4063364476
 20
170.5029536532
 30
0.0
 11
109.3060017571
 21
170.5029536532
 31
0.0
  0
LINE
  5
7F3
330
20C
100
AcDbEntity
  8
2
  6
Continuous
390
DFF
 62
   155
420
  5075865
100
AcDbLine
 10
118.5066711382
 20
170.5029536532
 30
0.0
 11
141.4063364476
 21
170.5029536532
 31
0.0
  0
LINE
  5
7F4
330
20C
100
AcDbEntity
  8
2
  6
Continuous
390
DFF
 62
   155
420
  5075865
100
AcDbLine
 10
146.4063364476
 20
170.5029536532
 30
0.0
 11
186.0063364475
 21
170.5029536532
 31
0.0
  0
LINE
  5
7F5
330
20C
100
AcDbEntity
  8
2
  6
Continuous
390
DFF
 62
   155
420
  5075865
100
AcDbLine
 10
369.5203132304
 20
170.5029536532
 30
0.0
 11
409.1203132303
 21
170.5029536532
 31
0.0
  0
LINE
  5
7F6
330
20C
100
AcDbEntity
  8
2
  6
Continuous
390
DFF
 62
   155
420
  5075865
100
AcDbLine
 10
366.02012253
 20
171.7526105667
 30
0.0
 11
342.05058101
 21
171.7526105667
 31
0.0
  0
LINE
  5
7F7
330
20C
100
AcDbEntity
  8
2
  6
Continuous
390
DFF
 62
   155
420
  5075865
100
AcDbLine
 10
331.9900454508
 20
171.7526105667
 30
0.0
 11
308.0205039308
 21
171.7526105667
 31
0.0
  0
LINE
  5
7F8
330
20C
100
AcDbEntity
  8
2
  6
Continuous
390
DFF
 62
   155
420
  5075865
100
AcDbLine
 10
307.8895510452
 20
171.8835634523
 30
0.0
 11
332.0934967222
 21
171.8835634523
 31
0.0
  0
LINE
  5
7F9
330
20C
100
AcDbEntity
  8
2
  6
Continuous
390
DFF
 62
   155
420
  5075865
100
AcDbLine
 10
341.9471297386
 20
171.8835634523
 30
0.0
 11
366.1510754156
 21
171.8835634523
 31
0.0
  0
LINE
  5
7FA
330
20C
100
AcDbEntity
  8
2
  6
Continuous
390
DFF
 62
   155
420
  5075865
100
AcDbLine
 10
306.02012253
 20
172.0027629528
 30
0.0
 11
264.9203132305
 21
172.0027629528
 31
0.0
  0
LINE
  5
7FB
330
20C
100
AcDbEntity
  8
2
  6
Continuous
390
DFF
 62
   155
420
  5075865
100
AcDbLine
 10
368.0205039308
 20
172.0027629528
 30
0.0
 11
409.1203132303
 21
172.0027629528
 31
0.0
  0
LINE
  5
7FC
330
20C
100
AcDbEntity
  8
2
  6
Continuous
390
DFF
 62
   155
420
  5075865
100
AcDbLine
 10
82.9063364476
 20
172.0029536532
 30
0.0
 11
41.8063364477
 21
172.0029536532
 31
0.0
  0
LINE
  5
7FD
330
20C
100
AcDbEntity
  8
2
  6
Continuous
390
DFF
 62
   155
420
  5075865
100
AcDbLine
 10
85.15667953409999
 20
172.0029536532
 30
0.0
 11
103.5507814224
 21
172.0029536532
 31
0.0
  0
LINE
  5
7FE
330
20C
100
AcDbEntity
  8
2
  6
Continuous
390
DFF
 62
   155
420
  5075865
100
AcDbLine
 10
124.2618914729
 20
172.0029536532
 30
0.0
 11
142.6559933611
 21
172.0029536532
 31
0.0
  0
LINE
  5
7FF
330
20C
100
AcDbEntity
  8
2
  6
Continuous
390
DFF
 62
   155
420
  5075865
100
AcDbLine
 10
144.9063364476
 20
172.0029536532
 30
0.0
 11
186.0063364475
 21
172.0029536532
 31
0.0
  0
LINE
  5
800
330
20C
100
AcDbEntity
  8
2
  6
Continuous
390
DFF
 62
   155
420
  5075865
100
AcDbLine
 10
103.5507814224
 20
172.003006061
 30
0.0
 11
108.9049082996
 21
172.003006061
 31
0.0
  0
LINE
  5
801
330
20C
100
AcDbEntity
  8
2
  6
Continuous
390
DFF
 62
   155
420
  5075865
100
AcDbLine
 10
118.9077645956
 20
172.003006061
 30
0.0
 11
124.2618914729
 21
172.003006061
 31
0.0
  0
LINE
  5
802
330
20C
100
AcDbEntity
  8
2
  6
Continuous
390
DFF
 62
   155
420
  5075865
100
AcDbLine
 10
409.1203132303
 20
172.1337158384
 30
0.0
 11
367.8895510452
 21
172.1337158384
 31
0.0
  0
LINE
  5
803
330
20C
100
AcDbEntity
  8
2
  6
Continuous
390
DFF
 62
   155
420
  5075865
100
AcDbLine
 10
332.0432678268
 20
172.1337158384
 30
0.0
 11
327.6858692102
 21
172.1337158384
 31
0.0
  0
LINE
  5
804
330
20C
100
AcDbEntity
  8
2
  6
Continuous
390
DFF
 62
   155
420
  5075865
100
AcDbLine
 10
264.9203132305
 20
172.1337158384
 30
0.0
 11
306.1510754156
 21
172.1337158384
 31
0.0
  0
LINE
  5
805
330
20C
100
AcDbEntity
  8
2
  6
Continuous
390
DFF
 62
   155
420
  5075865
100
AcDbLine
 10
341.9973586339
 20
172.1337158384
 30
0.0
 11
346.3547572506
 21
172.1337158384
 31
0.0
  0
LINE
  5
806
330
20C
100
AcDbEntity
  8
2
  6
Continuous
390
DFF
 62
   155
420
  5075865
100
AcDbLine
 10
335.7030261713
 20
172.1860969926
 30
0.0
 11
332.0874899824
 21
172.1860969926
 31
0.0
  0
LINE
  5
807
330
20C
100
AcDbEntity
  8
2
  6
Continuous
390
DFF
 62
   155
420
  5075865
100
AcDbLine
 10
338.3376002895
 20
172.1860969926
 30
0.0
 11
341.9531364784
 21
172.1860969926
 31
0.0
  0
LINE
  5
808
330
20C
100
AcDbEntity
  8
2
  6
Continuous
390
DFF
 62
   155
420
  5075865
100
AcDbLine
 10
83.10286562
 20
172.1994828255
 30
0.0
 11
41.8063364477
 21
172.1994828255
 31
0.0
  0
LINE
  5
809
330
20C
100
AcDbEntity
  8
2
  6
Continuous
390
DFF
 62
   155
420
  5075865
100
AcDbLine
 10
84.9601503618
 20
172.1994828255
 30
0.0
 11
103.5507814224
 21
172.1994828255
 31
0.0
  0
LINE
  5
80A
330
20C
100
AcDbEntity
  8
2
  6
Continuous
390
DFF
 62
   155
420
  5075865
100
AcDbLine
 10
124.2618914729
 20
172.1994828255
 30
0.0
 11
142.8525225334
 21
172.1994828255
 31
0.0
  0
LINE
  5
80B
330
20C
100
AcDbEntity
  8
2
  6
Continuous
390
DFF
 62
   155
420
  5075865
100
AcDbLine
 10
144.7098072753
 20
172.1994828255
 30
0.0
 11
186.0063364475
 21
172.1994828255
 31
0.0
  0
LINE
  5
80C
330
20C
100
AcDbEntity
  8
2
  6
Continuous
390
DFF
 62
   155
420
  5075865
100
AcDbLine
 10
342.0703132304
 20
172.2384781469
 30
0.0
 11
338.3686741614
 21
172.2384781469
 31
0.0
  0
LINE
  5
80D
330
20C
100
AcDbEntity
  8
2
  6
Continuous
390
DFF
 62
   155
420
  5075865
100
AcDbLine
 10
331.9703132304
 20
172.2384781469
 30
0.0
 11
335.6719522994
 21
172.2384781469
 31
0.0
  0
LINE
  5
80E
330
20C
100
AcDbEntity
  8
2
  6
Continuous
390
DFF
 62
   155
420
  5075865
100
AcDbLine
 10
186.0063364475
 20
173.8064244809
 30
0.0
 11
144.7098072753
 21
173.8064244809
 31
0.0
  0
LINE
  5
80F
330
20C
100
AcDbEntity
  8
2
  6
Continuous
390
DFF
 62
   155
420
  5075865
100
AcDbLine
 10
142.8525225334
 20
173.8064244809
 30
0.0
 11
124.2618914729
 21
173.8064244809
 31
0.0
  0
LINE
  5
810
330
20C
100
AcDbEntity
  8
2
  6
Continuous
390
DFF
 62
   155
420
  5075865
100
AcDbLine
 10
103.5507814224
 20
173.8064244809
 30
0.0
 11
84.9601503618
 21
173.8064244809
 31
0.0
  0
LINE
  5
811
330
20C
100
AcDbEntity
  8
2
  6
Continuous
390
DFF
 62
   155
420
  5075865
100
AcDbLine
 10
41.8063364477
 20
173.8064244809
 30
0.0
 11
83.10286562
 21
173.8064244809
 31
0.0
  0
LINE
  5
812
330
20C
100
AcDbEntity
  8
2
  6
Continuous
390
DFF
 62
   155
420
  5075865
100
AcDbLine
 10
366.1510754156
 20
173.872191468
 30
0.0
 11
346.3547572506
 21
173.872191468
 31
0.0
  0
LINE
  5
813
330
20C
100
AcDbEntity
  8
2
  6
Continuous
390
DFF
 62
   155
420
  5075865
100
AcDbLine
 10
327.6858692102
 20
173.872191468
 30
0.0
 11
307.8895510452
 21
173.872191468
 31
0.0
  0
LINE
  5
814
330
20C
100
AcDbEntity
  8
2
  6
Continuous
390
DFF
 62
   155
420
  5075865
100
AcDbLine
 10
306.1510754156
 20
173.872191468
 30
0.0
 11
264.9203132305
 21
173.872191468
 31
0.0
  0
LINE
  5
815
330
20C
100
AcDbEntity
  8
2
  6
Continuous
390
DFF
 62
   155
420
  5075865
100
AcDbLine
 10
367.8895510452
 20
173.872191468
 30
0.0
 11
409.1203132303
 21
173.872191468
 31
0.0
  0
LINE
  5
816
330
20C
100
AcDbEntity
  8
2
  6
Continuous
390
DFF
 62
   155
420
  5075865
100
AcDbLine
 10
124.2618914729
 20
174.0029012454
 30
0.0
 11
118.9077645956
 21
174.0029012454
 31
0.0
  0
LINE
  5
817
330
20C
100
AcDbEntity
  8
2
  6
Continuous
390
DFF
 62
   155
420
  5075865
100
AcDbLine
 10
108.9049082996
 20
174.0029012454
 30
0.0
 11
103.5507814224
 21
174.0029012454
 31
0.0
  0
LINE
  5
818
330
20C
100
AcDbEntity
  8
2
  6
Continuous
390
DFF
 62
   155
420
  5075865
100
AcDbLine
 10
186.0063364475
 20
174.0029536532
 30
0.0
 11
144.9063364476
 21
174.0029536532
 31
0.0
  0
LINE
  5
819
330
20C
100
AcDbEntity
  8
2
  6
Continuous
390
DFF
 62
   155
420
  5075865
100
AcDbLine
 10
142.6559933611
 20
174.0029536532
 30
0.0
 11
124.2618914729
 21
174.0029536532
 31
0.0
  0
LINE
  5
81A
330
20C
100
AcDbEntity
  8
2
  6
Continuous
390
DFF
 62
   155
420
  5075865
100
AcDbLine
 10
103.5507814224
 20
174.0029536532
 30
0.0
 11
85.15667953409999
 21
174.0029536532
 31
0.0
  0
LINE
  5
81B
330
20C
100
AcDbEntity
  8
2
  6
Continuous
390
DFF
 62
   155
420
  5075865
100
AcDbLine
 10
41.8063364477
 20
174.0029536532
 30
0.0
 11
82.9063364476
 21
174.0029536532
 31
0.0
  0
LINE
  5
81C
330
20C
100
AcDbEntity
  8
2
  6
Continuous
390
DFF
 62
   155
420
  5075865
100
AcDbLine
 10
409.1203132303
 20
174.0031443536
 30
0.0
 11
368.0205039308
 21
174.0031443536
 31
0.0
  0
LINE
  5
81D
330
20C
100
AcDbEntity
  8
2
  6
Continuous
390
DFF
 62
   155
420
  5075865
100
AcDbLine
 10
264.9203132305
 20
174.0031443536
 30
0.0
 11
306.02012253
 21
174.0031443536
 31
0.0
  0
LINE
  5
81E
330
20C
100
AcDbEntity
  8
2
  6
Continuous
390
DFF
 62
   155
420
  5075865
100
AcDbLine
 10
308.0205039308
 20
174.0031443536
 30
0.0
 11
327.6855686433
 21
174.0031443536
 31
0.0
  0
LINE
  5
81F
330
20C
100
AcDbEntity
  8
2
  6
Continuous
390
DFF
 62
   155
420
  5075865
100
AcDbLine
 10
346.3550578175
 20
174.0031443536
 30
0.0
 11
366.02012253
 21
174.0031443536
 31
0.0
  0
LINE
  5
820
330
20C
100
AcDbEntity
  8
2
  6
Continuous
390
DFF
 62
   155
420
  5075865
100
AcDbLine
 10
335.8485495
 20
174.0175815456
 30
0.0
 11
331.9703132304
 21
174.0175815456
 31
0.0
  0
LINE
  5
821
330
20C
100
AcDbEntity
  8
2
  6
Continuous
390
DFF
 62
   155
420
  5075865
100
AcDbLine
 10
338.1920769608
 20
174.0175815456
 30
0.0
 11
342.0703132304
 21
174.0175815456
 31
0.0
  0
LINE
  5
822
330
20C
100
AcDbEntity
  8
2
  6
Continuous
390
DFF
 62
   155
420
  5075865
100
AcDbLine
 10
341.9051358161
 20
174.0699626999
 30
0.0
 11
338.1445870824
 21
174.0699626999
 31
0.0
  0
LINE
  5
823
330
20C
100
AcDbEntity
  8
2
  6
Continuous
390
DFF
 62
   155
420
  5075865
100
AcDbLine
 10
332.1354906446
 20
174.0699626999
 30
0.0
 11
335.8960393784
 21
174.0699626999
 31
0.0
  0
LINE
  5
824
330
20C
100
AcDbEntity
  8
2
  6
Continuous
390
DFF
 62
   155
420
  5075865
100
AcDbLine
 10
346.3547572506
 20
174.1223438541
 30
0.0
 11
341.9471297386
 21
174.1223438541
 31
0.0
  0
LINE
  5
825
330
20C
100
AcDbEntity
  8
2
  6
Continuous
390
DFF
 62
   155
420
  5075865
100
AcDbLine
 10
327.6858692102
 20
174.1223438541
 30
0.0
 11
332.0934967222
 21
174.1223438541
 31
0.0
  0
LINE
  5
826
330
20C
100
AcDbEntity
  8
2
  6
Continuous
390
DFF
 62
   155
420
  5075865
100
AcDbLine
 10
364.5203132304
 20
175.5029536532
 30
0.0
 11
341.560902594
 21
175.5029536532
 31
0.0
  0
LINE
  5
827
330
20C
100
AcDbEntity
  8
2
  6
Continuous
390
DFF
 62
   155
420
  5075865
100
AcDbLine
 10
332.4797238668
 20
175.5029536532
 30
0.0
 11
309.5203132304
 21
175.5029536532
 31
0.0
  0
LINE
  5
828
330
20C
100
AcDbEntity
  8
2
  6
Continuous
390
DFF
 62
   155
420
  5075865
100
AcDbLine
 10
304.5203132304
 20
175.5029536532
 30
0.0
 11
264.9203132305
 21
175.5029536532
 31
0.0
  0
LINE
  5
829
330
20C
100
AcDbEntity
  8
2
  6
Continuous
390
DFF
 62
   155
420
  5075865
100
AcDbLine
 10
186.0063364475
 20
175.5029536532
 30
0.0
 11
146.4063364476
 21
175.5029536532
 31
0.0
  0
LINE
  5
82A
330
20C
100
AcDbEntity
  8
2
  6
Continuous
390
DFF
 62
   155
420
  5075865
100
AcDbLine
 10
141.4063364476
 20
175.5029536532
 30
0.0
 11
118.5066711382
 21
175.5029536532
 31
0.0
  0
LINE
  5
82B
330
20C
100
AcDbEntity
  8
2
  6
Continuous
390
DFF
 62
   155
420
  5075865
100
AcDbLine
 10
109.3060017571
 20
175.5029536532
 30
0.0
 11
86.4063364476
 21
175.5029536532
 31
0.0
  0
LINE
  5
82C
330
20C
100
AcDbEntity
  8
2
  6
Continuous
390
DFF
 62
   155
420
  5075865
100
AcDbLine
 10
41.8063364477
 20
175.5029536532
 30
0.0
 11
81.4063364476
 21
175.5029536532
 31
0.0
  0
LINE
  5
82D
330
20C
100
AcDbEntity
  8
2
  6
Continuous
390
DFF
 62
   155
420
  5075865
100
AcDbLine
 10
369.5203132304
 20
175.5029536532
 30
0.0
 11
409.1203132303
 21
175.5029536532
 31
0.0
  0
LINE
  5
82E
330
20C
100
AcDbEntity
  8
2
  6
Continuous
390
DFF
 62
   155
420
  5075865
100
AcDbLine
 10
218.3181075919
 20
176.5029536532
 30
0.0
 11
221.8181154044
 21
176.5029536532
 31
0.0
  0
LINE
  5
82F
330
20C
100
AcDbEntity
  8
2
  6
Continuous
390
DFF
 62
   155
420
  5075865
100
AcDbLine
 10
187.3501560506
 20
177.4059387278
 30
0.0
 11
187.5302648002
 21
177.4059387278
 31
0.0
  0
LINE
  5
830
330
20C
100
AcDbEntity
  8
2
  6
Continuous
390
DFF
 62
   155
420
  5075865
100
AcDbLine
 10
187.3501560506
 20
178.5999685786
 30
0.0
 11
187.5302648002
 21
178.5999685786
 31
0.0
  0
LINE
  5
831
330
20C
100
AcDbEntity
  8
2
  6
Continuous
390
DFF
 62
   155
420
  5075865
100
AcDbLine
 10
221.8181154044
 20
179.5029536532
 30
0.0
 11
218.3181075919
 21
179.5029536532
 31
0.0
  0
LINE
  5
832
330
20C
100
AcDbEntity
  8
2
  6
Continuous
390
DFF
 62
   155
420
  5075865
100
AcDbLine
 10
342.0703132304
 20
172.2384781469
 30
0.0
 11
346.3547572506
 21
172.1337158384
 31
0.0
  0
LINE
  5
833
330
20C
100
AcDbEntity
  8
2
  6
Continuous
390
DFF
 62
   155
420
  5075865
100
AcDbLine
 10
331.9703132304
 20
174.0175815456
 30
0.0
 11
327.6858692102
 21
174.1223438541
 31
0.0
  0
LINE
  5
834
330
20C
100
AcDbEntity
  8
2
  6
Continuous
390
DFF
 62
   155
420
  5075865
100
AcDbLine
 10
118.9077645956
 20
174.0029012454
 30
0.0
 11
124.2618914729
 21
173.8064244809
 31
0.0
  0
LINE
  5
835
330
20C
100
AcDbEntity
  8
2
  6
Continuous
390
DFF
 62
   155
420
  5075865
100
AcDbLine
 10
50.6621341983
 20
273.7046219264
 30
0.0
 11
50.8955731599
 21
273.5770335024
 31
0.0
  0
LINE
  5
836
330
20C
100
AcDbEntity
  8
2
  6
Continuous
390
DFF
 62
   155
420
  5075865
100
AcDbLine
 10
186.0063364475
 20
236.9805614078
 30
0.0
 11
183.7455001248
 21
239.0860670639
 31
0.0
  0
LINE
  5
837
330
20C
100
AcDbEntity
  8
2
  6
Continuous
390
DFF
 62
   155
420
  5075865
100
AcDbLine
 10
191.59265136
 20
218.5113208958
 30
0.0
 11
191.3568163532
 21
218.7471559025
 31
0.0
  0
LINE
  5
838
330
20C
100
AcDbEntity
  8
2
  6
Continuous
390
DFF
 62
   155
420
  5075865
100
AcDbLine
 10
129.4147036902
 20
281.4863807653
 30
0.0
 11
129.650538697
 21
281.2505457576
 31
0.0
  0
LINE
  5
839
330
20C
100
AcDbEntity
  8
2
  6
Continuous
390
DFF
 62
   155
420
  5075865
100
AcDbLine
 10
185.9143999731
 20
235.5029536532
 30
0.0
 11
185.9286711143
 21
235.4886825121
 31
0.0
  0
LINE
  5
83A
330
20C
100
AcDbEntity
  8
2
  6
Continuous
390
DFF
 62
   155
420
  5075865
100
AcDbLine
 10
150.5272089215
 20
272.6937118012
 30
0.0
 11
148.4969908826
 21
274.9029561443
 31
0.0
  0
LINE
  5
83B
330
20C
100
AcDbEntity
  8
2
  6
Continuous
390
DFF
 62
   155
420
  5075865
100
AcDbLine
 10
180.0105678002
 20
271.5584941053
 30
0.0
 11
180.0855458598
 21
271.4584250314
 31
0.0
  0
LINE
  5
83C
330
20C
100
AcDbEntity
  8
2
  6
Continuous
390
DFF
 62
   155
420
  5075865
100
AcDbLine
 10
185.6681101933
 20
264.0076848309
 30
0.0
 11
185.7612240763
 21
263.8834108755
 31
0.0
  0
LINE
  5
83D
330
20C
100
AcDbEntity
  8
2
  6
Continuous
390
DFF
 62
   155
420
  5075865
100
AcDbLine
 10
185.7612240763
 20
263.8834108755
 30
0.0
 11
186.6966341898
 21
262.4253238069
 31
0.0
  0
LINE
  5
83E
330
20C
100
AcDbEntity
  8
2
  6
Continuous
390
DFF
 62
   155
420
  5075865
100
AcDbLine
 10
186.6833326299
 20
262.4945864106
 30
0.0
 11
186.0310645036
 21
263.5113208958
 31
0.0
  0
LINE
  5
83F
330
20C
100
AcDbEntity
  8
2
  6
Continuous
390
DFF
 62
   155
420
  5075865
100
AcDbLine
 10
185.9954355308
 20
264.0036152436
 30
0.0
 11
186.1599625104
 21
263.7471559025
 31
0.0
  0
LINE
  5
840
330
20C
100
AcDbEntity
  8
2
  6
Continuous
390
DFF
 62
   155
420
  5075865
100
AcDbLine
 10
257.1203132304
 20
123.1029536532
 30
0.0
 11
257.1203132304
 21
282.9029536532
 31
0.0
  0
LINE
  5
841
330
20C
100
AcDbEntity
  8
2
  6
Continuous
390
DFF
 62
   155
420
  5075865
100
AcDbLine
 10
258.4603132304
 20
124.4429536532
 30
0.0
 11
258.4603132304
 21
281.5629536532
 31
0.0
  0
LINE
  5
842
330
20C
100
AcDbEntity
  8
2
  6
Continuous
390
DFF
 62
   155
420
  5075865
100
AcDbLine
 10
258.6349170779
 20
281.2384079079
 30
0.0
 11
258.6349170779
 21
124.7039024092
 31
0.0
  0
LINE
  5
843
330
20C
100
AcDbEntity
  8
2
  6
Continuous
390
DFF
 62
   155
420
  5075865
100
AcDbLine
 10
260.0673457414
 20
282.5219223815
 30
0.0
 11
260.0673457414
 21
282.4592409225
 31
0.0
  0
LINE
  5
844
330
20C
100
AcDbEntity
  8
2
  6
Continuous
390
DFF
 62
   155
420
  5075865
100
AcDbLine
 10
260.0673457414
 20
123.4877152322
 30
0.0
 11
260.0673457414
 21
123.4614978268
 31
0.0
  0
LINE
  5
845
330
20C
100
AcDbEntity
  8
2
  6
Continuous
390
DFF
 62
   155
420
  5075865
100
AcDbLine
 10
260.0673457414
 20
125.1205920742
 30
0.0
 11
260.0673457414
 21
125.1844094796
 31
0.0
  0
LINE
  5
846
330
20C
100
AcDbEntity
  8
2
  6
Continuous
390
DFF
 62
   155
420
  5075865
100
AcDbLine
 10
260.0673457414
 20
280.7910663839
 30
0.0
 11
260.0673457414
 21
280.8299849249
 31
0.0
  0
LINE
  5
847
330
20C
100
AcDbEntity
  8
2
  6
Continuous
390
DFF
 62
   155
420
  5075865
100
AcDbLine
 10
263.4504716915
 20
244.5496536922
 30
0.0
 11
263.4504716915
 21
215.2859538068
 31
0.0
  0
LINE
  5
848
330
20C
100
AcDbEntity
  8
2
  6
Continuous
390
DFF
 62
   155
420
  5075865
100
AcDbLine
 10
263.4504716915
 20
161.4562536142
 30
0.0
 11
263.4504716915
 21
190.7199534997
 31
0.0
  0
LINE
  5
849
330
20C
100
AcDbEntity
  8
2
  6
Continuous
390
DFF
 62
   155
420
  5075865
100
AcDbLine
 10
263.5203132305
 20
190.7199534997
 30
0.0
 11
263.5203132305
 21
161.4670552684
 31
0.0
  0
LINE
  5
84A
330
20C
100
AcDbEntity
  8
2
  6
Continuous
390
DFF
 62
   155
420
  5075865
100
AcDbLine
 10
263.5203132305
 20
215.2859538068
 30
0.0
 11
263.5203132305
 21
244.5388520381
 31
0.0
  0
LINE
  5
84B
330
20C
100
AcDbEntity
  8
2
  6
Continuous
390
DFF
 62
   155
420
  5075865
100
AcDbLine
 10
263.6504716914
 20
260.1363087632
 30
0.0
 11
263.6504716914
 21
251.483358405
 31
0.0
  0
LINE
  5
84C
330
20C
100
AcDbEntity
  8
2
  6
Continuous
390
DFF
 62
   155
420
  5075865
100
AcDbLine
 10
263.6504716914
 20
145.8695985432
 30
0.0
 11
263.6504716914
 21
154.5225489015
 31
0.0
  0
LINE
  5
84D
330
20C
100
AcDbEntity
  8
2
  6
Continuous
390
DFF
 62
   155
420
  5075865
100
AcDbLine
 10
263.7203132304
 20
154.5158344984
 30
0.0
 11
263.7203132304
 21
145.8695985435
 31
0.0
  0
LINE
  5
84E
330
20C
100
AcDbEntity
  8
2
  6
Continuous
390
DFF
 62
   155
420
  5075865
100
AcDbLine
 10
263.7203132304
 20
251.490072808
 30
0.0
 11
263.7203132304
 21
260.1363087632
 31
0.0
  0
LINE
  5
84F
330
20C
100
AcDbEntity
  8
2
  6
Continuous
390
DFF
 62
   155
420
  5075865
100
AcDbLine
 10
264.9203132305
 20
190.7199534997
 30
0.0
 11
264.9203132305
 21
173.872191468
 31
0.0
  0
LINE
  5
850
330
20C
100
AcDbEntity
  8
2
  6
Continuous
390
DFF
 62
   155
420
  5075865
100
AcDbLine
 10
264.9203132305
 20
172.1337158384
 30
0.0
 11
264.9203132305
 21
161.3852605582
 31
0.0
  0
LINE
  5
851
330
20C
100
AcDbEntity
  8
2
  6
Continuous
390
DFF
 62
   155
420
  5075865
100
AcDbLine
 10
264.9203132305
 20
215.2859538068
 30
0.0
 11
264.9203132305
 21
232.1337158384
 31
0.0
  0
LINE
  5
852
330
20C
100
AcDbEntity
  8
2
  6
Continuous
390
DFF
 62
   155
420
  5075865
100
AcDbLine
 10
264.9203132305
 20
233.872191468
 30
0.0
 11
264.9203132305
 21
244.6206467482
 31
0.0
  0
LINE
  5
853
330
20C
100
AcDbEntity
  8
2
  6
Continuous
390
DFF
 62
   155
420
  5075865
100
AcDbLine
 10
265.1203132304
 20
259.9443090808
 30
0.0
 11
265.1203132304
 21
251.3256031984
 31
0.0
  0
LINE
  5
854
330
20C
100
AcDbEntity
  8
2
  6
Continuous
390
DFF
 62
   155
420
  5075865
100
AcDbLine
 10
265.1203132304
 20
146.0615982256
 30
0.0
 11
265.1203132304
 21
154.680304108
 31
0.0
  0
LINE
  5
855
330
20C
100
AcDbEntity
  8
2
  6
Continuous
390
DFF
 62
   155
420
  5075865
100
AcDbLine
 10
267.4504716914
 20
210.9041733468
 30
0.0
 11
267.4504716914
 21
207.2043030451
 31
0.0
  0
LINE
  5
856
330
20C
100
AcDbEntity
  8
2
  6
Continuous
390
DFF
 62
   155
420
  5075865
100
AcDbLine
 10
267.4504716914
 20
198.8016042614
 30
0.0
 11
267.4504716914
 21
195.1017339596
 31
0.0
  0
LINE
  5
857
330
20C
100
AcDbEntity
  8
2
  6
Continuous
390
DFF
 62
   155
420
  5075865
100
AcDbLine
 10
267.5203132304
 20
195.1017339596
 30
0.0
 11
267.5203132304
 21
195.173972711
 31
0.0
  0
LINE
  5
858
330
20C
100
AcDbEntity
  8
2
  6
Continuous
390
DFF
 62
   155
420
  5075865
100
AcDbLine
 10
267.5203132304
 20
198.7319345953
 30
0.0
 11
267.5203132304
 21
198.9376670301
 31
0.0
  0
LINE
  5
859
330
20C
100
AcDbEntity
  8
2
  6
Continuous
390
DFF
 62
   155
420
  5075865
100
AcDbLine
 10
267.5203132304
 20
207.0682402763
 30
0.0
 11
267.5203132304
 21
207.2739727111
 31
0.0
  0
LINE
  5
85A
330
20C
100
AcDbEntity
  8
2
  6
Continuous
390
DFF
 62
   155
420
  5075865
100
AcDbLine
 10
267.5203132304
 20
210.8319345954
 30
0.0
 11
267.5203132304
 21
210.9041733468
 31
0.0
  0
LINE
  5
85B
330
20C
100
AcDbEntity
  8
2
  6
Continuous
390
DFF
 62
   155
420
  5075865
100
AcDbLine
 10
267.6250755389
 20
198.0942649103
 30
0.0
 11
267.6250755389
 21
195.811642396
 31
0.0
  0
LINE
  5
85C
330
20C
100
AcDbEntity
  8
2
  6
Continuous
390
DFF
 62
   155
420
  5075865
100
AcDbLine
 10
267.6250755389
 20
207.9116423961
 30
0.0
 11
267.6250755389
 21
210.1942649104
 31
0.0
  0
LINE
  5
85D
330
20C
100
AcDbEntity
  8
2
  6
Continuous
390
DFF
 62
   155
420
  5075865
100
AcDbLine
 10
268.9203132304
 20
195.1017339596
 30
0.0
 11
268.9203132304
 21
200.5196986668
 31
0.0
  0
LINE
  5
85E
330
20C
100
AcDbEntity
  8
2
  6
Continuous
390
DFF
 62
   155
420
  5075865
100
AcDbLine
 10
268.9203132304
 20
205.4862086397
 30
0.0
 11
268.9203132304
 21
210.9041733468
 31
0.0
  0
LINE
  5
85F
330
20C
100
AcDbEntity
  8
2
  6
Continuous
390
DFF
 62
   155
420
  5075865
100
AcDbLine
 10
270.0203132304
 20
158.7529536532
 30
0.0
 11
270.0203132304
 21
157.2529536532
 31
0.0
  0
LINE
  5
860
330
20C
100
AcDbEntity
  8
2
  6
Continuous
390
DFF
 62
   155
420
  5075865
100
AcDbLine
 10
270.0203132304
 20
247.2529536532
 30
0.0
 11
270.0203132304
 21
248.7529536532
 31
0.0
  0
LINE
  5
861
330
20C
100
AcDbEntity
  8
2
  6
Continuous
390
DFF
 62
   155
420
  5075865
100
AcDbLine
 10
267.6250755389
 20
207.9116423961
 30
0.0
 11
267.5203132304
 21
207.2739727111
 31
0.0
  0
LINE
  5
862
330
20C
100
AcDbEntity
  8
2
  6
Continuous
390
DFF
 62
   155
420
  5075865
100
AcDbLine
 10
267.6250755389
 20
195.811642396
 30
0.0
 11
267.5203132304
 21
195.173972711
 31
0.0
  0
LINE
  5
863
330
20C
100
AcDbEntity
  8
2
  6
Continuous
390
DFF
 62
   155
420
  5075865
100
AcDbLine
 10
159.5235666607
 20
62.3320047314
 30
0.0
 11
167.0235666607
 21
69.8320047314
 31
0.0
  0
LINE
  5
864
330
20C
100
AcDbEntity
  8
2
  6
Continuous
390
DFF
 62
   155
420
  5075865
100
AcDbLine
 10
162.3379220087
 20
62.3320047314
 30
0.0
 11
169.8379220087
 21
69.8320047314
 31
0.0
  0
LINE
  5
865
330
20C
100
AcDbEntity
  8
2
  6
Continuous
390
DFF
 62
   155
420
  5075865
100
AcDbLine
 10
163.6522773567
 20
60.8320047314
 30
0.0
 11
172.4063364476
 21
69.58606382229999
 31
0.0
  0
LINE
  5
866
330
20C
100
AcDbEntity
  8
2
  6
Continuous
390
DFF
 62
   155
420
  5075865
100
AcDbLine
 10
166.4666327047
 20
60.8320047314
 30
0.0
 11
172.4063364476
 21
66.7717084743
 31
0.0
  0
LINE
  5
867
330
20C
100
AcDbEntity
  8
2
  6
Continuous
390
DFF
 62
   155
420
  5075865
100
AcDbLine
 10
169.2809880527
 20
60.8320047314
 30
0.0
 11
172.4063364476
 21
63.9573531263
 31
0.0
  0
LINE
  5
868
330
20C
100
AcDbEntity
  8
2
  6
Continuous
390
DFF
 62
   155
420
  5075865
100
AcDbLine
 10
172.0953434007
 20
60.8320047314
 30
0.0
 11
172.4063364476
 21
61.1429977783
 31
0.0
  0
LINE
  5
869
330
20C
100
AcDbEntity
  8
2
  6
Continuous
390
DFF
 62
   155
420
  5075865
100
AcDbLine
 10
178.6563364476
 20
67.3929977783
 30
0.0
 11
179.9063364476
 21
68.6429977783
 31
0.0
  0
LINE
  5
86A
330
20C
100
AcDbEntity
  8
2
  6
Continuous
390
DFF
 62
   155
420
  5075865
100
AcDbLine
 10
178.6563364476
 20
64.57864243029999
 30
0.0
 11
179.9096987487
 21
65.8320047314
 31
0.0
  0
LINE
  5
86B
330
20C
100
AcDbEntity
  8
2
  6
Continuous
390
DFF
 62
   155
420
  5075865
100
AcDbLine
 10
179.7240540967
 20
62.8320047314
 30
0.0
 11
182.7240540967
 21
65.8320047314
 31
0.0
  0
LINE
  5
86C
330
20C
100
AcDbEntity
  8
2
  6
Continuous
390
DFF
 62
   155
420
  5075865
100
AcDbLine
 10
161.1563364476
 20
69.3320047314
 30
0.0
 11
161.7522132439
 21
69.8320047314
 31
0.0
  0
LINE
  5
86D
330
20C
100
AcDbEntity
  8
2
  6
Continuous
390
DFF
 62
   155
420
  5075865
100
AcDbLine
 10
121.4720414763
 20
59.59352035640001
 30
0.0
 11
123.2407804679
 21
60.8320047314
 31
0.0
  0
LINE
  5
86E
330
20C
100
AcDbEntity
  8
2
  6
Continuous
390
DFF
 62
   155
420
  5075865
100
AcDbLine
 10
191.6188552326
 20
123.417184712
 30
0.0
 11
191.5402435635
 21
123.3779058297
 31
0.0
  0
LINE
  5
86F
330
20C
100
AcDbEntity
  8
2
  6
Continuous
390
DFF
 62
   155
420
  5075865
100
AcDbLine
 10
309.5203132304
 20
186.5029536532
 30
0.0
 11
309.3506403318
 21
186.5029536532
 31
0.0
  0
LINE
  5
870
330
20C
100
AcDbEntity
  8
2
  6
Continuous
390
DFF
 62
   155
420
  5075865
100
AcDbLine
 10
86.1580518801
 20
186.5029536532
 30
0.0
 11
86.4063364476
 21
186.5029536532
 31
0.0
  0
LINE
  5
871
330
20C
100
AcDbEntity
  8
2
  6
Continuous
390
DFF
 62
   155
420
  5075865
100
AcDbLine
 10
141.4063364476
 20
186.5029536532
 30
0.0
 11
141.6546210151
 21
186.5029536532
 31
0.0
  0
LINE
  5
872
330
20C
100
AcDbEntity
  8
2
  6
Continuous
390
DFF
 62
   155
420
  5075865
100
AcDbLine
 10
364.5203132304
 20
186.5029536532
 30
0.0
 11
364.689986129
 21
186.5029536532
 31
0.0
  0
LINE
  5
873
330
20C
100
AcDbEntity
  8
2
  6
Continuous
390
DFF
 62
   155
420
  5075865
100
AcDbLine
 10
191.3568163532
 20
187.2587514039
 30
0.0
 11
187.5587442268
 21
187.2587514039
 31
0.0
  0
LINE
  5
874
330
20C
100
AcDbEntity
  8
2
  6
Continuous
390
DFF
 62
   155
420
  5075865
100
AcDbLine
 10
36.4558565421
 20
187.2587514039
 30
0.0
 11
40.2539286685
 21
187.2587514039
 31
0.0
  0
LINE
  5
875
330
20C
100
AcDbEntity
  8
2
  6
Continuous
390
DFF
 62
   155
420
  5075865
100
AcDbLine
 10
40.4897636752
 20
187.4945864107
 30
0.0
 11
36.2200215353
 21
187.4945864107
 31
0.0
  0
LINE
  5
876
330
20C
100
AcDbEntity
  8
2
  6
Continuous
390
DFF
 62
   155
420
  5075865
100
AcDbLine
 10
187.32290922
 20
187.4945864107
 30
0.0
 11
191.59265136
 21
187.4945864107
 31
0.0
  0
LINE
  5
877
330
20C
100
AcDbEntity
  8
2
  6
Continuous
390
DFF
 62
   155
420
  5075865
100
AcDbLine
 10
191.59265136
 20
188.5113208959
 30
0.0
 11
187.32290922
 21
188.5113208959
 31
0.0
  0
LINE
  5
878
330
20C
100
AcDbEntity
  8
2
  6
Continuous
390
DFF
 62
   155
420
  5075865
100
AcDbLine
 10
36.2200215353
 20
188.5113208959
 30
0.0
 11
40.4897636752
 21
188.5113208959
 31
0.0
  0
LINE
  5
879
330
20C
100
AcDbEntity
  8
2
  6
Continuous
390
DFF
 62
   155
420
  5075865
100
AcDbLine
 10
40.2539286685
 20
188.7471559026
 30
0.0
 11
36.4558565421
 21
188.7471559026
 31
0.0
  0
LINE
  5
87A
330
20C
100
AcDbEntity
  8
2
  6
Continuous
390
DFF
 62
   155
420
  5075865
100
AcDbLine
 10
187.5587442268
 20
188.7471559026
 30
0.0
 11
191.3568163532
 21
188.7471559026
 31
0.0
  0
LINE
  5
87B
330
20C
100
AcDbEntity
  8
2
  6
Continuous
390
DFF
 62
   155
420
  5075865
100
AcDbLine
 10
267.5203132304
 20
195.173972711
 30
0.0
 11
268.9203132304
 21
195.173972711
 31
0.0
  0
LINE
  5
87C
330
20C
100
AcDbEntity
  8
2
  6
Continuous
390
DFF
 62
   155
420
  5075865
100
AcDbLine
 10
405.1203132304
 20
195.173972711
 30
0.0
 11
406.5203132304
 21
195.173972711
 31
0.0
  0
LINE
  5
87D
330
20C
100
AcDbEntity
  8
2
  6
Continuous
390
DFF
 62
   155
420
  5075865
100
AcDbLine
 10
364.689986129
 20
195.5029536532
 30
0.0
 11
364.5203132304
 21
195.5029536532
 31
0.0
  0
LINE
  5
87E
330
20C
100
AcDbEntity
  8
2
  6
Continuous
390
DFF
 62
   155
420
  5075865
100
AcDbLine
 10
141.6546210151
 20
195.5029536532
 30
0.0
 11
141.4063364476
 21
195.5029536532
 31
0.0
  0
LINE
  5
87F
330
20C
100
AcDbEntity
  8
2
  6
Continuous
390
DFF
 62
   155
420
  5075865
100
AcDbLine
 10
86.4063364476
 20
195.5029536532
 30
0.0
 11
86.1580518801
 21
195.5029536532
 31
0.0
  0
LINE
  5
880
330
20C
100
AcDbEntity
  8
2
  6
Continuous
390
DFF
 62
   155
420
  5075865
100
AcDbLine
 10
309.3506403318
 20
195.5029536532
 30
0.0
 11
309.5203132304
 21
195.5029536532
 31
0.0
  0
LINE
  5
881
330
20C
100
AcDbEntity
  8
2
  6
Continuous
390
DFF
 62
   155
420
  5075865
100
AcDbLine
 10
406.4155509219
 20
195.811642396
 30
0.0
 11
405.1203132304
 21
195.811642396
 31
0.0
  0
LINE
  5
882
330
20C
100
AcDbEntity
  8
2
  6
Continuous
390
DFF
 62
   155
420
  5075865
100
AcDbLine
 10
267.6250755389
 20
195.811642396
 30
0.0
 11
268.9203132304
 21
195.811642396
 31
0.0
  0
LINE
  5
883
330
20C
100
AcDbEntity
  8
2
  6
Continuous
390
DFF
 62
   155
420
  5075865
100
AcDbLine
 10
268.9203132304
 20
198.0942649103
 30
0.0
 11
267.6250755389
 21
198.0942649103
 31
0.0
  0
LINE
  5
884
330
20C
100
AcDbEntity
  8
2
  6
Continuous
390
DFF
 62
   155
420
  5075865
100
AcDbLine
 10
405.1203132304
 20
198.0942649103
 30
0.0
 11
406.4155509219
 21
198.0942649103
 31
0.0
  0
LINE
  5
885
330
20C
100
AcDbEntity
  8
2
  6
Continuous
390
DFF
 62
   155
420
  5075865
100
AcDbLine
 10
268.9203132304
 20
198.7319345953
 30
0.0
 11
267.5203132304
 21
198.7319345953
 31
0.0
  0
LINE
  5
886
330
20C
100
AcDbEntity
  8
2
  6
Continuous
390
DFF
 62
   155
420
  5075865
100
AcDbLine
 10
405.1203132304
 20
198.7319345953
 30
0.0
 11
406.5203132304
 21
198.7319345953
 31
0.0
  0
LINE
  5
887
330
20C
100
AcDbEntity
  8
2
  6
Continuous
390
DFF
 62
   155
420
  5075865
100
AcDbLine
 10
71.9304142405
 20
282.5887225944
 30
0.0
 11
71.668375344
 21
282.7196522022
 31
0.0
  0
LINE
  5
888
330
20C
100
AcDbEntity
  8
2
  6
Continuous
390
DFF
 62
   155
420
  5075865
100
AcDbLine
 10
73.32793121260001
 20
280.7551713447
 30
0.0
 11
73.0976568295
 21
280.8802237006
 31
0.0
  0
LINE
  5
889
330
20C
100
AcDbEntity
  8
2
  6
Continuous
390
DFF
 62
   155
420
  5075865
100
AcDbLine
 10
328.6166716194
 20
133.4466707515
 30
0.0
 11
328.5634350774
 21
133.4918782646
 31
0.0
  0
LINE
  5
88A
330
20C
100
AcDbEntity
  8
2
  6
Continuous
390
DFF
 62
   155
420
  5075865
100
AcDbLine
 10
188.0653075461
 20
241.8312332517
 30
0.0
 11
188.2597063522
 21
241.6519325071
 31
0.0
  0
LINE
  5
88B
330
20C
100
AcDbEntity
  8
2
  6
Continuous
390
DFF
 62
   155
420
  5075865
100
AcDbLine
 10
264.9209374476
 20
169.0247645683
 30
0.0
 11
267.1811495532
 21
166.9198402425
 31
0.0
  0
LINE
  5
88C
330
20C
100
AcDbEntity
  8
2
  6
Continuous
390
DFF
 62
   155
420
  5075865
100
AcDbLine
 10
161.3760518878
 20
281.533238213
 30
0.0
 11
161.5613413652
 21
281.3479487356
 31
0.0
  0
LINE
  5
88D
330
20C
100
AcDbEntity
  8
2
  6
Continuous
390
DFF
 62
   155
420
  5075865
100
AcDbLine
 10
192.4366209998
 20
250.4726691011
 30
0.0
 11
192.2514725535
 21
250.6578175474
 31
0.0
  0
LINE
  5
88E
330
20C
100
AcDbEntity
  8
2
  6
Continuous
390
DFF
 62
   155
420
  5075865
100
AcDbLine
 10
300.3994407565
 20
133.3121955052
 30
0.0
 11
302.4296565062
 21
131.1029536532
 31
0.0
  0
LINE
  5
88F
330
20C
100
AcDbEntity
  8
2
  6
Continuous
390
DFF
 62
   155
420
  5075865
100
AcDbLine
 10
271.0203132304
 20
248.7529536532
 30
0.0
 11
271.0203132304
 21
247.2529536532
 31
0.0
  0
LINE
  5
890
330
20C
100
AcDbEntity
  8
2
  6
Continuous
390
DFF
 62
   155
420
  5075865
100
AcDbLine
 10
271.0203132304
 20
157.2529536532
 30
0.0
 11
271.0203132304
 21
158.7529536532
 31
0.0
  0
LINE
  5
891
330
20C
100
AcDbEntity
  8
dim
  6
Continuous
390
DFF
 62
    84
420
  2529536
100
AcDbLine
 10
275.1764114848
 20
333.1845525843
 30
0.0
 11
275.1764114848
 21
327.5753850324
 31
0.0
  0
LINE
  5
892
330
20C
100
AcDbEntity
  8
dim
  6
Continuous
390
DFF
 62
    84
420
  2529536
100
AcDbLine
 10
275.1764114848
 20
0.0
 30
0.0
 11
275.1764114848
 21
5.609167551900001
 31
0.0
  0
LINE
  5
893
330
20C
100
AcDbEntity
  8
dim
  6
Continuous
390
DFF
 62
     4
100
AcDbLine
 10
282.2175828489
 20
23.803603275
 30
0.0
 11
282.2175828489
 21
5.609167551900001
 31
0.0
  0
LINE
  5
894
330
20C
100
AcDbEntity
  8
2
  6
Continuous
390
DFF
 62
   155
420
  5075865
100
AcDbLine
 10
278.4724240874
 20
129.6806896123
 30
0.0
 11
278.4527742286
 21
129.6136692899
 31
0.0
  0
LINE
  5
895
330
20C
100
AcDbEntity
  8
2
  6
Continuous
390
DFF
 62
   155
420
  5075865
100
AcDbLine
 10
393.0233638967
 20
275.1029536532
 30
0.0
 11
390.9371998197
 21
272.8421173304
 31
0.0
  0
LINE
  5
896
330
20C
100
AcDbEntity
  8
2
  6
Continuous
390
DFF
 62
   155
420
  5075865
100
AcDbLine
 10
179.8343978836
 20
60.12799317020001
 30
0.0
 11
181.9041988421
 21
62.1977941288
 31
0.0
  0
LINE
  5
897
330
20C
100
AcDbEntity
  8
2
  6
Continuous
390
DFF
 62
   155
420
  5075865
100
AcDbLine
 10
182.5384094447
 20
62.8320047314
 30
0.0
 11
185.0563364476
 21
65.3499317343
 31
0.0
  0
LINE
  5
898
330
20C
100
AcDbEntity
  8
2
  6
Continuous
390
DFF
 62
   155
420
  5075865
100
AcDbLine
 10
180.3527647927
 20
57.8320047314
 30
0.0
 11
181.7665780696
 21
59.2458180082
 31
0.0
  0
LINE
  5
899
330
20C
100
AcDbEntity
  8
2
  6
Continuous
390
DFF
 62
   155
420
  5075865
100
AcDbLine
 10
184.0563364476
 20
61.5355763863
 30
0.0
 11
185.0563364476
 21
62.5355763863
 31
0.0
  0
LINE
  5
89A
330
20C
100
AcDbEntity
  8
2
  6
Continuous
390
DFF
 62
   155
420
  5075865
100
AcDbLine
 10
186.7563364476
 20
64.2355763863
 30
0.0
 11
188.3527647927
 21
65.8320047314
 31
0.0
  0
LINE
  5
89B
330
20C
100
AcDbEntity
  8
2
  6
Continuous
390
DFF
 62
   155
420
  5075865
100
AcDbLine
 10
191.9063364476
 20
69.3855763863
 30
0.0
 11
192.3527647927
 21
69.8320047314
 31
0.0
  0
LINE
  5
89C
330
20C
100
AcDbEntity
  8
2
  6
Continuous
390
DFF
 62
   155
420
  5075865
100
AcDbLine
 10
264.9405824608
 20
142.2369313826
 30
0.0
 11
265.9727739999
 21
143.2691229217
 31
0.0
  0
LINE
  5
89D
330
20C
100
AcDbEntity
  8
2
  6
Continuous
390
DFF
 62
   155
420
  5075865
100
AcDbLine
 10
396.7917564259
 20
274.0881053477
 30
0.0
 11
397.8050349427
 21
275.1013838646
 31
0.0
  0
LINE
  5
89E
330
20C
100
AcDbEntity
  8
2
  6
Continuous
390
DFF
 62
   155
420
  5075865
100
AcDbLine
 10
266.7455575578
 20
142.0635306364
 30
0.0
 11
265.781739744
 21
141.0997128226
 31
0.0
  0
LINE
  5
89F
330
20C
100
AcDbEntity
  8
2
  6
Continuous
390
DFF
 62
   155
420
  5075865
100
AcDbLine
 10
398.9897857254
 20
274.2168605225
 30
0.0
 11
398.0523310632
 21
273.2794058604
 31
0.0
  0
LINE
  5
8A0
330
20C
100
AcDbEntity
  8
2
  6
Continuous
390
DFF
 62
   155
420
  5075865
100
AcDbLine
 10
184.6671201407
 20
59.3320047314
 30
0.0
 11
185.1671201407
 21
59.8320047314
 31
0.0
  0
LINE
  5
8A1
330
20C
100
AcDbEntity
  8
2
  6
Continuous
390
DFF
 62
   155
420
  5075865
100
AcDbLine
 10
186.7563364476
 20
61.4212210383
 30
0.0
 11
187.7563364476
 21
62.4212210383
 31
0.0
  0
LINE
  5
8A2
330
20C
100
AcDbEntity
  8
2
  6
Continuous
390
DFF
 62
   155
420
  5075865
100
AcDbLine
 10
188.1671201407
 20
62.8320047314
 30
0.0
 11
191.1671201407
 21
65.8320047314
 31
0.0
  0
LINE
  5
8A3
330
20C
100
AcDbEntity
  8
2
  6
Continuous
390
DFF
 62
   155
420
  5075865
100
AcDbLine
 10
191.9063364476
 20
66.5712210383
 30
0.0
 11
192.9504095338
 21
67.61529412439999
 31
0.0
  0
LINE
  5
8A4
330
20C
100
AcDbEntity
  8
2
  6
Continuous
390
DFF
 62
   155
420
  5075865
100
AcDbLine
 10
187.4814754887
 20
59.3320047314
 30
0.0
 11
187.7563364476
 21
59.6068656903
 31
0.0
  0
LINE
  5
8A5
330
20C
100
AcDbEntity
  8
2
  6
Continuous
390
DFF
 62
   155
420
  5075865
100
AcDbLine
 10
190.9814754887
 20
62.8320047314
 30
0.0
 11
193.1768249405
 21
65.0273541831
 31
0.0
  0
LINE
  5
8A6
330
20C
100
AcDbEntity
  8
2
  6
Continuous
390
DFF
 62
   155
420
  5075865
100
AcDbLine
 10
192.3424845701
 20
61.3786584648
 30
0.0
 11
193.4032403472
 21
62.4394142419
 31
0.0
  0
LINE
  5
8A7
330
20C
100
AcDbEntity
  8
2
  6
Continuous
390
DFF
 62
   155
420
  5075865
100
AcDbLine
 10
192.4374478343
 20
58.6592663809
 30
0.0
 11
193.629655754
 21
59.8514743006
 31
0.0
  0
LINE
  5
8A8
330
20C
100
AcDbEntity
  8
2
  6
Continuous
390
DFF
 62
   155
420
  5075865
100
AcDbLine
 10
415.5803132304
 20
281.5629536532
 30
0.0
 11
415.4844602886
 21
281.4671007115
 31
0.0
  0
LINE
  5
8A9
330
20C
100
AcDbEntity
  8
2
  6
Continuous
390
DFF
 62
   155
420
  5075865
100
AcDbLine
 10
366.1510754156
 20
232.1337158384
 30
0.0
 11
366.02012253
 21
232.0027629528
 31
0.0
  0
LINE
  5
8AA
330
20C
100
AcDbEntity
  8
2
  6
Continuous
390
DFF
 62
   155
420
  5075865
100
AcDbLine
 10
306.1510754156
 20
172.1337158384
 30
0.0
 11
306.02012253
 21
172.0027629528
 31
0.0
  0
LINE
  5
8AB
330
20C
100
AcDbEntity
  8
2
  6
Continuous
390
DFF
 62
   155
420
  5075865
100
AcDbLine
 10
258.4603132304
 20
124.4429536532
 30
0.0
 11
258.5916007411
 21
124.5742411639
 31
0.0
  0
LINE
  5
8AC
330
20C
100
AcDbEntity
  8
2
  6
Continuous
390
DFF
 62
   155
420
  5075865
100
AcDbLine
 10
307.8895510452
 20
173.872191468
 30
0.0
 11
308.0205039308
 21
174.0031443536
 31
0.0
  0
LINE
  5
8AD
330
20C
100
AcDbEntity
  8
2
  6
Continuous
390
DFF
 62
   155
420
  5075865
100
AcDbLine
 10
367.8895510452
 20
233.872191468
 30
0.0
 11
368.0205039308
 21
234.0031443536
 31
0.0
  0
LINE
  5
8AE
330
20C
100
AcDbEntity
  8
2
  6
Continuous
390
DFF
 62
   155
420
  5075865
100
AcDbLine
 10
264.7533828742
 20
142.3944410682
 30
0.0
 11
264.8112101906
 21
142.4336058305
 31
0.0
  0
LINE
  5
8AF
330
20C
100
AcDbEntity
  8
2
  6
CENTER
390
DFF
 62
     1
100
AcDbLine
 10
193.8063364476
 20
203.0029536532
 30
0.0
 11
34.0063364476
 21
203.0029536532
 31
0.0
  0
LINE
  5
8B0
330
20C
100
AcDbEntity
  8
2
  6
CENTER
390
DFF
 62
     1
100
AcDbLine
 10
257.1203132304
 20
203.0029536532
 30
0.0
 11
416.9203132304
 21
203.0029536532
 31
0.0
  0
LINE
  5
8B1
330
20C
100
AcDbEntity
  8
2
  6
Continuous
390
DFF
 62
   155
420
  5075865
100
AcDbLine
 10
268.9203132304
 20
207.2739727111
 30
0.0
 11
267.5203132304
 21
207.2739727111
 31
0.0
  0
LINE
  5
8B2
330
20C
100
AcDbEntity
  8
2
  6
Continuous
390
DFF
 62
   155
420
  5075865
100
AcDbLine
 10
405.1203132304
 20
207.2739727111
 30
0.0
 11
406.5203132304
 21
207.2739727111
 31
0.0
  0
LINE
  5
8B3
330
20C
100
AcDbEntity
  8
2
  6
Continuous
390
DFF
 62
   155
420
  5075865
100
AcDbLine
 10
268.9203132304
 20
207.9116423961
 30
0.0
 11
267.6250755389
 21
207.9116423961
 31
0.0
  0
LINE
  5
8B4
330
20C
100
AcDbEntity
  8
2
  6
Continuous
390
DFF
 62
   155
420
  5075865
100
AcDbLine
 10
405.1203132304
 20
207.9116423961
 30
0.0
 11
406.4155509219
 21
207.9116423961
 31
0.0
  0
LINE
  5
8B5
330
20C
100
AcDbEntity
  8
dim
  6
Continuous
390
DFF
 62
    84
420
  2529536
100
AcDbLine
 10
471.7309911169
 20
208.2403453652
 30
0.0
 11
466.1218235649
 21
208.2403453652
 31
0.0
  0
LINE
  5
8B6
330
20C
100
AcDbEntity
  8
dim
  6
Continuous
390
DFF
 62
    84
420
  2529536
100
AcDbLine
 10
0.0
 20
208.2403453652
 30
0.0
 11
5.609167551900001
 21
208.2403453652
 31
0.0
  0
LINE
  5
8B7
330
20C
100
AcDbEntity
  8
2
  6
Continuous
390
DFF
 62
   155
420
  5075865
100
AcDbLine
 10
406.4155509219
 20
210.1942649104
 30
0.0
 11
405.1203132304
 21
210.1942649104
 31
0.0
  0
LINE
  5
8B8
330
20C
100
AcDbEntity
  8
2
  6
Continuous
390
DFF
 62
   155
420
  5075865
100
AcDbLine
 10
267.6250755389
 20
210.1942649104
 30
0.0
 11
268.9203132304
 21
210.1942649104
 31
0.0
  0
LINE
  5
8B9
330
20C
100
AcDbEntity
  8
2
  6
Continuous
390
DFF
 62
   155
420
  5075865
100
AcDbLine
 10
364.689986129
 20
210.5029536532
 30
0.0
 11
364.5203132304
 21
210.5029536532
 31
0.0
  0
LINE
  5
8BA
330
20C
100
AcDbEntity
  8
2
  6
Continuous
390
DFF
 62
   155
420
  5075865
100
AcDbLine
 10
86.1580518801
 20
210.5029536532
 30
0.0
 11
86.4063364476
 21
210.5029536532
 31
0.0
  0
LINE
  5
8BB
330
20C
100
AcDbEntity
  8
2
  6
Continuous
390
DFF
 62
   155
420
  5075865
100
AcDbLine
 10
141.4063364476
 20
210.5029536532
 30
0.0
 11
141.6546210151
 21
210.5029536532
 31
0.0
  0
LINE
  5
8BC
330
20C
100
AcDbEntity
  8
2
  6
Continuous
390
DFF
 62
   155
420
  5075865
100
AcDbLine
 10
309.3506403318
 20
210.5029536532
 30
0.0
 11
309.5203132304
 21
210.5029536532
 31
0.0
  0
LINE
  5
8BD
330
20C
100
AcDbEntity
  8
2
  6
Continuous
390
DFF
 62
   155
420
  5075865
100
AcDbLine
 10
406.5203132304
 20
210.8319345954
 30
0.0
 11
405.1203132304
 21
210.8319345954
 31
0.0
  0
LINE
  5
8BE
330
20C
100
AcDbEntity
  8
2
  6
Continuous
390
DFF
 62
   155
420
  5075865
100
AcDbLine
 10
267.5203132304
 20
210.8319345954
 30
0.0
 11
268.9203132304
 21
210.8319345954
 31
0.0
  0
LINE
  5
8BF
330
20C
100
AcDbEntity
  8
2
  6
Continuous
390
DFF
 62
   155
420
  5075865
100
AcDbLine
 10
40.2539286685
 20
217.2587514038
 30
0.0
 11
36.4558565421
 21
217.2587514038
 31
0.0
  0
LINE
  5
8C0
330
20C
100
AcDbEntity
  8
2
  6
Continuous
390
DFF
 62
   155
420
  5075865
100
AcDbLine
 10
187.5587442268
 20
217.2587514038
 30
0.0
 11
191.3568163532
 21
217.2587514038
 31
0.0
  0
LINE
  5
8C1
330
20C
100
AcDbEntity
  8
2
  6
Continuous
390
DFF
 62
   155
420
  5075865
100
AcDbLine
 10
191.59265136
 20
217.4945864106
 30
0.0
 11
187.32290922
 21
217.4945864106
 31
0.0
  0
LINE
  5
8C2
330
20C
100
AcDbEntity
  8
2
  6
Continuous
390
DFF
 62
   155
420
  5075865
100
AcDbLine
 10
36.2200215353
 20
217.4945864106
 30
0.0
 11
40.4897636752
 21
217.4945864106
 31
0.0
  0
LINE
  5
8C3
330
20C
100
AcDbEntity
  8
2
  6
Continuous
390
DFF
 62
   155
420
  5075865
100
AcDbLine
 10
40.4176238008
 20
261.5187859551
 30
0.0
 11
40.6690777576
 21
261.4450615299
 31
0.0
  0
LINE
  5
8C4
330
20C
100
AcDbEntity
  8
2
  6
Continuous
390
DFF
 62
   155
420
  5075865
100
AcDbLine
 10
193.1429234334
 20
250.7955381854
 30
0.0
 11
193.193915803
 21
250.7649925496
 31
0.0
  0
LINE
  5
8C5
330
20C
100
AcDbEntity
  8
2
  6
Continuous
390
DFF
 62
   155
420
  5075865
100
AcDbLine
 10
189.2141651504
 20
253.1083848489
 30
0.0
 11
190.5476845962
 21
252.2426868706
 31
0.0
  0
LINE
  5
8C6
330
20C
100
AcDbEntity
  8
2
  6
Continuous
390
DFF
 62
   155
420
  5075865
100
AcDbLine
 10
189.3568470198
 20
253.328171717
 30
0.0
 11
190.6903664656
 21
252.4624737387
 31
0.0
  0
LINE
  5
8C7
330
20C
100
AcDbEntity
  8
2
  6
Continuous
390
DFF
 62
   155
420
  5075865
100
AcDbLine
 10
191.3568164078
 20
263.7471559025
 30
0.0
 11
191.5926514154
 21
263.5113208958
 31
0.0
  0
LINE
  5
8C8
330
20C
100
AcDbEntity
  8
2
  6
Continuous
390
DFF
 62
   155
420
  5075865
100
AcDbLine
 10
176.9147036902
 20
281.4863809267
 30
0.0
 11
177.150538697
 21
281.2505459191
 31
0.0
  0
LINE
  5
8C9
330
20C
100
AcDbEntity
  8
2
  6
Continuous
390
DFF
 62
   155
420
  5075865
100
AcDbLine
 10
267.3651449502
 20
194.7396689309
 30
0.0
 11
267.3162157123
 21
194.7895192534
 31
0.0
  0
LINE
  5
8CA
330
20C
100
AcDbEntity
  8
2
  6
Continuous
390
DFF
 62
   155
420
  5075865
100
AcDbLine
 10
267.6250755389
 20
198.0942649103
 30
0.0
 11
267.5203132304
 21
198.7319345953
 31
0.0
  0
LINE
  5
8CB
330
20C
100
AcDbEntity
  8
2
  6
Continuous
390
DFF
 62
   155
420
  5075865
100
AcDbLine
 10
267.6250755389
 20
210.1942649104
 30
0.0
 11
267.5203132304
 21
210.8319345954
 31
0.0
  0
LINE
  5
8CC
330
20C
100
AcDbEntity
  8
2
  6
Continuous
390
DFF
 62
   155
420
  5075865
100
AcDbLine
 10
291.2703132304
 20
270.7577041939
 30
0.0
 11
291.2703132304
 21
269.0029536532
 31
0.0
  0
LINE
  5
8CD
330
20C
100
AcDbEntity
  8
2
  6
Continuous
390
DFF
 62
   155
420
  5075865
100
AcDbLine
 10
291.2703132304
 20
135.2482031125
 30
0.0
 11
291.2703132304
 21
137.0029536532
 31
0.0
  0
LINE
  5
8CE
330
20C
100
AcDbEntity
  8
2
  6
Continuous
390
DFF
 62
   155
420
  5075865
100
AcDbLine
 10
292.7703132304
 20
137.0029536532
 30
0.0
 11
292.7703132304
 21
135.2482031125
 31
0.0
  0
LINE
  5
8CF
330
20C
100
AcDbEntity
  8
2
  6
Continuous
390
DFF
 62
   155
420
  5075865
100
AcDbLine
 10
292.7703132304
 20
269.0029536532
 30
0.0
 11
292.7703132304
 21
270.7577041939
 31
0.0
  0
LINE
  5
8D0
330
20C
100
AcDbEntity
  8
2
  6
Continuous
390
DFF
 62
   155
420
  5075865
100
AcDbLine
 10
307.1203132304
 20
237.533838055
 30
0.0
 11
306.0226657245
 21
232.5029536532
 31
0.0
  0
LINE
  5
8D1
330
20C
100
AcDbEntity
  8
2
  6
Continuous
390
DFF
 62
   155
420
  5075865
100
AcDbLine
 10
281.0172625641
 20
130.9029536532
 30
0.0
 11
283.1034266411
 21
133.163789976
 31
0.0
  0
LINE
  5
8D2
330
20C
100
AcDbEntity
  8
2
  6
Continuous
390
DFF
 62
   155
420
  5075865
100
AcDbLine
 10
275.0508407354
 20
131.7890467839
 30
0.0
 11
275.9882953976
 21
132.7265014461
 31
0.0
  0
LINE
  5
8D3
330
20C
100
AcDbEntity
  8
2
  6
Continuous
390
DFF
 62
   155
420
  5075865
100
AcDbLine
 10
407.295068903
 20
263.94237667
 30
0.0
 11
408.2588867168
 21
264.9061944838
 31
0.0
  0
LINE
  5
8D4
330
20C
100
AcDbEntity
  8
2
  6
Continuous
390
DFF
 62
   155
420
  5075865
100
AcDbLine
 10
409.100044
 20
263.7689759238
 30
0.0
 11
408.0678524609
 21
262.7367843847
 31
0.0
  0
LINE
  5
8D5
330
20C
100
AcDbEntity
  8
2
  6
Continuous
390
DFF
 62
   155
420
  5075865
100
AcDbLine
 10
277.2488700349
 20
131.9178019587
 30
0.0
 11
276.235591518
 21
130.9045234419
 31
0.0
  0
LINE
  5
8D6
330
20C
100
AcDbEntity
  8
2
  6
Continuous
390
DFF
 62
   155
420
  5075865
100
AcDbLine
 10
331.9703132304
 20
232.2384781469
 30
0.0
 11
327.6858692102
 21
232.1337158384
 31
0.0
  0
LINE
  5
8D7
330
20C
100
AcDbEntity
  8
2
  6
Continuous
390
DFF
 62
   155
420
  5075865
100
AcDbLine
 10
342.0703132304
 20
234.0175815456
 30
0.0
 11
346.3547572506
 21
234.1223438541
 31
0.0
  0
LINE
  5
8D8
330
20C
100
AcDbEntity
  8
2
  6
Continuous
390
DFF
 62
   155
420
  5075865
100
AcDbLine
 10
40.4897636752
 20
218.5113208958
 30
0.0
 11
36.2200215353
 21
218.5113208958
 31
0.0
  0
LINE
  5
8D9
330
20C
100
AcDbEntity
  8
2
  6
Continuous
390
DFF
 62
   155
420
  5075865
100
AcDbLine
 10
187.32290922
 20
218.5113208958
 30
0.0
 11
191.59265136
 21
218.5113208958
 31
0.0
  0
LINE
  5
8DA
330
20C
100
AcDbEntity
  8
2
  6
Continuous
390
DFF
 62
   155
420
  5075865
100
AcDbLine
 10
191.3568163532
 20
218.7471559025
 30
0.0
 11
187.5587442268
 21
218.7471559025
 31
0.0
  0
LINE
  5
8DB
330
20C
100
AcDbEntity
  8
2
  6
Continuous
390
DFF
 62
   155
420
  5075865
100
AcDbLine
 10
36.4558565421
 20
218.7471559025
 30
0.0
 11
40.2539286685
 21
218.7471559025
 31
0.0
  0
LINE
  5
8DC
330
20C
100
AcDbEntity
  8
2
  6
Continuous
390
DFF
 62
   155
420
  5075865
100
AcDbLine
 10
309.5203132304
 20
219.5029536532
 30
0.0
 11
309.3506403318
 21
219.5029536532
 31
0.0
  0
LINE
  5
8DD
330
20C
100
AcDbEntity
  8
2
  6
Continuous
390
DFF
 62
   155
420
  5075865
100
AcDbLine
 10
141.6546210151
 20
219.5029536532
 30
0.0
 11
141.4063364476
 21
219.5029536532
 31
0.0
  0
LINE
  5
8DE
330
20C
100
AcDbEntity
  8
2
  6
Continuous
390
DFF
 62
   155
420
  5075865
100
AcDbLine
 10
86.4063364476
 20
219.5029536532
 30
0.0
 11
86.1580518801
 21
219.5029536532
 31
0.0
  0
LINE
  5
8DF
330
20C
100
AcDbEntity
  8
2
  6
Continuous
390
DFF
 62
   155
420
  5075865
100
AcDbLine
 10
364.5203132304
 20
219.5029536532
 30
0.0
 11
364.689986129
 21
219.5029536532
 31
0.0
  0
LINE
  5
8E0
330
20C
100
AcDbEntity
  8
2
  6
Continuous
390
DFF
 62
   155
420
  5075865
100
AcDbLine
 10
218.3181075919
 20
226.5029536532
 30
0.0
 11
221.8181154044
 21
226.5029536532
 31
0.0
  0
LINE
  5
8E1
330
20C
100
AcDbEntity
  8
2
  6
Continuous
390
DFF
 62
   155
420
  5075865
100
AcDbLine
 10
40.4625168447
 20
227.4059387278
 30
0.0
 11
40.2824080951
 21
227.4059387278
 31
0.0
  0
LINE
  5
8E2
330
20C
100
AcDbEntity
  8
2
  6
Continuous
390
DFF
 62
   155
420
  5075865
100
AcDbLine
 10
40.4625168447
 20
228.5999685786
 30
0.0
 11
40.2824080951
 21
228.5999685786
 31
0.0
  0
LINE
  5
8E3
330
20C
100
AcDbEntity
  8
2
  6
Continuous
390
DFF
 62
   155
420
  5075865
100
AcDbLine
 10
221.8181154044
 20
229.5029536532
 30
0.0
 11
218.3181075919
 21
229.5029536532
 31
0.0
  0
LINE
  5
8E4
330
20C
100
AcDbEntity
  8
2
  6
Continuous
390
DFF
 62
   155
420
  5075865
100
AcDbLine
 10
307.6203132304
 20
230.0029536532
 30
0.0
 11
306.6203132304
 21
230.0029536532
 31
0.0
  0
LINE
  5
8E5
330
20C
100
AcDbEntity
  8
2
  6
Continuous
390
DFF
 62
   155
420
  5075865
100
AcDbLine
 10
83.50633644760001
 20
230.0029536532
 30
0.0
 11
84.50633644760001
 21
230.0029536532
 31
0.0
  0
LINE
  5
8E6
330
20C
100
AcDbEntity
  8
2
  6
Continuous
390
DFF
 62
   155
420
  5075865
100
AcDbLine
 10
143.3063364476
 20
230.0029536532
 30
0.0
 11
144.3063364476
 21
230.0029536532
 31
0.0
  0
LINE
  5
8E7
330
20C
100
AcDbEntity
  8
2
  6
Continuous
390
DFF
 62
   155
420
  5075865
100
AcDbLine
 10
366.4203132304
 20
230.0029536532
 30
0.0
 11
367.4203132304
 21
230.0029536532
 31
0.0
  0
LINE
  5
8E8
330
20C
100
AcDbEntity
  8
2
  6
Continuous
390
DFF
 62
   155
420
  5075865
100
AcDbLine
 10
364.5203132304
 20
230.5029536532
 30
0.0
 11
341.560902594
 21
230.5029536532
 31
0.0
  0
LINE
  5
8E9
330
20C
100
AcDbEntity
  8
2
  6
Continuous
390
DFF
 62
   155
420
  5075865
100
AcDbLine
 10
332.4797238668
 20
230.5029536532
 30
0.0
 11
309.5203132304
 21
230.5029536532
 31
0.0
  0
LINE
  5
8EA
330
20C
100
AcDbEntity
  8
2
  6
Continuous
390
DFF
 62
   155
420
  5075865
100
AcDbLine
 10
304.5203132304
 20
230.5029536532
 30
0.0
 11
264.9203132305
 21
230.5029536532
 31
0.0
  0
LINE
  5
8EB
330
20C
100
AcDbEntity
  8
2
  6
Continuous
390
DFF
 62
   155
420
  5075865
100
AcDbLine
 10
186.0063364475
 20
230.5029536532
 30
0.0
 11
146.4063364476
 21
230.5029536532
 31
0.0
  0
LINE
  5
8EC
330
20C
100
AcDbEntity
  8
2
  6
Continuous
390
DFF
 62
   155
420
  5075865
100
AcDbLine
 10
141.4063364476
 20
230.5029536532
 30
0.0
 11
118.506631394
 21
230.5029536532
 31
0.0
  0
LINE
  5
8ED
330
20C
100
AcDbEntity
  8
2
  6
Continuous
390
DFF
 62
   155
420
  5075865
100
AcDbLine
 10
109.3060415013
 20
230.5029536532
 30
0.0
 11
86.4063364476
 21
230.5029536532
 31
0.0
  0
LINE
  5
8EE
330
20C
100
AcDbEntity
  8
2
  6
Continuous
390
DFF
 62
   155
420
  5075865
100
AcDbLine
 10
41.8063364477
 20
230.5029536532
 30
0.0
 11
81.4063364476
 21
230.5029536532
 31
0.0
  0
LINE
  5
8EF
330
20C
100
AcDbEntity
  8
2
  6
Continuous
390
DFF
 62
   155
420
  5075865
100
AcDbLine
 10
369.5203132304
 20
230.5029536532
 30
0.0
 11
409.1203132303
 21
230.5029536532
 31
0.0
  0
LINE
  5
8F0
330
20C
100
AcDbEntity
  8
2
  6
Continuous
390
DFF
 62
   155
420
  5075865
100
AcDbLine
 10
409.1203132303
 20
232.0027629528
 30
0.0
 11
368.0205039308
 21
232.0027629528
 31
0.0
  0
LINE
  5
8F1
330
20C
100
AcDbEntity
  8
2
  6
Continuous
390
DFF
 62
   155
420
  5075865
100
AcDbLine
 10
264.9203132305
 20
232.0027629528
 30
0.0
 11
306.02012253
 21
232.0027629528
 31
0.0
  0
LINE
  5
8F2
330
20C
100
AcDbEntity
  8
2
  6
Continuous
390
DFF
 62
   155
420
  5075865
100
AcDbLine
 10
308.0205039308
 20
232.0027629528
 30
0.0
 11
331.9343944018
 21
232.0027629528
 31
0.0
  0
LINE
  5
8F3
330
20C
100
AcDbEntity
  8
2
  6
Continuous
390
DFF
 62
   155
420
  5075865
100
AcDbLine
 10
342.106232059
 20
232.0027629528
 30
0.0
 11
366.02012253
 21
232.0027629528
 31
0.0
  0
LINE
  5
8F4
330
20C
100
AcDbEntity
  8
2
  6
Continuous
390
DFF
 62
   155
420
  5075865
100
AcDbLine
 10
186.0063364475
 20
232.0029536532
 30
0.0
 11
144.9063364476
 21
232.0029536532
 31
0.0
  0
LINE
  5
8F5
330
20C
100
AcDbEntity
  8
2
  6
Continuous
390
DFF
 62
   155
420
  5075865
100
AcDbLine
 10
142.6559933611
 20
232.0029536532
 30
0.0
 11
118.9063364476
 21
232.0029536532
 31
0.0
  0
LINE
  5
8F6
330
20C
100
AcDbEntity
  8
2
  6
Continuous
390
DFF
 62
   155
420
  5075865
100
AcDbLine
 10
108.9063364476
 20
232.0029536532
 30
0.0
 11
85.15667953409999
 21
232.0029536532
 31
0.0
  0
LINE
  5
8F7
330
20C
100
AcDbEntity
  8
2
  6
Continuous
390
DFF
 62
   155
420
  5075865
100
AcDbLine
 10
41.8063364477
 20
232.0029536532
 30
0.0
 11
82.9063364476
 21
232.0029536532
 31
0.0
  0
LINE
  5
8F8
330
20C
100
AcDbEntity
  8
2
  6
Continuous
390
DFF
 62
   155
420
  5075865
100
AcDbLine
 10
366.1510754156
 20
232.1337158384
 30
0.0
 11
346.3547572506
 21
232.1337158384
 31
0.0
  0
LINE
  5
8F9
330
20C
100
AcDbEntity
  8
2
  6
Continuous
390
DFF
 62
   155
420
  5075865
100
AcDbLine
 10
327.6858692102
 20
232.1337158384
 30
0.0
 11
307.8895510452
 21
232.1337158384
 31
0.0
  0
LINE
  5
8FA
330
20C
100
AcDbEntity
  8
2
  6
Continuous
390
DFF
 62
   155
420
  5075865
100
AcDbLine
 10
306.1510754156
 20
232.1337158384
 30
0.0
 11
264.9203132305
 21
232.1337158384
 31
0.0
  0
LINE
  5
8FB
330
20C
100
AcDbEntity
  8
2
  6
Continuous
390
DFF
 62
   155
420
  5075865
100
AcDbLine
 10
367.8895510452
 20
232.1337158384
 30
0.0
 11
409.1203132303
 21
232.1337158384
 31
0.0
  0
LINE
  5
8FC
330
20C
100
AcDbEntity
  8
2
  6
Continuous
390
DFF
 62
   155
420
  5075865
100
AcDbLine
 10
335.7030261713
 20
232.1860969926
 30
0.0
 11
332.0874899824
 21
232.1860969926
 31
0.0
  0
LINE
  5
8FD
330
20C
100
AcDbEntity
  8
2
  6
Continuous
390
DFF
 62
   155
420
  5075865
100
AcDbLine
 10
338.3376002895
 20
232.1860969926
 30
0.0
 11
341.9531364784
 21
232.1860969926
 31
0.0
  0
LINE
  5
8FE
330
20C
100
AcDbEntity
  8
2
  6
Continuous
390
DFF
 62
   155
420
  5075865
100
AcDbLine
 10
186.0063364475
 20
232.1994828255
 30
0.0
 11
144.7098072753
 21
232.1994828255
 31
0.0
  0
LINE
  5
8FF
330
20C
100
AcDbEntity
  8
2
  6
Continuous
390
DFF
 62
   155
420
  5075865
100
AcDbLine
 10
142.8525225334
 20
232.1994828255
 30
0.0
 11
124.2618914729
 21
232.1994828255
 31
0.0
  0
LINE
  5
900
330
20C
100
AcDbEntity
  8
2
  6
Continuous
390
DFF
 62
   155
420
  5075865
100
AcDbLine
 10
103.5507814224
 20
232.1994828255
 30
0.0
 11
84.9601503618
 21
232.1994828255
 31
0.0
  0
LINE
  5
901
330
20C
100
AcDbEntity
  8
2
  6
Continuous
390
DFF
 62
   155
420
  5075865
100
AcDbLine
 10
41.8063364477
 20
232.1994828255
 30
0.0
 11
83.10286562
 21
232.1994828255
 31
0.0
  0
LINE
  5
902
330
20C
100
AcDbEntity
  8
2
  6
Continuous
390
DFF
 62
   155
420
  5075865
100
AcDbLine
 10
342.0703132304
 20
232.2384781469
 30
0.0
 11
338.3686741614
 21
232.2384781469
 31
0.0
  0
LINE
  5
903
330
20C
100
AcDbEntity
  8
2
  6
Continuous
390
DFF
 62
   155
420
  5075865
100
AcDbLine
 10
331.9703132304
 20
232.2384781469
 30
0.0
 11
335.6719522994
 21
232.2384781469
 31
0.0
  0
LINE
  5
904
330
20C
100
AcDbEntity
  8
2
  6
Continuous
390
DFF
 62
   155
420
  5075865
100
AcDbLine
 10
368.0179607362001
 20
232.5029536532
 30
0.0
 11
367.4203132304
 21
232.5029536532
 31
0.0
  0
LINE
  5
905
330
20C
100
AcDbEntity
  8
2
  6
Continuous
390
DFF
 62
   155
420
  5075865
100
AcDbLine
 10
308.2179607362
 20
232.5029536532
 30
0.0
 11
307.6203132304
 21
232.5029536532
 31
0.0
  0
LINE
  5
906
330
20C
100
AcDbEntity
  8
2
  6
Continuous
390
DFF
 62
   155
420
  5075865
100
AcDbLine
 10
82.90868894180001
 20
232.5029536532
 30
0.0
 11
83.50633644760001
 21
232.5029536532
 31
0.0
  0
LINE
  5
907
330
20C
100
AcDbEntity
  8
2
  6
Continuous
390
DFF
 62
   155
420
  5075865
100
AcDbLine
 10
84.50633644760001
 20
232.5029536532
 30
0.0
 11
85.10398395350001
 21
232.5029536532
 31
0.0
  0
LINE
  5
908
330
20C
100
AcDbEntity
  8
2
  6
Continuous
390
DFF
 62
   155
420
  5075865
100
AcDbLine
 10
142.7086889418
 20
232.5029536532
 30
0.0
 11
143.3063364476
 21
232.5029536532
 31
0.0
  0
LINE
  5
909
330
20C
100
AcDbEntity
  8
2
  6
Continuous
390
DFF
 62
   155
420
  5075865
100
AcDbLine
 10
144.3063364476
 20
232.5029536532
 30
0.0
 11
144.9039839535
 21
232.5029536532
 31
0.0
  0
LINE
  5
90A
330
20C
100
AcDbEntity
  8
2
  6
Continuous
390
DFF
 62
   155
420
  5075865
100
AcDbLine
 10
306.0226657245
 20
232.5029536532
 30
0.0
 11
306.6203132304
 21
232.5029536532
 31
0.0
  0
LINE
  5
90B
330
20C
100
AcDbEntity
  8
2
  6
Continuous
390
DFF
 62
   155
420
  5075865
100
AcDbLine
 10
365.8226657245
 20
232.5029536532
 30
0.0
 11
366.4203132304
 21
232.5029536532
 31
0.0
  0
LINE
  5
90C
330
20C
100
AcDbEntity
  8
2
  6
Continuous
390
DFF
 62
   155
420
  5075865
100
AcDbLine
 10
83.10286562
 20
233.8064244809
 30
0.0
 11
41.8063364477
 21
233.8064244809
 31
0.0
  0
LINE
  5
90D
330
20C
100
AcDbEntity
  8
2
  6
Continuous
390
DFF
 62
   155
420
  5075865
100
AcDbLine
 10
84.9601503618
 20
233.8064244809
 30
0.0
 11
103.5507814224
 21
233.8064244809
 31
0.0
  0
LINE
  5
90E
330
20C
100
AcDbEntity
  8
2
  6
Continuous
390
DFF
 62
   155
420
  5075865
100
AcDbLine
 10
124.2618914729
 20
233.8064244809
 30
0.0
 11
142.8525225334
 21
233.8064244809
 31
0.0
  0
LINE
  5
90F
330
20C
100
AcDbEntity
  8
2
  6
Continuous
390
DFF
 62
   155
420
  5075865
100
AcDbLine
 10
144.7098072753
 20
233.8064244809
 30
0.0
 11
186.0063364475
 21
233.8064244809
 31
0.0
  0
LINE
  5
910
330
20C
100
AcDbEntity
  8
2
  6
Continuous
390
DFF
 62
   155
420
  5075865
100
AcDbLine
 10
409.1203132303
 20
233.872191468
 30
0.0
 11
367.8895510452
 21
233.872191468
 31
0.0
  0
LINE
  5
911
330
20C
100
AcDbEntity
  8
2
  6
Continuous
390
DFF
 62
   155
420
  5075865
100
AcDbLine
 10
264.9203132305
 20
233.872191468
 30
0.0
 11
306.1510754156
 21
233.872191468
 31
0.0
  0
LINE
  5
912
330
20C
100
AcDbEntity
  8
2
  6
Continuous
390
DFF
 62
   155
420
  5075865
100
AcDbLine
 10
82.9063364476
 20
234.0029536532
 30
0.0
 11
41.8063364477
 21
234.0029536532
 31
0.0
  0
LINE
  5
913
330
20C
100
AcDbEntity
  8
2
  6
Continuous
390
DFF
 62
   155
420
  5075865
100
AcDbLine
 10
85.15667953409999
 20
234.0029536532
 30
0.0
 11
108.9063364476
 21
234.0029536532
 31
0.0
  0
LINE
  5
914
330
20C
100
AcDbEntity
  8
2
  6
Continuous
390
DFF
 62
   155
420
  5075865
100
AcDbLine
 10
118.9063364476
 20
234.0029536532
 30
0.0
 11
142.6559933611
 21
234.0029536532
 31
0.0
  0
LINE
  5
915
330
20C
100
AcDbEntity
  8
2
  6
Continuous
390
DFF
 62
   155
420
  5075865
100
AcDbLine
 10
144.9063364476
 20
234.0029536532
 30
0.0
 11
186.0063364475
 21
234.0029536532
 31
0.0
  0
LINE
  5
916
330
20C
100
AcDbEntity
  8
2
  6
Continuous
390
DFF
 62
   155
420
  5075865
100
AcDbLine
 10
306.02012253
 20
234.0031443536
 30
0.0
 11
264.9203132305
 21
234.0031443536
 31
0.0
  0
LINE
  5
917
330
20C
100
AcDbEntity
  8
2
  6
Continuous
390
DFF
 62
   155
420
  5075865
100
AcDbLine
 10
368.0205039308
 20
234.0031443536
 30
0.0
 11
409.1203132303
 21
234.0031443536
 31
0.0
  0
LINE
  5
918
330
20C
100
AcDbEntity
  8
2
  6
Continuous
390
DFF
 62
   155
420
  5075865
100
AcDbLine
 10
335.8485495
 20
234.0175815456
 30
0.0
 11
331.9703132304
 21
234.0175815456
 31
0.0
  0
LINE
  5
919
330
20C
100
AcDbEntity
  8
2
  6
Continuous
390
DFF
 62
   155
420
  5075865
100
AcDbLine
 10
338.1920769608
 20
234.0175815456
 30
0.0
 11
342.0703132304
 21
234.0175815456
 31
0.0
  0
LINE
  5
91A
330
20C
100
AcDbEntity
  8
2
  6
Continuous
390
DFF
 62
   155
420
  5075865
100
AcDbLine
 10
341.9051358161
 20
234.0699626999
 30
0.0
 11
338.1445870824
 21
234.0699626999
 31
0.0
  0
LINE
  5
91B
330
20C
100
AcDbEntity
  8
2
  6
Continuous
390
DFF
 62
   155
420
  5075865
100
AcDbLine
 10
332.1354906446
 20
234.0699626999
 30
0.0
 11
335.8960393784
 21
234.0699626999
 31
0.0
  0
LINE
  5
91C
330
20C
100
AcDbEntity
  8
2
  6
Continuous
390
DFF
 62
   155
420
  5075865
100
AcDbLine
 10
307.8895510452
 20
234.1223438541
 30
0.0
 11
327.6858692102
 21
234.1223438541
 31
0.0
  0
LINE
  5
91D
330
20C
100
AcDbEntity
  8
2
  6
Continuous
390
DFF
 62
   155
420
  5075865
100
AcDbLine
 10
346.3547572506
 20
234.1223438541
 30
0.0
 11
366.1510754156
 21
234.1223438541
 31
0.0
  0
LINE
  5
91E
330
20C
100
AcDbEntity
  8
2
  6
Continuous
390
DFF
 62
   155
420
  5075865
100
AcDbLine
 10
366.02012253
 20
234.2532967397
 30
0.0
 11
342.05058101
 21
234.2532967397
 31
0.0
  0
LINE
  5
91F
330
20C
100
AcDbEntity
  8
2
  6
Continuous
390
DFF
 62
   155
420
  5075865
100
AcDbLine
 10
331.9900454508
 20
234.2532967397
 30
0.0
 11
308.0205039308
 21
234.2532967397
 31
0.0
  0
LINE
  5
920
330
20C
100
AcDbEntity
  8
2
  6
Continuous
390
DFF
 62
   155
420
  5075865
100
AcDbLine
 10
103.5507814224
 20
232.1994828255
 30
0.0
 11
108.9063364476
 21
232.0029536532
 31
0.0
  0
LINE
  5
921
330
20C
100
AcDbEntity
  8
2
  6
Continuous
390
DFF
 62
   155
420
  5075865
100
AcDbLine
 10
124.2618914729
 20
233.8064244809
 30
0.0
 11
118.9063364476
 21
234.0029536532
 31
0.0
  0
LINE
  5
922
330
20C
100
AcDbEntity
  8
2
  6
Continuous
390
DFF
 62
   155
420
  5075865
100
AcDbLine
 10
34.0063364476
 20
282.9029536532
 30
0.0
 11
35.0562004099
 21
282.5887225944
 31
0.0
  0
LINE
  5
923
330
20C
100
AcDbEntity
  8
2
  6
Continuous
390
DFF
 62
   155
420
  5075865
100
AcDbLine
 10
163.3279312964
 20
280.7551714989
 30
0.0
 11
163.0976569137
 21
280.8802238557
 31
0.0
  0
LINE
  5
924
330
20C
100
AcDbEntity
  8
2
  6
Continuous
390
DFF
 62
   155
420
  5075865
100
AcDbLine
 10
186.7488123667
 20
262.4587977985
 30
0.0
 11
186.6833326299
 21
262.4945864106
 31
0.0
  0
LINE
  5
925
330
20C
100
AcDbEntity
  8
2
  6
Continuous
390
DFF
 62
   155
420
  5075865
100
AcDbLine
 10
172.8361944431
 20
274.6280095308
 30
0.0
 11
178.7073474999
 21
270.8614745503
 31
0.0
  0
LINE
  5
926
330
20C
100
AcDbEntity
  8
2
  6
Continuous
390
DFF
 62
   155
420
  5075865
100
AcDbLine
 10
173.4095649327
 20
275.7932513952
 30
0.0
 11
180.0105678002
 21
271.5584941053
 31
0.0
  0
LINE
  5
927
330
20C
100
AcDbEntity
  8
2
  6
Continuous
390
DFF
 62
   155
420
  5075865
100
AcDbLine
 10
176.9126623549
 20
273.5770335024
 30
0.0
 11
175.897969205
 21
274.2279920461
 31
0.0
  0
LINE
  5
928
330
20C
100
AcDbEntity
  8
2
  6
Continuous
390
DFF
 62
   155
420
  5075865
100
AcDbLine
 10
173.5510576552
 20
276.0138056804
 30
0.0
 11
175.6621341982
 21
274.6594816542
 31
0.0
  0
LINE
  5
929
330
20C
100
AcDbEntity
  8
2
  6
Continuous
390
DFF
 62
   155
420
  5075865
100
AcDbLine
 10
177.150538697
 20
273.7046219264
 30
0.0
 11
180.1714066149
 21
271.7666372454
 31
0.0
  0
LINE
  5
92A
330
20C
100
AcDbEntity
  8
2
  6
Continuous
390
DFF
 62
   155
420
  5075865
100
AcDbLine
 10
308.0205039308
 20
171.7526105667
 30
0.0
 11
307.8895510452
 21
171.8835634523
 31
0.0
  0
LINE
  5
92B
330
20C
100
AcDbEntity
  8
2
  6
Continuous
390
DFF
 62
   155
420
  5075865
100
AcDbLine
 10
306.02012253
 20
174.0031443536
 30
0.0
 11
306.1510754156
 21
173.872191468
 31
0.0
  0
LINE
  5
92C
330
20C
100
AcDbEntity
  8
2
  6
Continuous
390
DFF
 62
   155
420
  5075865
100
AcDbLine
 10
304.5203132304
 20
170.5029536532
 30
0.0
 11
304.5203132304
 21
131.1029536532
 31
0.0
  0
LINE
  5
92D
330
20C
100
AcDbEntity
  8
2
  6
Continuous
390
DFF
 62
   155
420
  5075865
100
AcDbLine
 10
304.5203132304
 20
175.5029536532
 30
0.0
 11
304.5203132304
 21
230.5029536532
 31
0.0
  0
LINE
  5
92E
330
20C
100
AcDbEntity
  8
2
  6
Continuous
390
DFF
 62
   155
420
  5075865
100
AcDbLine
 10
304.5203132304
 20
235.5029536532
 30
0.0
 11
304.5203132304
 21
274.9029536532
 31
0.0
  0
LINE
  5
92F
330
20C
100
AcDbEntity
  8
2
  6
Continuous
390
DFF
 62
   155
420
  5075865
100
AcDbLine
 10
306.02012253
 20
274.9029536532
 30
0.0
 11
306.02012253
 21
234.0031443536
 31
0.0
  0
LINE
  5
930
330
20C
100
AcDbEntity
  8
2
  6
Continuous
390
DFF
 62
   155
420
  5075865
100
AcDbLine
 10
306.02012253
 20
232.0027629528
 30
0.0
 11
306.02012253
 21
174.0031443536
 31
0.0
  0
LINE
  5
931
330
20C
100
AcDbEntity
  8
2
  6
Continuous
390
DFF
 62
   155
420
  5075865
100
AcDbLine
 10
306.02012253
 20
131.1029536532
 30
0.0
 11
306.02012253
 21
172.0027629528
 31
0.0
  0
LINE
  5
932
330
20C
100
AcDbEntity
  8
2
  6
Continuous
390
DFF
 62
   155
420
  5075865
100
AcDbLine
 10
306.1510754156
 20
172.1337158384
 30
0.0
 11
306.1510754156
 21
131.1029536532
 31
0.0
  0
LINE
  5
933
330
20C
100
AcDbEntity
  8
2
  6
Continuous
390
DFF
 62
   155
420
  5075865
100
AcDbLine
 10
306.1510754156
 20
173.872191468
 30
0.0
 11
306.1510754156
 21
232.1337158384
 31
0.0
  0
LINE
  5
934
330
20C
100
AcDbEntity
  8
2
  6
Continuous
390
DFF
 62
   155
420
  5075865
100
AcDbLine
 10
306.1510754156
 20
233.872191468
 30
0.0
 11
306.1510754156
 21
274.9029536532
 31
0.0
  0
LINE
  5
935
330
20C
100
AcDbEntity
  8
2
  6
Continuous
390
DFF
 62
   155
420
  5075865
100
AcDbLine
 10
306.6203132304
 20
232.5029536532
 30
0.0
 11
306.6203132304
 21
230.0029536532
 31
0.0
  0
LINE
  5
936
330
20C
100
AcDbEntity
  8
2
  6
Continuous
390
DFF
 62
   155
420
  5075865
100
AcDbLine
 10
307.6203132304
 20
232.5029536532
 30
0.0
 11
307.6203132304
 21
230.0029536532
 31
0.0
  0
LINE
  5
937
330
20C
100
AcDbEntity
  8
2
  6
Continuous
390
DFF
 62
   155
420
  5075865
100
AcDbLine
 10
307.8895510452
 20
274.9029536532
 30
0.0
 11
307.8895510452
 21
234.1223438541
 31
0.0
  0
LINE
  5
938
330
20C
100
AcDbEntity
  8
2
  6
Continuous
390
DFF
 62
   155
420
  5075865
100
AcDbLine
 10
307.8895510452
 20
232.1337158384
 30
0.0
 11
307.8895510452
 21
173.872191468
 31
0.0
  0
LINE
  5
939
330
20C
100
AcDbEntity
  8
2
  6
Continuous
390
DFF
 62
   155
420
  5075865
100
AcDbLine
 10
307.8895510452
 20
131.1029536532
 30
0.0
 11
307.8895510452
 21
171.8835634523
 31
0.0
  0
LINE
  5
93A
330
20C
100
AcDbEntity
  8
2
  6
Continuous
390
DFF
 62
   155
420
  5075865
100
AcDbLine
 10
308.0205039308
 20
171.7526105667
 30
0.0
 11
308.0205039308
 21
131.1029536532
 31
0.0
  0
LINE
  5
93B
330
20C
100
AcDbEntity
  8
2
  6
Continuous
390
DFF
 62
   155
420
  5075865
100
AcDbLine
 10
308.0205039308
 20
174.0031443536
 30
0.0
 11
308.0205039308
 21
232.0027629528
 31
0.0
  0
LINE
  5
93C
330
20C
100
AcDbEntity
  8
2
  6
Continuous
390
DFF
 62
   155
420
  5075865
100
AcDbLine
 10
308.0205039308
 20
234.2532967397
 30
0.0
 11
308.0205039308
 21
274.9029536532
 31
0.0
  0
LINE
  5
93D
330
20C
100
AcDbEntity
  8
2
  6
Continuous
390
DFF
 62
   155
420
  5075865
100
AcDbLine
 10
308.3492679858
 20
218.5029536532
 30
0.0
 11
308.3492679858
 21
211.5029536532
 31
0.0
  0
LINE
  5
93E
330
20C
100
AcDbEntity
  8
2
  6
Continuous
390
DFF
 62
   155
420
  5075865
100
AcDbLine
 10
308.3492679858
 20
194.5029536532
 30
0.0
 11
308.3492679858
 21
187.5029536532
 31
0.0
  0
LINE
  5
93F
330
20C
100
AcDbEntity
  8
dim
  6
Continuous
390
DFF
 62
     4
100
AcDbLine
 10
309.4176262917
 20
51.21476669779999
 30
0.0
 11
309.4176262917
 21
5.609167551900001
 31
0.0
  0
LINE
  5
940
330
20C
100
AcDbEntity
  8
2
  6
Continuous
390
DFF
 62
   155
420
  5075865
100
AcDbLine
 10
309.5203132304
 20
170.5029536532
 30
0.0
 11
309.5203132304
 21
131.1029536532
 31
0.0
  0
LINE
  5
941
330
20C
100
AcDbEntity
  8
2
  6
Continuous
390
DFF
 62
   155
420
  5075865
100
AcDbLine
 10
309.5203132304
 20
175.5029536532
 30
0.0
 11
309.5203132304
 21
186.5029536532
 31
0.0
  0
LINE
  5
942
330
20C
100
AcDbEntity
  8
2
  6
Continuous
390
DFF
 62
   155
420
  5075865
100
AcDbLine
 10
309.5203132304
 20
195.5029536532
 30
0.0
 11
309.5203132304
 21
210.5029536532
 31
0.0
  0
LINE
  5
943
330
20C
100
AcDbEntity
  8
2
  6
Continuous
390
DFF
 62
   155
420
  5075865
100
AcDbLine
 10
309.5203132304
 20
219.5029536532
 30
0.0
 11
309.5203132304
 21
230.5029536532
 31
0.0
  0
LINE
  5
944
330
20C
100
AcDbEntity
  8
2
  6
Continuous
390
DFF
 62
   155
420
  5075865
100
AcDbLine
 10
309.5203132304
 20
235.5029536532
 30
0.0
 11
309.5203132304
 21
274.9029536532
 31
0.0
  0
LINE
  5
945
330
20C
100
AcDbEntity
  8
dim
  6
Continuous
390
DFF
 62
    84
420
  2529536
100
AcDbLine
 10
314.4873274112
 20
333.1845525843
 30
0.0
 11
314.4873274112
 21
327.5753850324
 31
0.0
  0
LINE
  5
946
330
20C
100
AcDbEntity
  8
dim
  6
Continuous
390
DFF
 62
    84
420
  2529536
100
AcDbLine
 10
314.4873274112
 20
0.0
 30
0.0
 11
314.4873274112
 21
5.609167551900001
 31
0.0
  0
LINE
  5
947
330
20C
100
AcDbEntity
  8
2
  6
Continuous
390
DFF
 62
   155
420
  5075865
100
AcDbLine
 10
226.8181075919
 20
245.2409147568
 30
0.0
 11
225.2230217121
 21
245.1573198481
 31
0.0
  0
LINE
  5
948
330
20C
100
AcDbEntity
  8
2
  6
Continuous
390
DFF
 62
   155
420
  5075865
100
AcDbLine
 10
118.9063364476
 20
232.0029536532
 30
0.0
 11
124.2618914729
 21
232.1994828255
 31
0.0
  0
LINE
  5
949
330
20C
100
AcDbEntity
  8
2
  6
Continuous
390
DFF
 62
   155
420
  5075865
100
AcDbLine
 10
108.9063364476
 20
234.0029536532
 30
0.0
 11
103.5507814224
 21
233.8064244809
 31
0.0
  0
LINE
  5
94A
330
20C
100
AcDbEntity
  8
2
  6
Continuous
390
DFF
 62
   155
420
  5075865
100
AcDbLine
 10
364.5203132304
 20
235.5029536532
 30
0.0
 11
341.560902594
 21
235.5029536532
 31
0.0
  0
LINE
  5
94B
330
20C
100
AcDbEntity
  8
2
  6
Continuous
390
DFF
 62
   155
420
  5075865
100
AcDbLine
 10
332.4797238668
 20
235.5029536532
 30
0.0
 11
309.5203132304
 21
235.5029536532
 31
0.0
  0
LINE
  5
94C
330
20C
100
AcDbEntity
  8
2
  6
Continuous
390
DFF
 62
   155
420
  5075865
100
AcDbLine
 10
304.5203132304
 20
235.5029536532
 30
0.0
 11
265.0122497049
 21
235.5029536532
 31
0.0
  0
LINE
  5
94D
330
20C
100
AcDbEntity
  8
2
  6
Continuous
390
DFF
 62
   155
420
  5075865
100
AcDbLine
 10
264.9837074227
 20
235.5029536532
 30
0.0
 11
264.9203132305
 21
235.5029536532
 31
0.0
  0
LINE
  5
94E
330
20C
100
AcDbEntity
  8
2
  6
Continuous
390
DFF
 62
   155
420
  5075865
100
AcDbLine
 10
81.4063364476
 20
235.5029536532
 30
0.0
 11
41.8063364477
 21
235.5029536532
 31
0.0
  0
LINE
  5
94F
330
20C
100
AcDbEntity
  8
2
  6
Continuous
390
DFF
 62
   155
420
  5075865
100
AcDbLine
 10
86.4063364476
 20
235.5029536532
 30
0.0
 11
109.3060415013
 21
235.5029536532
 31
0.0
  0
LINE
  5
950
330
20C
100
AcDbEntity
  8
2
  6
Continuous
390
DFF
 62
   155
420
  5075865
100
AcDbLine
 10
118.506631394
 20
235.5029536532
 30
0.0
 11
141.4063364476
 21
235.5029536532
 31
0.0
  0
LINE
  5
951
330
20C
100
AcDbEntity
  8
2
  6
Continuous
390
DFF
 62
   155
420
  5075865
100
AcDbLine
 10
146.4063364476
 20
235.5029536532
 30
0.0
 11
185.9143999731
 21
235.5029536532
 31
0.0
  0
LINE
  5
952
330
20C
100
AcDbEntity
  8
2
  6
Continuous
390
DFF
 62
   155
420
  5075865
100
AcDbLine
 10
185.9429422554
 20
235.5029536532
 30
0.0
 11
186.0063364475
 21
235.5029536532
 31
0.0
  0
LINE
  5
953
330
20C
100
AcDbEntity
  8
2
  6
Continuous
390
DFF
 62
   155
420
  5075865
100
AcDbLine
 10
369.5203132304
 20
235.5029536532
 30
0.0
 11
409.1203132303
 21
235.5029536532
 31
0.0
  0
LINE
  5
954
330
20C
100
AcDbEntity
  8
2
  6
Continuous
390
DFF
 62
   155
420
  5075865
100
AcDbLine
 10
193.193915803
 20
245.2409147568
 30
0.0
 11
193.1379587798
 21
245.2409147568
 31
0.0
  0
LINE
  5
955
330
20C
100
AcDbEntity
  8
2
  6
Continuous
390
DFF
 62
   155
420
  5075865
100
AcDbLine
 10
34.6187570923
 20
245.2409147568
 30
0.0
 11
34.6747141154
 21
245.2409147568
 31
0.0
  0
LINE
  5
956
330
20C
100
AcDbEntity
  8
2
  6
Continuous
390
DFF
 62
   155
420
  5075865
100
AcDbLine
 10
271.0203132304
 20
247.2529536532
 30
0.0
 11
269.2655626897
 21
247.2529536532
 31
0.0
  0
LINE
  5
957
330
20C
100
AcDbEntity
  8
2
  6
Continuous
390
DFF
 62
   155
420
  5075865
100
AcDbLine
 10
181.6610869884
 20
247.2529536532
 30
0.0
 11
179.9063364476
 21
247.2529536532
 31
0.0
  0
LINE
  5
958
330
20C
100
AcDbEntity
  8
2
  6
Continuous
390
DFF
 62
   155
420
  5075865
100
AcDbLine
 10
46.1515859069
 20
247.2529536532
 30
0.0
 11
47.9063364476
 21
247.2529536532
 31
0.0
  0
LINE
  5
959
330
20C
100
AcDbEntity
  8
2
  6
Continuous
390
DFF
 62
   155
420
  5075865
100
AcDbLine
 10
403.0203132304
 20
247.2529536532
 30
0.0
 11
404.7750637711
 21
247.2529536532
 31
0.0
  0
LINE
  5
95A
330
20C
100
AcDbEntity
  8
screw
  6
CENTER
390
DFF
 62
     1
100
AcDbLine
 10
39.2563364476
 20
248.0029536532
 30
0.0
 11
42.5563364476
 21
248.0029536532
 31
0.0
  0
LINE
  5
95B
330
20C
100
AcDbEntity
  8
screw
  6
CENTER
390
DFF
 62
     1
100
AcDbLine
 10
185.2563364476
 20
248.0029536532
 30
0.0
 11
188.5563364476
 21
248.0029536532
 31
0.0
  0
LINE
  5
95C
330
20C
100
AcDbEntity
  8
2
  6
Continuous
390
DFF
 62
   155
420
  5075865
100
AcDbLine
 10
404.7750637711
 20
248.7529536532
 30
0.0
 11
403.0203132304
 21
248.7529536532
 31
0.0
  0
LINE
  5
95D
330
20C
100
AcDbEntity
  8
2
  6
Continuous
390
DFF
 62
   155
420
  5075865
100
AcDbLine
 10
47.9063364476
 20
248.7529536532
 30
0.0
 11
46.1515859069
 21
248.7529536532
 31
0.0
  0
LINE
  5
95E
330
20C
100
AcDbEntity
  8
2
  6
Continuous
390
DFF
 62
   155
420
  5075865
100
AcDbLine
 10
179.9063364476
 20
248.7529536532
 30
0.0
 11
181.6610869884
 21
248.7529536532
 31
0.0
  0
LINE
  5
95F
330
20C
100
AcDbEntity
  8
2
  6
Continuous
390
DFF
 62
   155
420
  5075865
100
AcDbLine
 10
269.2655626897
 20
248.7529536532
 30
0.0
 11
271.0203132304
 21
248.7529536532
 31
0.0
  0
LINE
  5
960
330
20C
100
AcDbEntity
  8
dim
  6
Continuous
390
DFF
 62
    84
420
  2529536
100
AcDbLine
 10
471.7309911169
 20
249.8884144382
 30
0.0
 11
466.1218235649
 21
249.8884144382
 31
0.0
  0
LINE
  5
961
330
20C
100
AcDbEntity
  8
dim
  6
Continuous
390
DFF
 62
    84
420
  2529536
100
AcDbLine
 10
0.0
 20
249.8884144382
 30
0.0
 11
5.609167551900001
 21
249.8884144382
 31
0.0
  0
LINE
  5
962
330
20C
100
AcDbEntity
  8
2
  6
Continuous
390
DFF
 62
   155
420
  5075865
100
AcDbLine
 10
34.669749587
 20
250.7649925496
 30
0.0
 11
34.6187570923
 21
250.7649925496
 31
0.0
  0
LINE
  5
963
330
20C
100
AcDbEntity
  8
2
  6
Continuous
390
DFF
 62
   155
420
  5075865
100
AcDbLine
 10
193.1429233083
 20
250.7649925496
 30
0.0
 11
193.193915803
 21
250.7649925496
 31
0.0
  0
LINE
  5
964
330
20C
100
AcDbEntity
  8
2
  6
Continuous
390
DFF
 62
   155
420
  5075865
100
AcDbLine
 10
342.0703132304
 20
232.2384781469
 30
0.0
 11
346.3547572506
 21
232.1337158384
 31
0.0
  0
LINE
  5
965
330
20C
100
AcDbEntity
  8
2
  6
Continuous
390
DFF
 62
   155
420
  5075865
100
AcDbLine
 10
331.9703132304
 20
234.0175815456
 30
0.0
 11
327.6858692102
 21
234.1223438541
 31
0.0
  0
LINE
  5
966
330
20C
100
AcDbEntity
  8
2
  6
Continuous
390
DFF
 62
   155
420
  5075865
100
AcDbLine
 10
226.2352621404
 20
250.7955381854
 30
0.0
 11
226.8181075919
 21
250.7649925496
 31
0.0
  0
LINE
  5
967
330
20C
100
AcDbEntity
  8
2
  6
Continuous
390
DFF
 62
   155
420
  5075865
100
AcDbLine
 10
161.668375344
 20
282.7196522022
 30
0.0
 11
161.9304142405
 21
282.5887225944
 31
0.0
  0
LINE
  5
968
330
20C
100
AcDbEntity
  8
2
  6
Continuous
390
DFF
 62
   155
420
  5075865
100
AcDbLine
 10
191.5402435635
 20
282.6280014767
 30
0.0
 11
191.6188552326
 21
282.5887225944
 31
0.0
  0
LINE
  5
969
330
20C
100
AcDbEntity
  8
2
  6
Continuous
390
DFF
 62
   155
420
  5075865
100
AcDbLine
 10
409.2887689088
 20
142.3967065614
 30
0.0
 11
409.2309488326
 21
142.4358820773
 31
0.0
  0
LINE
  5
96A
330
20C
100
AcDbEntity
  8
2
  6
Continuous
390
DFF
 62
   155
420
  5075865
100
AcDbLine
 10
264.9979785638
 20
235.4886825121
 30
0.0
 11
264.9837074227
 21
235.5029536532
 31
0.0
  0
LINE
  5
96B
330
20C
100
AcDbEntity
  8
2
  6
Continuous
390
DFF
 62
   155
420
  5075865
100
AcDbLine
 10
278.4527742286
 20
276.3922380166
 30
0.0
 11
278.4724240874
 21
276.3252176942
 31
0.0
  0
LINE
  5
96C
330
20C
100
AcDbEntity
  8
2
  6
Continuous
390
DFF
 62
   155
420
  5075865
100
AcDbLine
 10
327.6858692102
 20
172.1337158384
 30
0.0
 11
327.6858692102
 21
174.1223438541
 31
0.0
  0
LINE
  5
96D
330
20C
100
AcDbEntity
  8
2
  6
Continuous
390
DFF
 62
   155
420
  5075865
100
AcDbLine
 10
327.6858692102
 20
232.1337158384
 30
0.0
 11
327.6858692102
 21
234.1223438541
 31
0.0
  0
LINE
  5
96E
330
20C
100
AcDbEntity
  8
2
  6
Continuous
390
DFF
 62
   155
420
  5075865
100
AcDbLine
 10
329.1913322882
 20
272.3029536532
 30
0.0
 11
329.1913322882
 21
270.9029536532
 31
0.0
  0
LINE
  5
96F
330
20C
100
AcDbEntity
  8
2
  6
Continuous
390
DFF
 62
   155
420
  5075865
100
AcDbLine
 10
329.1913322882
 20
135.1029536532
 30
0.0
 11
329.1913322882
 21
133.7029536532
 31
0.0
  0
LINE
  5
970
330
20C
100
AcDbEntity
  8
2
  6
Continuous
390
DFF
 62
   155
420
  5075865
100
AcDbLine
 10
329.8290019732
 20
272.1981913447
 30
0.0
 11
329.8290019732
 21
270.9029536532
 31
0.0
  0
LINE
  5
971
330
20C
100
AcDbEntity
  8
2
  6
Continuous
390
DFF
 62
   155
420
  5075865
100
AcDbLine
 10
329.8290019732
 20
133.8077159617
 30
0.0
 11
329.8290019732
 21
135.1029536532
 31
0.0
  0
LINE
  5
972
330
20C
100
AcDbEntity
  8
2
  6
Continuous
390
DFF
 62
   155
420
  5075865
100
AcDbLine
 10
331.9703132304
 20
234.0175815456
 30
0.0
 11
331.9703132304
 21
232.2384781469
 31
0.0
  0
LINE
  5
973
330
20C
100
AcDbEntity
  8
2
  6
Continuous
390
DFF
 62
   155
420
  5075865
100
AcDbLine
 10
331.9703132304
 20
174.0175815456
 30
0.0
 11
331.9703132304
 21
172.2384781469
 31
0.0
  0
LINE
  5
974
330
20C
100
AcDbEntity
  8
2
  6
Continuous
390
DFF
 62
   155
420
  5075865
100
AcDbLine
 10
332.1116244875
 20
135.1029536532
 30
0.0
 11
332.1116244875
 21
133.8077159617
 31
0.0
  0
LINE
  5
975
330
20C
100
AcDbEntity
  8
2
  6
Continuous
390
DFF
 62
   155
420
  5075865
100
AcDbLine
 10
332.1116244875
 20
270.9029536532
 30
0.0
 11
332.1116244875
 21
272.1981913447
 31
0.0
  0
LINE
  5
976
330
20C
100
AcDbEntity
  8
2
  6
Continuous
390
DFF
 62
   155
420
  5075865
100
AcDbLine
 10
332.7492941725
 20
135.1029536532
 30
0.0
 11
332.7492941725
 21
133.7029536532
 31
0.0
  0
LINE
  5
977
330
20C
100
AcDbEntity
  8
2
  6
Continuous
390
DFF
 62
   155
420
  5075865
100
AcDbLine
 10
332.7492941725
 20
270.9029536532
 30
0.0
 11
332.7492941725
 21
272.3029536532
 31
0.0
  0
LINE
  5
978
330
20C
100
AcDbEntity
  8
2
  6
Continuous
390
DFF
 62
   155
420
  5075865
100
AcDbLine
 10
368.0205039308
 20
174.0031443536
 30
0.0
 11
367.8895510452
 21
173.872191468
 31
0.0
  0
LINE
  5
979
330
20C
100
AcDbEntity
  8
2
  6
Continuous
390
DFF
 62
   155
420
  5075865
100
AcDbLine
 10
366.02012253
 20
171.7526105667
 30
0.0
 11
366.1510754156
 21
171.8835634523
 31
0.0
  0
LINE
  5
97A
330
20C
100
AcDbEntity
  8
2
  6
Continuous
390
DFF
 62
   155
420
  5075865
100
AcDbLine
 10
402.8931371188
 20
134.2931732174
 30
0.0
 11
403.1958799062
 21
134.4150690611
 31
0.0
  0
LINE
  5
97B
330
20C
100
AcDbEntity
  8
2
  6
Continuous
390
DFF
 62
   155
420
  5075865
100
AcDbLine
 10
344.2116244876
 20
272.1981913447
 30
0.0
 11
344.8492941726
 21
272.3029536532
 31
0.0
  0
LINE
  5
97C
330
20C
100
AcDbEntity
  8
2
  6
Continuous
390
DFF
 62
   155
420
  5075865
100
AcDbLine
 10
332.1116244875
 20
272.1981913447
 30
0.0
 11
332.7492941725
 21
272.3029536532
 31
0.0
  0
LINE
  5
97D
330
20C
100
AcDbEntity
  8
2
  6
Continuous
390
DFF
 62
   155
420
  5075865
100
AcDbLine
 10
191.3568164134
 20
262.2587514038
 30
0.0
 11
187.0962119988
 21
262.2587514038
 31
0.0
  0
LINE
  5
97E
330
20C
100
AcDbEntity
  8
2
  6
Continuous
390
DFF
 62
   155
420
  5075865
100
AcDbLine
 10
36.4558564818
 20
262.2587514038
 30
0.0
 11
40.7164608965
 21
262.2587514038
 31
0.0
  0
LINE
  5
97F
330
20C
100
AcDbEntity
  8
2
  6
Continuous
390
DFF
 62
   155
420
  5075865
100
AcDbLine
 10
191.5926514193
 20
262.4945864106
 30
0.0
 11
186.6833326299
 21
262.4945864106
 31
0.0
  0
LINE
  5
980
330
20C
100
AcDbEntity
  8
2
  6
Continuous
390
DFF
 62
   155
420
  5075865
100
AcDbLine
 10
36.220021476
 20
262.4945864106
 30
0.0
 11
41.1293402654
 21
262.4945864106
 31
0.0
  0
LINE
  5
981
330
20C
100
AcDbEntity
  8
2
  6
Continuous
390
DFF
 62
   155
420
  5075865
100
AcDbLine
 10
41.7816083917
 20
263.5113208958
 30
0.0
 11
36.2200214798
 21
263.5113208958
 31
0.0
  0
LINE
  5
982
330
20C
100
AcDbEntity
  8
2
  6
Continuous
390
DFF
 62
   155
420
  5075865
100
AcDbLine
 10
186.0310645036
 20
263.5113208958
 30
0.0
 11
191.5926514154
 21
263.5113208958
 31
0.0
  0
LINE
  5
983
330
20C
100
AcDbEntity
  8
2
  6
Continuous
390
DFF
 62
   155
420
  5075865
100
AcDbLine
 10
41.6527103849
 20
263.7471559025
 30
0.0
 11
36.4558564875
 21
263.7471559025
 31
0.0
  0
LINE
  5
984
330
20C
100
AcDbEntity
  8
2
  6
Continuous
390
DFF
 62
   155
420
  5075865
100
AcDbLine
 10
186.1599625104
 20
263.7471559025
 30
0.0
 11
191.3568164078
 21
263.7471559025
 31
0.0
  0
LINE
  5
985
330
20C
100
AcDbEntity
  8
2
  6
Continuous
390
DFF
 62
   155
420
  5075865
100
AcDbLine
 10
267.2005956517
 20
267.2404876626
 30
0.0
 11
268.7798513471
 21
267.2404876626
 31
0.0
  0
LINE
  5
986
330
20C
100
AcDbEntity
  8
2
  6
Continuous
390
DFF
 62
   155
420
  5075865
100
AcDbLine
 10
267.2431856169
 20
267.5029536532
 30
0.0
 11
268.9578083293
 21
267.5029536532
 31
0.0
  0
LINE
  5
987
330
20C
100
AcDbEntity
  8
2
  6
Continuous
390
DFF
 62
   155
420
  5075865
100
AcDbLine
 10
264.751857552
 20
263.609200745
 30
0.0
 11
264.8096776281
 21
263.5700252291
 31
0.0
  0
LINE
  5
988
330
20C
100
AcDbEntity
  8
2
  6
Continuous
390
DFF
 62
   155
420
  5075865
100
AcDbLine
 10
264.9405661474
 20
263.7689922372
 30
0.0
 11
265.9727739999
 21
262.7367843847
 31
0.0
  0
LINE
  5
989
330
20C
100
AcDbEntity
  8
2
  6
Continuous
390
DFF
 62
   155
420
  5075865
100
AcDbLine
 10
396.7917564259
 20
131.9178019587
 30
0.0
 11
397.8050349427
 21
130.9045234419
 31
0.0
  0
LINE
  5
98A
330
20C
100
AcDbEntity
  8
2
  6
Continuous
390
DFF
 62
   155
420
  5075865
100
AcDbLine
 10
266.7455575578
 20
263.94237667
 30
0.0
 11
265.7817398342
 21
264.9061943936
 31
0.0
  0
LINE
  5
98B
330
20C
100
AcDbEntity
  8
2
  6
Continuous
390
DFF
 62
   155
420
  5075865
100
AcDbLine
 10
398.9897857254
 20
131.7890467839
 30
0.0
 11
398.0523310632
 21
132.7265014461
 31
0.0
  0
LINE
  5
98C
330
20C
100
AcDbEntity
  8
2
  6
Continuous
390
DFF
 62
   155
420
  5075865
100
AcDbLine
 10
415.5803132304
 20
124.4429536532
 30
0.0
 11
415.4490257197
 21
124.5742411639
 31
0.0
  0
LINE
  5
98D
330
20C
100
AcDbEntity
  8
2
  6
Continuous
390
DFF
 62
   155
420
  5075865
100
AcDbLine
 10
366.1510754156
 20
173.872191468
 30
0.0
 11
366.02012253
 21
174.0031443536
 31
0.0
  0
LINE
  5
98E
330
20C
100
AcDbEntity
  8
2
  6
Continuous
390
DFF
 62
   155
420
  5075865
100
AcDbLine
 10
258.4603132304
 20
281.5629536532
 30
0.0
 11
258.5561661722
 21
281.4671007115
 31
0.0
  0
LINE
  5
98F
330
20C
100
AcDbEntity
  8
2
  6
Continuous
390
DFF
 62
   155
420
  5075865
100
AcDbLine
 10
306.1510754156
 20
233.872191468
 30
0.0
 11
306.02012253
 21
234.0031443536
 31
0.0
  0
LINE
  5
990
330
20C
100
AcDbEntity
  8
2
  6
Continuous
390
DFF
 62
   155
420
  5075865
100
AcDbLine
 10
307.8895510452
 20
232.1337158384
 30
0.0
 11
308.0205039308
 21
232.0027629528
 31
0.0
  0
LINE
  5
991
330
20C
100
AcDbEntity
  8
2
  6
Continuous
390
DFF
 62
   155
420
  5075865
100
AcDbLine
 10
367.8895510452
 20
172.1337158384
 30
0.0
 11
368.0205039308
 21
172.0027629528
 31
0.0
  0
LINE
  5
992
330
20C
100
AcDbEntity
  8
2
  6
Continuous
390
DFF
 62
   155
420
  5075865
100
AcDbLine
 10
393.0233638967
 20
130.9029536532
 30
0.0
 11
390.9371998197
 21
133.163789976
 31
0.0
  0
LINE
  5
993
330
20C
100
AcDbEntity
  8
2
  6
Continuous
390
DFF
 62
   155
420
  5075865
100
AcDbLine
 10
307.1203132304
 20
237.533838055
 30
0.0
 11
308.2179607362
 21
232.5029536532
 31
0.0
  0
LINE
  5
994
330
20C
100
AcDbEntity
  8
2
  6
CENTER
390
DFF
 62
     1
100
AcDbLine
 10
337.0203132304
 20
123.1029536532
 30
0.0
 11
337.0203132304
 21
282.9029536532
 31
0.0
  0
LINE
  5
995
330
20C
100
AcDbEntity
  8
2
  6
Continuous
390
DFF
 62
   155
420
  5075865
100
AcDbLine
 10
341.2913322883
 20
135.1029536532
 30
0.0
 11
341.2913322883
 21
133.7029536532
 31
0.0
  0
LINE
  5
996
330
20C
100
AcDbEntity
  8
2
  6
Continuous
390
DFF
 62
   155
420
  5075865
100
AcDbLine
 10
341.2913322883
 20
270.9029536532
 30
0.0
 11
341.2913322883
 21
272.3029536532
 31
0.0
  0
LINE
  5
997
330
20C
100
AcDbEntity
  8
2
  6
Continuous
390
DFF
 62
   155
420
  5075865
100
AcDbLine
 10
341.9290019733
 20
135.1029536532
 30
0.0
 11
341.9290019733
 21
133.8077159617
 31
0.0
  0
LINE
  5
998
330
20C
100
AcDbEntity
  8
2
  6
Continuous
390
DFF
 62
   155
420
  5075865
100
AcDbLine
 10
341.9290019733
 20
270.9029536532
 30
0.0
 11
341.9290019733
 21
272.1981913447
 31
0.0
  0
LINE
  5
999
330
20C
100
AcDbEntity
  8
2
  6
Continuous
390
DFF
 62
   155
420
  5075865
100
AcDbLine
 10
342.0703132304
 20
234.0175815456
 30
0.0
 11
342.0703132304
 21
232.2384781469
 31
0.0
  0
LINE
  5
99A
330
20C
100
AcDbEntity
  8
2
  6
Continuous
390
DFF
 62
   155
420
  5075865
100
AcDbLine
 10
342.0703132304
 20
174.0175815456
 30
0.0
 11
342.0703132304
 21
172.2384781469
 31
0.0
  0
LINE
  5
99B
330
20C
100
AcDbEntity
  8
2
  6
Continuous
390
DFF
 62
   155
420
  5075865
100
AcDbLine
 10
344.2116244876
 20
272.1981913447
 30
0.0
 11
344.2116244876
 21
270.9029536532
 31
0.0
  0
LINE
  5
99C
330
20C
100
AcDbEntity
  8
2
  6
Continuous
390
DFF
 62
   155
420
  5075865
100
AcDbLine
 10
344.2116244876
 20
133.8077159617
 30
0.0
 11
344.2116244876
 21
135.1029536532
 31
0.0
  0
LINE
  5
99D
330
20C
100
AcDbEntity
  8
2
  6
Continuous
390
DFF
 62
   155
420
  5075865
100
AcDbLine
 10
344.8492941726
 20
272.3029536532
 30
0.0
 11
344.8492941726
 21
270.9029536532
 31
0.0
  0
LINE
  5
99E
330
20C
100
AcDbEntity
  8
2
  6
Continuous
390
DFF
 62
   155
420
  5075865
100
AcDbLine
 10
344.8492941726
 20
133.7029536532
 30
0.0
 11
344.8492941726
 21
135.1029536532
 31
0.0
  0
LINE
  5
99F
330
20C
100
AcDbEntity
  8
2
  6
Continuous
390
DFF
 62
   155
420
  5075865
100
AcDbLine
 10
346.3547572506
 20
172.1337158384
 30
0.0
 11
346.3547572506
 21
174.1223438541
 31
0.0
  0
LINE
  5
9A0
330
20C
100
AcDbEntity
  8
2
  6
Continuous
390
DFF
 62
   155
420
  5075865
100
AcDbLine
 10
346.3547572506
 20
232.1337158384
 30
0.0
 11
346.3547572506
 21
234.1223438541
 31
0.0
  0
LINE
  5
9A1
330
20C
100
AcDbEntity
  8
2
  6
Continuous
390
DFF
 62
   155
420
  5075865
100
AcDbLine
 10
366.9203132304
 20
237.533838055
 30
0.0
 11
365.8226657245
 21
232.5029536532
 31
0.0
  0
LINE
  5
9A2
330
20C
100
AcDbEntity
  8
2
  6
Continuous
390
DFF
 62
   155
420
  5075865
100
AcDbLine
 10
406.7242283631
 20
194.7896922109
 30
0.0
 11
406.6752767002
 21
194.7398641034
 31
0.0
  0
LINE
  5
9A3
330
20C
100
AcDbEntity
  8
2
  6
Continuous
390
DFF
 62
   155
420
  5075865
100
AcDbLine
 10
409.1196890131
 20
169.0247645683
 30
0.0
 11
406.8594769076
 21
166.9198402425
 31
0.0
  0
LINE
  5
9A4
330
20C
100
AcDbEntity
  8
2
  6
Continuous
390
DFF
 62
   155
420
  5075865
100
AcDbLine
 10
395.9501712259
 20
131.3778977756
 30
0.0
 11
401.8213242826999
 21
135.1444327562
 31
0.0
  0
LINE
  5
9A5
330
20C
100
AcDbEntity
  8
2
  6
Continuous
390
DFF
 62
   155
420
  5075865
100
AcDbLine
 10
402.8931371188
 20
134.2931732174
 30
0.0
 11
398.9897857254
 21
131.7890467839
 31
0.0
  0
LINE
  5
9A6
330
20C
100
AcDbEntity
  8
2
  6
Continuous
390
DFF
 62
   155
420
  5075865
100
AcDbLine
 10
233.8181075919
 20
282.9029536532
 30
0.0
 11
221.8181075919
 21
282.5887225944
 31
0.0
  0
LINE
  5
9A7
330
20C
100
AcDbEntity
  8
2
  6
Continuous
390
DFF
 62
   155
420
  5075865
100
AcDbLine
 10
382.7703132304
 20
269.0029536532
 30
0.0
 11
381.2703132304
 21
269.0029536532
 31
0.0
  0
LINE
  5
9A8
330
20C
100
AcDbEntity
  8
2
  6
Continuous
390
DFF
 62
   155
420
  5075865
100
AcDbLine
 10
69.6563364476
 20
269.0029536532
 30
0.0
 11
68.1563364476
 21
269.0029536532
 31
0.0
  0
LINE
  5
9A9
330
20C
100
AcDbEntity
  8
2
  6
Continuous
390
DFF
 62
   155
420
  5075865
100
AcDbLine
 10
158.1563364476
 20
269.0029536532
 30
0.0
 11
159.6563364476
 21
269.0029536532
 31
0.0
  0
LINE
  5
9AA
330
20C
100
AcDbEntity
  8
2
  6
Continuous
390
DFF
 62
   155
420
  5075865
100
AcDbLine
 10
291.2703132304
 20
269.0029536532
 30
0.0
 11
292.7703132304
 21
269.0029536532
 31
0.0
  0
LINE
  5
9AB
330
20C
100
AcDbEntity
  8
2
  6
Continuous
390
DFF
 62
   155
420
  5075865
100
AcDbLine
 10
292.7703132304
 20
270.0029536532
 30
0.0
 11
291.2703132304
 21
270.0029536532
 31
0.0
  0
LINE
  5
9AC
330
20C
100
AcDbEntity
  8
2
  6
Continuous
390
DFF
 62
   155
420
  5075865
100
AcDbLine
 10
159.6563364476
 20
270.0029536532
 30
0.0
 11
158.1563364476
 21
270.0029536532
 31
0.0
  0
LINE
  5
9AD
330
20C
100
AcDbEntity
  8
2
  6
Continuous
390
DFF
 62
   155
420
  5075865
100
AcDbLine
 10
68.1563364476
 20
270.0029536532
 30
0.0
 11
69.6563364476
 21
270.0029536532
 31
0.0
  0
LINE
  5
9AE
330
20C
100
AcDbEntity
  8
2
  6
Continuous
390
DFF
 62
   155
420
  5075865
100
AcDbLine
 10
381.2703132304
 20
270.0029536532
 30
0.0
 11
382.7703132304
 21
270.0029536532
 31
0.0
  0
LINE
  5
9AF
330
20C
100
AcDbEntity
  8
2
  6
Continuous
390
DFF
 62
   155
420
  5075865
100
AcDbLine
 10
121.9063364476
 20
270.9029536532
 30
0.0
 11
115.8659282419
 21
270.9029536532
 31
0.0
  0
LINE
  5
9B0
330
20C
100
AcDbEntity
  8
2
  6
Continuous
390
DFF
 62
   155
420
  5075865
100
AcDbLine
 10
111.9467446534
 20
270.9029536532
 30
0.0
 11
105.9063364476
 21
270.9029536532
 31
0.0
  0
LINE
  5
9B1
330
20C
100
AcDbEntity
  8
2
  6
Continuous
390
DFF
 62
   155
420
  5075865
100
AcDbLine
 10
329.0203132304
 20
270.9029536532
 30
0.0
 11
334.9306828019
 21
270.9029536532
 31
0.0
  0
LINE
  5
9B2
330
20C
100
AcDbEntity
  8
2
  6
Continuous
390
DFF
 62
   155
420
  5075865
100
AcDbLine
 10
339.1099436589
 20
270.9029536532
 30
0.0
 11
345.0203132304
 21
270.9029536532
 31
0.0
  0
LINE
  5
9B3
330
20C
100
AcDbEntity
  8
2
  6
Continuous
390
DFF
 62
   155
420
  5075865
100
AcDbLine
 10
270.6593521867
 20
271.5029536532
 30
0.0
 11
273.219219082
 21
271.5029536532
 31
0.0
  0
LINE
  5
9B4
330
20C
100
AcDbEntity
  8
2
  6
Continuous
390
DFF
 62
   155
420
  5075865
100
AcDbLine
 10
273.5462180488
 20
271.712734089
 30
0.0
 11
271.147489342
 21
271.712734089
 31
0.0
  0
LINE
  5
9B5
330
20C
100
AcDbEntity
  8
2
  6
Continuous
390
DFF
 62
   155
420
  5075865
100
AcDbLine
 10
121.9342004927
 20
272.1933225361
 30
0.0
 11
121.7353173898
 21
272.1933225361
 31
0.0
  0
LINE
  5
9B6
330
20C
100
AcDbEntity
  8
2
  6
Continuous
390
DFF
 62
   155
420
  5075865
100
AcDbLine
 10
106.005116754
 20
272.1933225361
 30
0.0
 11
105.8784724026
 21
272.1933225361
 31
0.0
  0
LINE
  5
9B7
330
20C
100
AcDbEntity
  8
2
  6
Continuous
390
DFF
 62
   155
420
  5075865
100
AcDbLine
 10
332.1116244875
 20
272.1981913447
 30
0.0
 11
329.8290019732
 21
272.1981913447
 31
0.0
  0
LINE
  5
9B8
330
20C
100
AcDbEntity
  8
2
  6
Continuous
390
DFF
 62
   155
420
  5075865
100
AcDbLine
 10
341.9290019733
 20
272.1981913447
 30
0.0
 11
344.2116244876
 21
272.1981913447
 31
0.0
  0
LINE
  5
9B9
330
20C
100
AcDbEntity
  8
2
  6
Continuous
390
DFF
 62
   155
420
  5075865
100
AcDbLine
 10
329.0203132304
 20
272.3029536532
 30
0.0
 11
329.1913322882
 21
272.3029536532
 31
0.0
  0
LINE
  5
9BA
330
20C
100
AcDbEntity
  8
2
  6
Continuous
390
DFF
 62
   155
420
  5075865
100
AcDbLine
 10
332.7492941725
 20
272.3029536532
 30
0.0
 11
333.1105107638
 21
272.3029536532
 31
0.0
  0
LINE
  5
9BB
330
20C
100
AcDbEntity
  8
2
  6
Continuous
390
DFF
 62
   155
420
  5075865
100
AcDbLine
 10
340.930115697
 20
272.3029536532
 30
0.0
 11
341.2913322883
 21
272.3029536532
 31
0.0
  0
LINE
  5
9BC
330
20C
100
AcDbEntity
  8
2
  6
Continuous
390
DFF
 62
   155
420
  5075865
100
AcDbLine
 10
344.8492941726
 20
272.3029536532
 30
0.0
 11
345.0203132304
 21
272.3029536532
 31
0.0
  0
LINE
  5
9BD
330
20C
100
AcDbEntity
  8
2
  6
Continuous
390
DFF
 62
   155
420
  5075865
100
AcDbLine
 10
345.0203132304
 20
272.3727951922
 30
0.0
 11
341.0748506057
 21
272.3727951922
 31
0.0
  0
LINE
  5
9BE
330
20C
100
AcDbEntity
  8
2
  6
Continuous
390
DFF
 62
   155
420
  5075865
100
AcDbLine
 10
332.9657758551
 20
272.3727951922
 30
0.0
 11
329.0203132304
 21
272.3727951922
 31
0.0
  0
LINE
  5
9BF
330
20C
100
AcDbEntity
  8
2
  6
Continuous
390
DFF
 62
   155
420
  5075865
100
AcDbLine
 10
121.7353173898
 20
272.3933225361
 30
0.0
 11
117.8217156522
 21
272.3933225361
 31
0.0
  0
LINE
  5
9C0
330
20C
100
AcDbEntity
  8
2
  6
Continuous
390
DFF
 62
   155
420
  5075865
100
AcDbLine
 10
109.9909572431
 20
272.3933225361
 30
0.0
 11
106.005116754
 21
272.3933225361
 31
0.0
  0
LINE
  5
9C1
330
20C
100
AcDbEntity
  8
2
  6
Continuous
390
DFF
 62
   155
420
  5075865
100
AcDbLine
 10
105.8784724026
 20
272.4553614325
 30
0.0
 11
106.005116754
 21
272.4553614325
 31
0.0
  0
LINE
  5
9C2
330
20C
100
AcDbEntity
  8
2
  6
Continuous
390
DFF
 62
   155
420
  5075865
100
AcDbLine
 10
121.7353173898
 20
272.4553614325
 30
0.0
 11
121.9342004927
 21
272.4553614325
 31
0.0
  0
LINE
  5
9C3
330
20C
100
AcDbEntity
  8
2
  6
Continuous
390
DFF
 62
   155
420
  5075865
100
AcDbLine
 10
109.9099526499
 20
272.4981380946
 30
0.0
 11
110.908603955
 21
272.4981380946
 31
0.0
  0
LINE
  5
9C4
330
20C
100
AcDbEntity
  8
2
  6
Continuous
390
DFF
 62
   155
420
  5075865
100
AcDbLine
 10
116.9040689403
 20
272.4981380946
 30
0.0
 11
117.9027202454
 21
272.4981380946
 31
0.0
  0
LINE
  5
9C5
330
20C
100
AcDbEntity
  8
2
  6
Continuous
390
DFF
 62
   155
420
  5075865
100
AcDbLine
 10
106.005116754
 20
272.6553614325
 30
0.0
 11
110.9016410337
 21
272.6553614325
 31
0.0
  0
LINE
  5
9C6
330
20C
100
AcDbEntity
  8
2
  6
Continuous
390
DFF
 62
   155
420
  5075865
100
AcDbLine
 10
116.9110318616
 20
272.6553614325
 30
0.0
 11
121.7353173898
 21
272.6553614325
 31
0.0
  0
LINE
  5
9C7
330
20C
100
AcDbEntity
  8
2
  6
Continuous
390
DFF
 62
   155
420
  5075865
100
AcDbLine
 10
50.8955731599
 20
273.5770335024
 30
0.0
 11
50.9000105404
 21
273.5770335024
 31
0.0
  0
LINE
  5
9C8
330
20C
100
AcDbEntity
  8
2
  6
Continuous
390
DFF
 62
   155
420
  5075865
100
AcDbLine
 10
176.9126623549
 20
273.5770335024
 30
0.0
 11
176.9170997354
 21
273.5770335024
 31
0.0
  0
LINE
  5
9C9
330
20C
100
AcDbEntity
  8
2
  6
Continuous
390
DFF
 62
   155
420
  5075865
100
AcDbLine
 10
378.6976636852
 20
274.9029536532
 30
0.0
 11
367.8895510452
 21
274.9029536532
 31
0.0
  0
LINE
  5
9CA
330
20C
100
AcDbEntity
  8
2
  6
Continuous
390
DFF
 62
   155
420
  5075865
100
AcDbLine
 10
366.1510754156
 20
274.9029536532
 30
0.0
 11
349.0203132304
 21
274.9029536532
 31
0.0
  0
LINE
  5
9CB
330
20C
100
AcDbEntity
  8
2
  6
Continuous
390
DFF
 62
   155
420
  5075865
100
AcDbLine
 10
150.1049110208
 20
274.9029536532
 30
0.0
 11
144.7098072753
 21
274.9029536532
 31
0.0
  0
LINE
  5
9CC
330
20C
100
AcDbEntity
  8
2
  6
Continuous
390
DFF
 62
   155
420
  5075865
100
AcDbLine
 10
142.8525225334
 20
274.9029536532
 30
0.0
 11
125.9063364476
 21
274.9029536532
 31
0.0
  0
LINE
  5
9CD
330
20C
100
AcDbEntity
  8
2
  6
Continuous
390
DFF
 62
   155
420
  5075865
100
AcDbLine
 10
77.70776187449999
 20
274.9029536532
 30
0.0
 11
83.10286562
 21
274.9029536532
 31
0.0
  0
LINE
  5
9CE
330
20C
100
AcDbEntity
  8
2
  6
Continuous
390
DFF
 62
   155
420
  5075865
100
AcDbLine
 10
84.9601503618
 20
274.9029536532
 30
0.0
 11
101.9063364476
 21
274.9029536532
 31
0.0
  0
LINE
  5
9CF
330
20C
100
AcDbEntity
  8
2
  6
Continuous
390
DFF
 62
   155
420
  5075865
100
AcDbLine
 10
295.3429627756
 20
274.9029536532
 30
0.0
 11
306.1510754156
 21
274.9029536532
 31
0.0
  0
LINE
  5
9D0
330
20C
100
AcDbEntity
  8
2
  6
Continuous
390
DFF
 62
   155
420
  5075865
100
AcDbLine
 10
307.8895510452
 20
274.9029536532
 30
0.0
 11
325.0203132304
 21
274.9029536532
 31
0.0
  0
LINE
  5
9D1
330
20C
100
AcDbEntity
  8
2
  6
Continuous
390
DFF
 62
   155
420
  5075865
100
AcDbLine
 10
371.4051188075
 20
275.102329436
 30
0.0
 11
370.9985023153
 21
275.102329436
 31
0.0
  0
LINE
  5
9D2
330
20C
100
AcDbEntity
  8
2
  6
Continuous
390
DFF
 62
   155
420
  5075865
100
AcDbLine
 10
302.6355076533
 20
275.102329436
 30
0.0
 11
303.0421241455
 21
275.102329436
 31
0.0
  0
LINE
  5
9D3
330
20C
100
AcDbEntity
  8
2
  6
Continuous
390
DFF
 62
   155
420
  5075865
100
AcDbLine
 10
394.3302660389
 20
275.1029536532
 30
0.0
 11
385.4026201355001
 21
275.1029536534
 31
0.0
  0
LINE
  5
9D4
330
20C
100
AcDbEntity
  8
2
  6
Continuous
390
DFF
 62
   155
420
  5075865
100
AcDbLine
 10
171.2162892561
 20
275.1029536532
 30
0.0
 11
169.909387114
 21
275.1029536532
 31
0.0
  0
LINE
  5
9D5
330
20C
100
AcDbEntity
  8
2
  6
Continuous
390
DFF
 62
   155
420
  5075865
100
AcDbLine
 10
56.5963836392
 20
275.1029536532
 30
0.0
 11
57.9032857813
 21
275.1029536532
 31
0.0
  0
LINE
  5
9D6
330
20C
100
AcDbEntity
  8
2
  6
Continuous
390
DFF
 62
   155
420
  5075865
100
AcDbLine
 10
279.7103604219
 20
275.1029536532
 30
0.0
 11
288.6380063253
 21
275.1029536534
 31
0.0
  0
LINE
  5
9D7
330
20C
100
AcDbEntity
  8
screw
  6
CENTER
390
DFF
 62
     1
100
AcDbLine
 10
67.25633644760001
 20
276.0029536532
 30
0.0
 11
70.5563364476
 21
276.0029536532
 31
0.0
  0
LINE
  5
9D8
330
20C
100
AcDbEntity
  8
screw
  6
CENTER
390
DFF
 62
     1
100
AcDbLine
 10
157.2563364476
 20
276.0029536532
 30
0.0
 11
160.5563364476
 21
276.0029536532
 31
0.0
  0
LINE
  5
9D9
330
20C
100
AcDbEntity
  8
2
  6
Continuous
390
DFF
 62
   155
420
  5075865
100
AcDbLine
 10
101.4063364477
 20
276.1933225357
 30
0.0
 11
77.1294022836
 21
276.1933225361
 31
0.0
  0
LINE
  5
9DA
330
20C
100
AcDbEntity
  8
2
  6
Continuous
390
DFF
 62
   155
420
  5075865
100
AcDbLine
 10
126.4063364476
 20
276.1933225357
 30
0.0
 11
150.6832706117
 21
276.1933225361
 31
0.0
  0
LINE
  5
9DB
330
20C
100
AcDbEntity
  8
2
  6
Continuous
390
DFF
 62
   155
420
  5075865
100
AcDbLine
 10
129.4147036902
 20
276.2195264254
 30
0.0
 11
128.397969205
 21
276.2195264254
 31
0.0
  0
LINE
  5
9DC
330
20C
100
AcDbEntity
  8
2
  6
Continuous
390
DFF
 62
   155
420
  5075865
100
AcDbLine
 10
98.3979692051
 20
276.2195264254
 30
0.0
 11
99.4147036903
 21
276.2195264254
 31
0.0
  0
LINE
  5
9DD
330
20C
100
AcDbEntity
  8
2
  6
Continuous
390
DFF
 62
   155
420
  5075865
100
AcDbLine
 10
138.3093215223
 20
276.2467732561
 30
0.0
 11
139.503351373
 21
276.2467732561
 31
0.0
  0
LINE
  5
9DE
330
20C
100
AcDbEntity
  8
2
  6
Continuous
390
DFF
 62
   155
420
  5075865
100
AcDbLine
 10
378.5331940756
 20
276.3029536532
 30
0.0
 11
349.0203132304
 21
276.3029536532
 31
0.0
  0
LINE
  5
9DF
330
20C
100
AcDbEntity
  8
2
  6
Continuous
390
DFF
 62
   155
420
  5075865
100
AcDbLine
 10
295.5074323852
 20
276.3029536532
 30
0.0
 11
325.0203132304
 21
276.3029536532
 31
0.0
  0
LINE
  5
9E0
330
20C
100
AcDbEntity
  8
2
  6
Continuous
390
DFF
 62
   155
420
  5075865
100
AcDbLine
 10
325.0203132304
 20
276.3727951922
 30
0.0
 11
295.5007179821
 21
276.3727951922
 31
0.0
  0
LINE
  5
9E1
330
20C
100
AcDbEntity
  8
2
  6
Continuous
390
DFF
 62
   155
420
  5075865
100
AcDbLine
 10
349.0203132304
 20
276.3727951922
 30
0.0
 11
378.5399084786
 21
276.3727951922
 31
0.0
  0
LINE
  5
9E2
330
20C
100
AcDbEntity
  8
2
  6
Continuous
390
DFF
 62
   155
420
  5075865
100
AcDbLine
 10
60.2700491397
 20
276.3933225361
 30
0.0
 11
56.4497873673
 21
276.3933225361
 31
0.0
  0
LINE
  5
9E3
330
20C
100
AcDbEntity
  8
2
  6
Continuous
390
DFF
 62
   155
420
  5075865
100
AcDbLine
 10
167.5426237556
 20
276.3933225361
 30
0.0
 11
171.362885528
 21
276.3933225361
 31
0.0
  0
LINE
  5
9E4
330
20C
100
AcDbEntity
  8
2
  6
Continuous
390
DFF
 62
   155
420
  5075865
100
AcDbLine
 10
150.6832706117
 20
276.4553614326
 30
0.0
 11
139.503351373
 21
276.4553614323
 31
0.0
  0
LINE
  5
9E5
330
20C
100
AcDbEntity
  8
2
  6
Continuous
390
DFF
 62
   155
420
  5075865
100
AcDbLine
 10
138.3093215223
 20
276.4553614323
 30
0.0
 11
129.650538697
 21
276.4553614322
 31
0.0
  0
LINE
  5
9E6
330
20C
100
AcDbEntity
  8
2
  6
Continuous
390
DFF
 62
   155
420
  5075865
100
AcDbLine
 10
128.1621341982
 20
276.4553614321
 30
0.0
 11
126.4063364476
 21
276.4553614321
 31
0.0
  0
LINE
  5
9E7
330
20C
100
AcDbEntity
  8
2
  6
Continuous
390
DFF
 62
   155
420
  5075865
100
AcDbLine
 10
77.1294022836
 20
276.4553614326
 30
0.0
 11
98.1621341983
 21
276.4553614322
 31
0.0
  0
LINE
  5
9E8
330
20C
100
AcDbEntity
  8
2
  6
Continuous
390
DFF
 62
   155
420
  5075865
100
AcDbLine
 10
99.65053869709999
 20
276.4553614321
 30
0.0
 11
101.4063364477
 21
276.4553614321
 31
0.0
  0
LINE
  5
9E9
330
20C
100
AcDbEntity
  8
2
  6
Continuous
390
DFF
 62
   155
420
  5075865
100
AcDbLine
 10
394.3302660389
 20
276.5029536532
 30
0.0
 11
385.4844148455001
 21
276.5029536534
 31
0.0
  0
LINE
  5
9EA
330
20C
100
AcDbEntity
  8
2
  6
Continuous
390
DFF
 62
   155
420
  5075865
100
AcDbLine
 10
218.3181075919
 20
276.5029536532
 30
0.0
 11
221.8180642928
 21
276.5029536532
 31
0.0
  0
LINE
  5
9EB
330
20C
100
AcDbEntity
  8
2
  6
Continuous
390
DFF
 62
   155
420
  5075865
100
AcDbLine
 10
279.7103604219
 20
276.5029536532
 30
0.0
 11
288.5562116153
 21
276.5029536534
 31
0.0
  0
LINE
  5
9EC
330
20C
100
AcDbEntity
  8
2
  6
Continuous
390
DFF
 62
   155
420
  5075865
100
AcDbLine
 10
288.5670132694
 20
276.5727951924
 30
0.0
 11
279.7103604219
 21
276.5727951922
 31
0.0
  0
LINE
  5
9ED
330
20C
100
AcDbEntity
  8
2
  6
Continuous
390
DFF
 62
   155
420
  5075865
100
AcDbLine
 10
385.4736131913
 20
276.5727951924
 30
0.0
 11
394.3302660389
 21
276.5727951922
 31
0.0
  0
LINE
  5
9EE
330
20C
100
AcDbEntity
  8
2
  6
Continuous
390
DFF
 62
   155
420
  5075865
100
AcDbLine
 10
60.2700491397
 20
276.6553614326
 30
0.0
 11
56.4497873673
 21
276.6553614325
 31
0.0
  0
LINE
  5
9EF
330
20C
100
AcDbEntity
  8
2
  6
Continuous
390
DFF
 62
   155
420
  5075865
100
AcDbLine
 10
167.5426237556
 20
276.6553614326
 30
0.0
 11
171.362885528
 21
276.6553614325
 31
0.0
  0
LINE
  5
9F0
330
20C
100
AcDbEntity
  8
2
  6
Continuous
390
DFF
 62
   155
420
  5075865
100
AcDbLine
 10
76.6087126189
 20
276.9224667037
 30
0.0
 11
76.83837269590001
 21
276.9224667045
 31
0.0
  0
LINE
  5
9F1
330
20C
100
AcDbEntity
  8
2
  6
Continuous
390
DFF
 62
   155
420
  5075865
100
AcDbLine
 10
77.9958072885
 20
276.9224667089
 30
0.0
 11
79.1649858622
 21
276.9224667134
 31
0.0
  0
LINE
  5
9F2
330
20C
100
AcDbEntity
  8
2
  6
Continuous
390
DFF
 62
   155
420
  5075865
100
AcDbLine
 10
79.6129969973
 20
276.9224667151
 30
0.0
 11
79.89006796140001
 21
276.9224667161
 31
0.0
  0
LINE
  5
9F3
330
20C
100
AcDbEntity
  8
2
  6
Continuous
390
DFF
 62
   155
420
  5075865
100
AcDbLine
 10
85.1987824304
 20
276.9224667363
 30
0.0
 11
85.4214831111
 21
276.9224667372
 31
0.0
  0
LINE
  5
9F4
330
20C
100
AcDbEntity
  8
2
  6
Continuous
390
DFF
 62
   155
420
  5075865
100
AcDbLine
 10
85.8716690575
 20
276.9224667389
 30
0.0
 11
86.1222073233
 21
276.9224667398
 31
0.0
  0
LINE
  5
9F5
330
20C
100
AcDbEntity
  8
2
  6
Continuous
390
DFF
 62
   155
420
  5075865
100
AcDbLine
 10
87.07520965030001
 20
276.9224667434
 30
0.0
 11
87.34097159549999
 21
276.9224667445
 31
0.0
  0
LINE
  5
9F6
330
20C
100
AcDbEntity
  8
2
  6
Continuous
390
DFF
 62
   155
420
  5075865
100
AcDbLine
 10
89.84635425350001
 20
276.922466754
 30
0.0
 11
90.0690549343
 21
276.9224667548
 31
0.0
  0
LINE
  5
9F7
330
20C
100
AcDbEntity
  8
2
  6
Continuous
390
DFF
 62
   155
420
  5075865
100
AcDbLine
 10
91.84152617239999
 20
276.9224667616
 30
0.0
 11
92.7766950465
 21
276.9224667651
 31
0.0
  0
LINE
  5
9F8
330
20C
100
AcDbEntity
  8
2
  6
Continuous
390
DFF
 62
   155
420
  5075865
100
AcDbLine
 10
94.56960951110001
 20
276.9224667719
 30
0.0
 11
94.80274928629998
 21
276.9224667728
 31
0.0
  0
LINE
  5
9F9
330
20C
100
AcDbEntity
  8
2
  6
Continuous
390
DFF
 62
   155
420
  5075865
100
AcDbLine
 10
95.88885006700001
 20
276.9224667769
 30
0.0
 11
96.1332988611
 21
276.9224667779
 31
0.0
  0
LINE
  5
9FA
330
20C
100
AcDbEntity
  8
2
  6
Continuous
390
DFF
 62
   155
420
  5075865
100
AcDbLine
 10
92.7766950453
 20
277.2285121052
 30
0.0
 11
92.42394064680001
 21
277.2285121038
 31
0.0
  0
LINE
  5
9FB
330
20C
100
AcDbEntity
  8
2
  6
Continuous
390
DFF
 62
   155
420
  5075865
100
AcDbLine
 10
92.201239966
 20
277.228512103
 30
0.0
 11
91.8415261712
 21
277.2285121016
 31
0.0
  0
LINE
  5
9FC
330
20C
100
AcDbEntity
  8
2
  6
Continuous
390
DFF
 62
   155
420
  5075865
100
AcDbLine
 10
79.1649858609
 20
277.2670510963
 30
0.0
 11
78.2359064586
 21
277.2670510927
 31
0.0
  0
LINE
  5
9FD
330
20C
100
AcDbEntity
  8
2
  6
Continuous
390
DFF
 62
   155
420
  5075865
100
AcDbLine
 10
80.4168072647
 20
277.4605019826
 30
0.0
 11
80.40071366079999
 21
277.4605019826
 31
0.0
  0
LINE
  5
9FE
330
20C
100
AcDbEntity
  8
2
  6
Continuous
390
DFF
 62
   155
420
  5075865
100
AcDbLine
 10
79.8900679592
 20
277.4967740209
 30
0.0
 11
79.6129969951
 21
277.4967740199
 31
0.0
  0
LINE
  5
9FF
330
20C
100
AcDbEntity
  8
2
  6
Continuous
390
DFF
 62
   155
420
  5075865
100
AcDbLine
 10
94.97194960500001
 20
277.7589907029
 30
0.0
 11
95.719649742
 21
277.7589907058
 31
0.0
  0
LINE
  5
A00
330
20C
100
AcDbEntity
  8
2
  6
Continuous
390
DFF
 62
   155
420
  5075865
100
AcDbLine
 10
84.3719191576
 20
277.7665473377
 30
0.0
 11
85.1987824272
 21
277.7665473408
 31
0.0
  0
LINE
  5
A01
330
20C
100
AcDbEntity
  8
2
  6
Continuous
390
DFF
 62
   155
420
  5075865
100
AcDbLine
 10
85.4214831079
 20
277.7665473417
 30
0.0
 11
85.6776758832
 21
277.7665473427
 31
0.0
  0
LINE
  5
A02
330
20C
100
AcDbEntity
  8
2
  6
Continuous
390
DFF
 62
   155
420
  5075865
100
AcDbLine
 10
89.0194909807
 20
277.7665473554
 30
0.0
 11
89.84635425030001
 21
277.7665473585
 31
0.0
  0
LINE
  5
A03
330
20C
100
AcDbEntity
  8
2
  6
Continuous
390
DFF
 62
   155
420
  5075865
100
AcDbLine
 10
90.06905493100001
 20
277.7665473594
 30
0.0
 11
90.32524770629999
 21
277.7665473603
 31
0.0
  0
LINE
  5
A04
330
20C
100
AcDbEntity
  8
2
  6
Continuous
390
DFF
 62
   155
420
  5075865
100
AcDbLine
 10
81.87132108340001
 20
278.0529453131
 30
0.0
 11
82.5950982957
 21
278.0529453158
 31
0.0
  0
LINE
  5
A05
330
20C
100
AcDbEntity
  8
2
  6
Continuous
390
DFF
 62
   155
420
  5075865
100
AcDbLine
 10
90.6179773109
 20
278.0529453463
 30
0.0
 11
91.3417545233
 21
278.0529453491
 31
0.0
  0
LINE
  5
A06
330
20C
100
AcDbEntity
  8
2
  6
Continuous
390
DFF
 62
   155
420
  5075865
100
AcDbLine
 10
90.3252477051
 20
278.0892173855
 30
0.0
 11
90.06905492979999
 21
278.0892173845
 31
0.0
  0
LINE
  5
A07
330
20C
100
AcDbEntity
  8
2
  6
Continuous
390
DFF
 62
   155
420
  5075865
100
AcDbLine
 10
89.8463542491
 20
278.0892173837
 30
0.0
 11
89.1773822824
 21
278.0892173812
 31
0.0
  0
LINE
  5
A08
330
20C
100
AcDbEntity
  8
2
  6
Continuous
390
DFF
 62
   155
420
  5075865
100
AcDbLine
 10
85.6776758819
 20
278.0892173679
 30
0.0
 11
85.42148310669999
 21
278.0892173669
 31
0.0
  0
LINE
  5
A09
330
20C
100
AcDbEntity
  8
2
  6
Continuous
390
DFF
 62
   155
420
  5075865
100
AcDbLine
 10
85.19878242600001
 20
278.089217366
 30
0.0
 11
84.52981045930001
 21
278.0892173635
 31
0.0
  0
LINE
  5
A0A
330
20C
100
AcDbEntity
  8
2
  6
Continuous
390
DFF
 62
   155
420
  5075865
100
AcDbLine
 10
95.6478809666
 20
278.1013080858
 30
0.0
 11
95.0424134909
 21
278.1013080835
 31
0.0
  0
LINE
  5
A0B
330
20C
100
AcDbEntity
  8
2
  6
Continuous
390
DFF
 62
   155
420
  5075865
100
AcDbLine
 10
91.3417545219
 20
278.4179327546
 30
0.0
 11
90.61797730959999
 21
278.4179327519
 31
0.0
  0
LINE
  5
A0C
330
20C
100
AcDbEntity
  8
2
  6
Continuous
390
DFF
 62
   155
420
  5075865
100
AcDbLine
 10
82.5950982943
 20
278.4179327214
 30
0.0
 11
81.87132108199999
 21
278.4179327186
 31
0.0
  0
LINE
  5
A0D
330
20C
100
AcDbEntity
  8
2
  6
Continuous
390
DFF
 62
   155
420
  5075865
100
AcDbLine
 10
91.84152616360001
 20
279.2393433359
 30
0.0
 11
92.2012399584
 21
279.2393433372
 31
0.0
  0
LINE
  5
A0E
330
20C
100
AcDbEntity
  8
2
  6
Continuous
390
DFF
 62
   155
420
  5075865
100
AcDbLine
 10
78.0388685436
 20
279.374607767
 30
0.0
 11
78.0506125248
 21
279.3746077671
 31
0.0
  0
LINE
  5
A0F
330
20C
100
AcDbEntity
  8
2
  6
Continuous
390
DFF
 62
   155
420
  5075865
100
AcDbLine
 10
221.8181154044
 20
279.5029536532
 30
0.0
 11
218.3181075919
 21
279.5029536532
 31
0.0
  0
LINE
  5
A10
330
20C
100
AcDbEntity
  8
2
  6
Continuous
390
DFF
 62
   155
420
  5075865
100
AcDbLine
 10
83.97392867649999
 20
279.5476556485
 30
0.0
 11
83.98567265770001
 21
279.5476556486
 31
0.0
  0
LINE
  5
A11
330
20C
100
AcDbEntity
  8
2
  6
Continuous
390
DFF
 62
   155
420
  5075865
100
AcDbLine
 10
88.62150049959999
 20
279.5476556662
 30
0.0
 11
88.6332444808
 21
279.5476556662
 31
0.0
  0
LINE
  5
A12
330
20C
100
AcDbEntity
  8
2
  6
Continuous
390
DFF
 62
   155
420
  5075865
100
AcDbLine
 10
94.2307738952
 20
279.5476556875
 30
0.0
 11
94.2425178764
 21
279.5476556876
 31
0.0
  0
LINE
  5
A13
330
20C
100
AcDbEntity
  8
2
  6
Continuous
390
DFF
 62
   155
420
  5075865
100
AcDbLine
 10
80.699097768
 20
279.5695699938
 30
0.0
 11
81.51378209409999
 21
279.5695699969
 31
0.0
  0
LINE
  5
A14
330
20C
100
AcDbEntity
  8
2
  6
Continuous
390
DFF
 62
   155
420
  5075865
100
AcDbLine
 10
95.50477837379999
 20
279.9224667755
 30
0.0
 11
95.1981299756
 21
279.9224667743
 31
0.0
  0
LINE
  5
A15
330
20C
100
AcDbEntity
  8
2
  6
Continuous
390
DFF
 62
   155
420
  5075865
100
AcDbLine
 10
90.06905492290001
 20
279.9224667548
 30
0.0
 11
89.85548844969999
 21
279.922466754
 31
0.0
  0
LINE
  5
A16
330
20C
100
AcDbEntity
  8
2
  6
Continuous
390
DFF
 62
   155
420
  5075865
100
AcDbLine
 10
87.3422764709
 20
279.9224667445
 30
0.0
 11
87.09086828049999
 21
279.9224667435
 31
0.0
  0
LINE
  5
A17
330
20C
100
AcDbEntity
  8
2
  6
Continuous
390
DFF
 62
   155
420
  5075865
100
AcDbLine
 10
86.150044897
 20
279.9224667399
 30
0.0
 11
85.8855878386
 21
279.9224667389
 31
0.0
  0
LINE
  5
A18
330
20C
100
AcDbEntity
  8
2
  6
Continuous
390
DFF
 62
   155
420
  5075865
100
AcDbLine
 10
85.4214830997
 20
279.9224667372
 30
0.0
 11
85.2079166266
 21
279.9224667363
 31
0.0
  0
LINE
  5
A19
330
20C
100
AcDbEntity
  8
2
  6
Continuous
390
DFF
 62
   155
420
  5075865
100
AcDbLine
 10
81.5137820928
 20
279.9224667223
 30
0.0
 11
80.4750921991
 21
279.9224667184
 31
0.0
  0
LINE
  5
A1A
330
20C
100
AcDbEntity
  8
2
  6
Continuous
390
DFF
 62
   155
420
  5075865
100
AcDbLine
 10
92.42394063649999
 20
279.9330461089
 30
0.0
 11
92.2443012202
 21
279.9330461082
 31
0.0
  0
LINE
  5
A1B
330
20C
100
AcDbEntity
  8
2
  6
Continuous
390
DFF
 62
   155
420
  5075865
100
AcDbLine
 10
160.6697714925
 20
280.9788758604
 30
0.0
 11
157.142927086
 21
280.9788758604
 31
0.0
  0
LINE
  5
A1C
330
20C
100
AcDbEntity
  8
2
  6
Continuous
390
DFF
 62
   155
420
  5075865
100
AcDbLine
 10
67.14290140279999
 20
280.9788758604
 30
0.0
 11
70.66974580919999
 21
280.9788758604
 31
0.0
  0
LINE
  5
A1D
330
20C
100
AcDbEntity
  8
2
  6
Continuous
390
DFF
 62
   155
420
  5075865
100
AcDbLine
 10
70.66974580919999
 20
281.2409147568
 30
0.0
 11
67.14292597239999
 21
281.2409147568
 31
0.0
  0
LINE
  5
A1E
330
20C
100
AcDbEntity
  8
2
  6
Continuous
390
DFF
 62
   155
420
  5075865
100
AcDbLine
 10
157.142927086
 20
281.2409147568
 30
0.0
 11
160.6697469229
 21
281.2409147568
 31
0.0
  0
LINE
  5
A1F
330
20C
100
AcDbEntity
  8
2
  6
Continuous
390
DFF
 62
   155
420
  5075865
100
AcDbLine
 10
191.3568163413
 20
281.2505458651
 30
0.0
 11
177.150538697
 21
281.2505459191
 31
0.0
  0
LINE
  5
A20
330
20C
100
AcDbEntity
  8
2
  6
Continuous
390
DFF
 62
   155
420
  5075865
100
AcDbLine
 10
175.6621341982
 20
281.2505459247
 30
0.0
 11
164.1606558176
 21
281.2505459684
 31
0.0
  0
LINE
  5
A21
330
20C
100
AcDbEntity
  8
2
  6
Continuous
390
DFF
 62
   155
420
  5075865
100
AcDbLine
 10
36.455856554
 20
281.2505458651
 30
0.0
 11
50.6621341983
 21
281.2505459191
 31
0.0
  0
LINE
  5
A22
330
20C
100
AcDbEntity
  8
2
  6
Continuous
390
DFF
 62
   155
420
  5075865
100
AcDbLine
 10
52.1505386971
 20
281.2505459247
 30
0.0
 11
63.6520170777
 21
281.2505459684
 31
0.0
  0
LINE
  5
A23
330
20C
100
AcDbEntity
  8
2
  6
Continuous
390
DFF
 62
   155
420
  5075865
100
AcDbLine
 10
74.1606558176
 20
281.2505456664
 30
0.0
 11
98.1621341983
 21
281.2505457576
 31
0.0
  0
LINE
  5
A24
330
20C
100
AcDbEntity
  8
2
  6
Continuous
390
DFF
 62
   155
420
  5075865
100
AcDbLine
 10
99.65053869709999
 20
281.2505457633
 30
0.0
 11
128.1621341982
 21
281.2505458716
 31
0.0
  0
LINE
  5
A25
330
20C
100
AcDbEntity
  8
2
  6
Continuous
390
DFF
 62
   155
420
  5075865
100
AcDbLine
 10
129.650538697
 20
281.2505458772
 30
0.0
 11
153.6520170777
 21
281.2505459684
 31
0.0
  0
LINE
  5
A26
330
20C
100
AcDbEntity
  8
2
  6
Continuous
390
DFF
 62
   155
420
  5075865
100
AcDbLine
 10
233.8181083848
 20
281.3759536532
 30
0.0
 11
234.3181075919
 21
281.3759536532
 31
0.0
  0
LINE
  5
A27
330
20C
100
AcDbEntity
  8
2
  6
Continuous
390
DFF
 62
   155
420
  5075865
100
AcDbLine
 10
260.4872707108
 20
281.3883498058
 30
0.0
 11
413.548763771
 21
281.3883498058
 31
0.0
  0
LINE
  5
A28
330
20C
100
AcDbEntity
  8
2
  6
Continuous
390
DFF
 62
   155
420
  5075865
100
AcDbLine
 10
36.2724293272
 20
281.4339730919
 30
0.0
 11
38.1587442388
 21
281.4339730991
 31
0.0
  0
LINE
  5
A29
330
20C
100
AcDbEntity
  8
2
  6
Continuous
390
DFF
 62
   155
420
  5075865
100
AcDbLine
 10
189.6539286565
 20
281.4339730991
 30
0.0
 11
191.5402435681
 21
281.4339730919
 31
0.0
  0
LINE
  5
A2A
330
20C
100
AcDbEntity
  8
2
  6
Continuous
390
DFF
 62
   155
420
  5075865
100
AcDbLine
 10
128.397969205
 20
281.4863807691
 30
0.0
 11
129.4147036902
 21
281.4863807653
 31
0.0
  0
LINE
  5
A2B
330
20C
100
AcDbEntity
  8
2
  6
Continuous
390
DFF
 62
   155
420
  5075865
100
AcDbLine
 10
175.897969205
 20
281.4863809306
 30
0.0
 11
176.9147036902
 21
281.4863809267
 31
0.0
  0
LINE
  5
A2C
330
20C
100
AcDbEntity
  8
2
  6
Continuous
390
DFF
 62
   155
420
  5075865
100
AcDbLine
 10
99.4147036903
 20
281.4863807691
 30
0.0
 11
98.3979692051
 21
281.4863807653
 31
0.0
  0
LINE
  5
A2D
330
20C
100
AcDbEntity
  8
2
  6
Continuous
390
DFF
 62
   155
420
  5075865
100
AcDbLine
 10
51.91470369029999
 20
281.4863809306
 30
0.0
 11
50.8979692051
 21
281.4863809267
 31
0.0
  0
LINE
  5
A2E
330
20C
100
AcDbEntity
  8
2
  6
Continuous
390
DFF
 62
   155
420
  5075865
100
AcDbLine
 10
189.6539286565
 20
281.512584768
 30
0.0
 11
164.1606558186
 21
281.5125848648
 31
0.0
  0
LINE
  5
A2F
330
20C
100
AcDbEntity
  8
2
  6
Continuous
390
DFF
 62
   155
420
  5075865
100
AcDbLine
 10
153.6520170767
 20
281.5125848648
 30
0.0
 11
74.16065581859999
 21
281.5125845628
 31
0.0
  0
LINE
  5
A30
330
20C
100
AcDbEntity
  8
2
  6
Continuous
390
DFF
 62
   155
420
  5075865
100
AcDbLine
 10
38.1587442388
 20
281.512584768
 30
0.0
 11
63.6520170767
 21
281.5125848648
 31
0.0
  0
LINE
  5
A31
330
20C
100
AcDbEntity
  8
2
  6
Continuous
390
DFF
 62
   155
420
  5075865
100
AcDbLine
 10
415.5803132304
 20
281.5629536532
 30
0.0
 11
415.5001082183
 21
281.5629536532
 31
0.0
  0
LINE
  5
A32
330
20C
100
AcDbEntity
  8
2
  6
Continuous
390
DFF
 62
   155
420
  5075865
100
AcDbLine
 10
413.5129182425
 20
281.5629536532
 30
0.0
 11
260.5137769358
 21
281.5629536532
 31
0.0
  0
LINE
  5
A33
330
20C
100
AcDbEntity
  8
2
  6
Continuous
390
DFF
 62
   155
420
  5075865
100
AcDbLine
 10
258.4603132304
 20
281.5629536532
 30
0.0
 11
258.5405182425
 21
281.5629536532
 31
0.0
  0
LINE
  5
A34
330
20C
100
AcDbEntity
  8
2
  6
Continuous
390
DFF
 62
   155
420
  5075865
100
AcDbLine
 10
234.3181075919
 20
281.9759536532
 30
0.0
 11
233.8181083848
 21
281.9759536532
 31
0.0
  0
LINE
  5
A35
330
20C
100
AcDbEntity
  8
2
  6
Continuous
390
DFF
 62
   155
420
  5075865
100
AcDbLine
 10
192.7564724853
 20
282.5887225944
 30
0.0
 11
191.6188552326
 21
282.5887225944
 31
0.0
  0
LINE
  5
A36
330
20C
100
AcDbEntity
  8
2
  6
Continuous
390
DFF
 62
   155
420
  5075865
100
AcDbLine
 10
189.6539286565
 20
282.5887225944
 30
0.0
 11
161.9304142405
 21
282.5887225944
 31
0.0
  0
LINE
  5
A37
330
20C
100
AcDbEntity
  8
2
  6
Continuous
390
DFF
 62
   155
420
  5075865
100
AcDbLine
 10
155.8822586548
 20
282.5887225944
 30
0.0
 11
71.9304142405
 21
282.5887225944
 31
0.0
  0
LINE
  5
A38
330
20C
100
AcDbEntity
  8
2
  6
Continuous
390
DFF
 62
   155
420
  5075865
100
AcDbLine
 10
65.8822586548
 20
282.5887225944
 30
0.0
 11
38.1587442388
 21
282.5887225944
 31
0.0
  0
LINE
  5
A39
330
20C
100
AcDbEntity
  8
2
  6
Continuous
390
DFF
 62
   155
420
  5075865
100
AcDbLine
 10
36.1938176627
 20
282.5887225944
 30
0.0
 11
35.0562004099
 21
282.5887225944
 31
0.0
  0
LINE
  5
A3A
330
20C
100
AcDbEntity
  8
2
  6
Continuous
390
DFF
 62
   155
420
  5075865
100
AcDbLine
 10
36.2724293317
 20
282.6280014767
 30
0.0
 11
38.1587442388
 21
282.6280014767
 31
0.0
  0
LINE
  5
A3B
330
20C
100
AcDbEntity
  8
2
  6
Continuous
390
DFF
 62
   155
420
  5075865
100
AcDbLine
 10
189.6539286565
 20
282.6280014767
 30
0.0
 11
191.5402435635
 21
282.6280014767
 31
0.0
  0
LINE
  5
A3C
330
20C
100
AcDbEntity
  8
2
  6
Continuous
390
DFF
 62
   155
420
  5075865
100
AcDbLine
 10
71.668375344
 20
282.7196522022
 30
0.0
 11
66.1442975512
 21
282.7196522022
 31
0.0
  0
LINE
  5
A3D
330
20C
100
AcDbEntity
  8
2
  6
Continuous
390
DFF
 62
   155
420
  5075865
100
AcDbLine
 10
156.1442975512
 20
282.7196522022
 30
0.0
 11
161.668375344
 21
282.7196522022
 31
0.0
  0
LINE
  5
A3E
330
20C
100
AcDbEntity
  8
2
  6
Continuous
390
DFF
 62
   155
420
  5075865
100
AcDbLine
 10
193.8063364476
 20
282.9029536532
 30
0.0
 11
34.0063364476
 21
282.9029536532
 31
0.0
  0
LINE
  5
A3F
330
20C
100
AcDbEntity
  8
2
  6
Continuous
390
DFF
 62
   155
420
  5075865
100
AcDbLine
 10
257.1203132304
 20
282.9029536532
 30
0.0
 11
416.9203132304
 21
282.9029536532
 31
0.0
  0
LINE
  5
A40
330
20C
100
AcDbEntity
  8
2
  6
Continuous
390
DFF
 62
   155
420
  5075865
100
AcDbLine
 10
275.0508407354
 20
274.2168605225
 30
0.0
 11
275.9882953976
 21
273.2794058604
 31
0.0
  0
LINE
  5
A41
330
20C
100
AcDbEntity
  8
2
  6
Continuous
390
DFF
 62
   155
420
  5075865
100
AcDbLine
 10
407.295068903
 20
142.0635306364
 30
0.0
 11
408.2588866266
 21
141.0997129128
 31
0.0
  0
LINE
  5
A42
330
20C
100
AcDbEntity
  8
2
  6
Continuous
390
DFF
 62
   155
420
  5075865
100
AcDbLine
 10
409.1000603133
 20
142.2369150693
 30
0.0
 11
408.0678524609
 21
143.2691229217
 31
0.0
  0
LINE
  5
A43
330
20C
100
AcDbEntity
  8
2
  6
Continuous
390
DFF
 62
   155
420
  5075865
100
AcDbLine
 10
277.2488700349
 20
274.0881053477
 30
0.0
 11
276.235591518
 21
275.1013838646
 31
0.0
  0
LINE
  5
A44
330
20C
100
AcDbEntity
  8
2
  6
Continuous
390
DFF
 62
   155
420
  5075865
100
AcDbLine
 10
281.0172625641
 20
275.1029536532
 30
0.0
 11
283.1034266411
 21
272.8421173304
 31
0.0
  0
LINE
  5
A45
330
20C
100
AcDbEntity
  8
dim
  6
Continuous
390
DFF
 62
    84
420
  2529536
100
AcDbLine
 10
353.7982433376
 20
333.1845525843
 30
0.0
 11
353.7982433376
 21
327.5753850324
 31
0.0
  0
LINE
  5
A46
330
20C
100
AcDbEntity
  8
dim
  6
Continuous
390
DFF
 62
    84
420
  2529536
100
AcDbLine
 10
353.7982433376
 20
0.0
 30
0.0
 11
353.7982433376
 21
5.609167551900001
 31
0.0
  0
LINE
  5
A47
330
20C
100
AcDbEntity
  8
2
  6
Continuous
390
DFF
 62
   155
420
  5075865
100
AcDbLine
 10
364.5203132304
 20
170.5029536532
 30
0.0
 11
364.5203132304
 21
131.1029536532
 31
0.0
  0
LINE
  5
A48
330
20C
100
AcDbEntity
  8
2
  6
Continuous
390
DFF
 62
   155
420
  5075865
100
AcDbLine
 10
364.5203132304
 20
175.5029536532
 30
0.0
 11
364.5203132304
 21
186.5029536532
 31
0.0
  0
LINE
  5
A49
330
20C
100
AcDbEntity
  8
2
  6
Continuous
390
DFF
 62
   155
420
  5075865
100
AcDbLine
 10
364.5203132304
 20
195.5029536532
 30
0.0
 11
364.5203132304
 21
210.5029536532
 31
0.0
  0
LINE
  5
A4A
330
20C
100
AcDbEntity
  8
2
  6
Continuous
390
DFF
 62
   155
420
  5075865
100
AcDbLine
 10
364.5203132304
 20
219.5029536532
 30
0.0
 11
364.5203132304
 21
230.5029536532
 31
0.0
  0
LINE
  5
A4B
330
20C
100
AcDbEntity
  8
2
  6
Continuous
390
DFF
 62
   155
420
  5075865
100
AcDbLine
 10
364.5203132304
 20
235.5029536532
 30
0.0
 11
364.5203132304
 21
274.9029536532
 31
0.0
  0
LINE
  5
A4C
330
20C
100
AcDbEntity
  8
2
  6
Continuous
390
DFF
 62
   155
420
  5075865
100
AcDbLine
 10
365.691358475
 20
218.5029536532
 30
0.0
 11
365.691358475
 21
211.5029536532
 31
0.0
  0
LINE
  5
A4D
330
20C
100
AcDbEntity
  8
2
  6
Continuous
390
DFF
 62
   155
420
  5075865
100
AcDbLine
 10
365.691358475
 20
194.5029536532
 30
0.0
 11
365.691358475
 21
187.5029536532
 31
0.0
  0
LINE
  5
A4E
330
20C
100
AcDbEntity
  8
2
  6
Continuous
390
DFF
 62
   155
420
  5075865
100
AcDbLine
 10
366.02012253
 20
171.7526105667
 30
0.0
 11
366.02012253
 21
131.1029536532
 31
0.0
  0
LINE
  5
A4F
330
20C
100
AcDbEntity
  8
2
  6
Continuous
390
DFF
 62
   155
420
  5075865
100
AcDbLine
 10
366.02012253
 20
174.0031443536
 30
0.0
 11
366.02012253
 21
232.0027629528
 31
0.0
  0
LINE
  5
A50
330
20C
100
AcDbEntity
  8
2
  6
Continuous
390
DFF
 62
   155
420
  5075865
100
AcDbLine
 10
366.02012253
 20
234.2532967397
 30
0.0
 11
366.02012253
 21
274.9029536532
 31
0.0
  0
LINE
  5
A51
330
20C
100
AcDbEntity
  8
2
  6
Continuous
390
DFF
 62
   155
420
  5075865
100
AcDbLine
 10
366.1510754156
 20
274.9029536532
 30
0.0
 11
366.1510754156
 21
234.1223438541
 31
0.0
  0
LINE
  5
A52
330
20C
100
AcDbEntity
  8
2
  6
Continuous
390
DFF
 62
   155
420
  5075865
100
AcDbLine
 10
366.1510754156
 20
232.1337158384
 30
0.0
 11
366.1510754156
 21
173.872191468
 31
0.0
  0
LINE
  5
A53
330
20C
100
AcDbEntity
  8
2
  6
Continuous
390
DFF
 62
   155
420
  5075865
100
AcDbLine
 10
366.1510754156
 20
131.1029536532
 30
0.0
 11
366.1510754156
 21
171.8835634523
 31
0.0
  0
LINE
  5
A54
330
20C
100
AcDbEntity
  8
2
  6
Continuous
390
DFF
 62
   155
420
  5075865
100
AcDbLine
 10
366.4203132304
 20
232.5029536532
 30
0.0
 11
366.4203132304
 21
230.0029536532
 31
0.0
  0
LINE
  5
A55
330
20C
100
AcDbEntity
  8
2
  6
Continuous
390
DFF
 62
   155
420
  5075865
100
AcDbLine
 10
367.4203132304
 20
232.5029536532
 30
0.0
 11
367.4203132304
 21
230.0029536532
 31
0.0
  0
LINE
  5
A56
330
20C
100
AcDbEntity
  8
2
  6
Continuous
390
DFF
 62
   155
420
  5075865
100
AcDbLine
 10
367.8895510452
 20
172.1337158384
 30
0.0
 11
367.8895510452
 21
131.1029536532
 31
0.0
  0
LINE
  5
A57
330
20C
100
AcDbEntity
  8
2
  6
Continuous
390
DFF
 62
   155
420
  5075865
100
AcDbLine
 10
367.8895510452
 20
173.872191468
 30
0.0
 11
367.8895510452
 21
232.1337158384
 31
0.0
  0
LINE
  5
A58
330
20C
100
AcDbEntity
  8
2
  6
Continuous
390
DFF
 62
   155
420
  5075865
100
AcDbLine
 10
367.8895510452
 20
233.872191468
 30
0.0
 11
367.8895510452
 21
274.9029536532
 31
0.0
  0
LINE
  5
A59
330
20C
100
AcDbEntity
  8
2
  6
Continuous
390
DFF
 62
   155
420
  5075865
100
AcDbLine
 10
368.0205039308
 20
274.9029536532
 30
0.0
 11
368.0205039308
 21
234.0031443536
 31
0.0
  0
LINE
  5
A5A
330
20C
100
AcDbEntity
  8
2
  6
Continuous
390
DFF
 62
   155
420
  5075865
100
AcDbLine
 10
368.0205039308
 20
232.0027629528
 30
0.0
 11
368.0205039308
 21
174.0031443536
 31
0.0
  0
LINE
  5
A5B
330
20C
100
AcDbEntity
  8
2
  6
Continuous
390
DFF
 62
   155
420
  5075865
100
AcDbLine
 10
368.0205039308
 20
131.1029536532
 30
0.0
 11
368.0205039308
 21
172.0027629528
 31
0.0
  0
LINE
  5
A5C
330
20C
100
AcDbEntity
  8
2
  6
Continuous
390
DFF
 62
   155
420
  5075865
100
AcDbLine
 10
369.5203132304
 20
170.5029536532
 30
0.0
 11
369.5203132304
 21
131.1029536532
 31
0.0
  0
LINE
  5
A5D
330
20C
100
AcDbEntity
  8
2
  6
Continuous
390
DFF
 62
   155
420
  5075865
100
AcDbLine
 10
369.5203132304
 20
175.5029536532
 30
0.0
 11
369.5203132304
 21
230.5029536532
 31
0.0
  0
LINE
  5
A5E
330
20C
100
AcDbEntity
  8
2
  6
Continuous
390
DFF
 62
   155
420
  5075865
100
AcDbLine
 10
369.5203132304
 20
235.5029536532
 30
0.0
 11
369.5203132304
 21
274.9029536532
 31
0.0
  0
LINE
  5
A5F
330
20C
100
AcDbEntity
  8
2
  6
Continuous
390
DFF
 62
   155
420
  5075865
100
AcDbLine
 10
395.5682023734
 20
276.3252176942
 30
0.0
 11
395.5878522322
 21
276.3922380166
 31
0.0
  0
LINE
  5
A60
330
20C
100
AcDbEntity
  8
2
  6
Continuous
390
DFF
 62
   155
420
  5075865
100
AcDbLine
 10
373.6411857042
 20
133.3121955052
 30
0.0
 11
371.6109699546
 21
131.1029536532
 31
0.0
  0
LINE
  5
A61
330
20C
100
AcDbEntity
  8
2
  6
Continuous
390
DFF
 62
   155
420
  5075865
100
AcDbLine
 10
398.9897857254
 20
131.7890467839
 30
0.0
 11
397.8050349427
 21
130.9045234419
 31
0.0
  0
LINE
  5
A62
330
20C
100
AcDbEntity
  8
2
  6
Continuous
390
DFF
 62
   155
420
  5075865
100
AcDbLine
 10
397.8050349427
 20
130.9045234419
 30
0.0
 11
396.7061269798
 21
130.1995383661
 31
0.0
  0
LINE
  5
A63
330
20C
100
AcDbEntity
  8
2
  6
Continuous
390
DFF
 62
   155
420
  5075865
100
AcDbLine
 10
396.7438392036
 20
130.1407537699
 30
0.0
 11
403.2612488533
 21
134.3218833011
 31
0.0
  0
LINE
  5
A64
330
20C
100
AcDbEntity
  8
dim
  6
Continuous
390
DFF
 62
    84
420
  2529536
100
AcDbLine
 10
471.7309911169
 20
291.5364835113
 30
0.0
 11
466.1218235649
 21
291.5364835113
 31
0.0
  0
LINE
  5
A65
330
20C
100
AcDbEntity
  8
dim
  6
Continuous
390
DFF
 62
    84
420
  2529536
100
AcDbLine
 10
0.0
 20
291.5364835113
 30
0.0
 11
5.609167551900001
 21
291.5364835113
 31
0.0
  0
LINE
  5
A66
330
20C
100
AcDbEntity
  8
2
  6
Continuous
390
DFF
 62
   155
420
  5075865
100
AcDbLine
 10
329.8290019732
 20
272.1981913447
 30
0.0
 11
329.1913322882
 21
272.3029536532
 31
0.0
  0
LINE
  5
A67
330
20C
100
AcDbEntity
  8
2
  6
Continuous
390
DFF
 62
   155
420
  5075865
100
AcDbLine
 10
341.9290019733
 20
272.1981913447
 30
0.0
 11
341.2913322883
 21
272.3029536532
 31
0.0
  0
LINE
  5
A68
330
20C
100
AcDbEntity
  8
2
  6
Continuous
390
DFF
 62
   155
420
  5075865
100
AcDbLine
 10
381.2703132304
 20
137.0029536532
 30
0.0
 11
381.2703132304
 21
135.2482031125
 31
0.0
  0
LINE
  5
A69
330
20C
100
AcDbEntity
  8
2
  6
Continuous
390
DFF
 62
   155
420
  5075865
100
AcDbLine
 10
381.2703132304
 20
269.0029536532
 30
0.0
 11
381.2703132304
 21
270.7577041939
 31
0.0
  0
LINE
  5
A6A
330
20C
100
AcDbEntity
  8
2
  6
Continuous
390
DFF
 62
   155
420
  5075865
100
AcDbLine
 10
382.7703132304
 20
270.7577041939
 30
0.0
 11
382.7703132304
 21
269.0029536532
 31
0.0
  0
LINE
  5
A6B
330
20C
100
AcDbEntity
  8
2
  6
Continuous
390
DFF
 62
   155
420
  5075865
100
AcDbLine
 10
382.7703132304
 20
135.2482031125
 30
0.0
 11
382.7703132304
 21
137.0029536532
 31
0.0
  0
LINE
  5
A6C
330
20C
100
AcDbEntity
  8
dim
  6
Continuous
390
DFF
 62
     4
100
AcDbLine
 10
385.2639862716001
 20
23.803603275
 30
0.0
 11
385.2639862716001
 21
60.3518211721
 31
0.0
  0
LINE
  5
A6D
330
20C
100
AcDbEntity
  8
2
  6
Continuous
390
DFF
 62
   155
420
  5075865
100
AcDbLine
 10
368.0205039308
 20
232.0027629528
 30
0.0
 11
367.8895510452
 21
232.1337158384
 31
0.0
  0
LINE
  5
A6E
330
20C
100
AcDbEntity
  8
2
  6
Continuous
390
DFF
 62
   155
420
  5075865
100
AcDbLine
 10
366.02012253
 20
234.2532967397
 30
0.0
 11
366.1510754156
 21
234.1223438541
 31
0.0
  0
LINE
  5
A6F
330
20C
100
AcDbEntity
  8
2
  6
Continuous
390
DFF
 62
   155
420
  5075865
100
AcDbLine
 10
395.5878522322
 20
129.6136692899
 30
0.0
 11
395.5682023734
 21
129.6806896123
 31
0.0
  0
LINE
  5
A70
330
20C
100
AcDbEntity
  8
2
  6
Continuous
390
DFF
 62
   155
420
  5075865
100
AcDbLine
 10
366.9203132304
 20
237.533838055
 30
0.0
 11
368.0179607362001
 21
232.5029536532
 31
0.0
  0
LWPOLYLINE
  5
A71
330
20C
100
AcDbEntity
  8
dim
  6
Continuous
390
DFF
 62
    84
420
  2529536
100
AcDbPolyline
 90
        2
 70
     0
 43
0.1982546207
 43
0.1982546207
 10
387.562221453
 20
328.1270624799
 10
387.562221453
 20
327.5753850324
  0
LINE
  5
A72
330
20C
100
AcDbEntity
  8
dim
  6
Continuous
390
DFF
 62
    84
420
  2529536
100
AcDbLine
 10
393.1091592641
 20
333.1845525843
 30
0.0
 11
393.1091592641
 21
327.5753850324
 31
0.0
  0
LINE
  5
A73
330
20C
100
AcDbEntity
  8
dim
  6
Continuous
390
DFF
 62
    84
420
  2529536
100
AcDbLine
 10
393.1091592641
 20
0.0
 30
0.0
 11
393.1091592641
 21
5.609167551900001
 31
0.0
  0
LINE
  5
A74
330
20C
100
AcDbEntity
  8
2
  6
Continuous
390
DFF
 62
   155
420
  5075865
100
AcDbLine
 10
406.4155509219
 20
210.1942649104
 30
0.0
 11
406.5203132304
 21
210.8319345954
 31
0.0
  0
LINE
  5
A75
330
20C
100
AcDbEntity
  8
2
  6
Continuous
390
DFF
 62
   155
420
  5075865
100
AcDbLine
 10
406.4155509219
 20
198.0942649103
 30
0.0
 11
406.5203132304
 21
198.7319345953
 31
0.0
  0
LINE
  5
A76
330
20C
100
AcDbEntity
  8
dim
  6
Continuous
390
DFF
 62
    84
420
  2529536
100
AcDbLine
 10
466.1218235649
 20
327.5753850324
 30
0.0
 11
5.609167551900001
 21
327.5753850324
 31
0.0
  0
LINE
  5
A77
330
20C
100
AcDbEntity
  8
0
  6
Continuous
390
DFF
 62
     7
100
AcDbLine
 10
0.0
 20
333.1845525841
 30
0.0
 11
471.7309911169
 21
333.1845525841
 31
0.0
  0
LINE
  5
A78
330
20C
100
AcDbEntity
  8
dim
  6
Continuous
390
DFF
 62
    84
420
  2529536
100
AcDbLine
 10
471.7309911169
 20
333.1845525843
 30
0.0
 11
0.0
 21
333.1845525843
 31
0.0
  0
LINE
  5
A79
330
20C
100
AcDbEntity
  8
2
  6
Continuous
390
DFF
 62
   155
420
  5075865
100
AcDbLine
 10
406.6752767002
 20
211.2660432031
 30
0.0
 11
406.7242283631
 21
211.2162150955
 31
0.0
  0
LINE
  5
A7A
330
20C
100
AcDbEntity
  8
2
  6
Continuous
390
DFF
 62
   155
420
  5075865
100
AcDbLine
 10
403.0203132304
 20
248.7529536532
 30
0.0
 11
403.0203132304
 21
247.2529536532
 31
0.0
  0
LINE
  5
A7B
330
20C
100
AcDbEntity
  8
2
  6
Continuous
390
DFF
 62
   155
420
  5075865
100
AcDbLine
 10
403.0203132304
 20
157.2529536532
 30
0.0
 11
403.0203132304
 21
158.7529536532
 31
0.0
  0
LINE
  5
A7C
330
20C
100
AcDbEntity
  8
2
  6
Continuous
390
DFF
 62
   155
420
  5075865
100
AcDbLine
 10
404.0203132304
 20
158.7529536532
 30
0.0
 11
404.0203132304
 21
157.2529536532
 31
0.0
  0
LINE
  5
A7D
330
20C
100
AcDbEntity
  8
2
  6
Continuous
390
DFF
 62
   155
420
  5075865
100
AcDbLine
 10
404.0203132304
 20
247.2529536532
 30
0.0
 11
404.0203132304
 21
248.7529536532
 31
0.0
  0
LINE
  5
A7E
330
20C
100
AcDbEntity
  8
2
  6
Continuous
390
DFF
 62
   155
420
  5075865
100
AcDbLine
 10
405.1203132304
 20
195.1017339596
 30
0.0
 11
405.1203132304
 21
200.5196986668
 31
0.0
  0
LINE
  5
A7F
330
20C
100
AcDbEntity
  8
2
  6
Continuous
390
DFF
 62
   155
420
  5075865
100
AcDbLine
 10
405.1203132304
 20
205.4862086397
 30
0.0
 11
405.1203132304
 21
210.9041733468
 31
0.0
  0
LINE
  5
A80
330
20C
100
AcDbEntity
  8
dim
  6
Continuous
390
DFF
 62
     4
100
AcDbLine
 10
406.309900443
 20
51.21476669779999
 30
0.0
 11
406.309900443
 21
23.803603275
 31
0.0
  0
LINE
  5
A81
330
20C
100
AcDbEntity
  8
2
  6
Continuous
390
DFF
 62
   155
420
  5075865
100
AcDbLine
 10
406.4155509219
 20
198.0942649103
 30
0.0
 11
406.4155509219
 21
195.811642396
 31
0.0
  0
LINE
  5
A82
330
20C
100
AcDbEntity
  8
2
  6
Continuous
390
DFF
 62
   155
420
  5075865
100
AcDbLine
 10
406.4155509219
 20
207.9116423961
 30
0.0
 11
406.4155509219
 21
210.1942649104
 31
0.0
  0
LINE
  5
A83
330
20C
100
AcDbEntity
  8
2
  6
Continuous
390
DFF
 62
   155
420
  5075865
100
AcDbLine
 10
406.5203132304
 20
195.1017339596
 30
0.0
 11
406.5203132304
 21
195.173972711
 31
0.0
  0
LINE
  5
A84
330
20C
100
AcDbEntity
  8
2
  6
Continuous
390
DFF
 62
   155
420
  5075865
100
AcDbLine
 10
406.5203132304
 20
198.7319345953
 30
0.0
 11
406.5203132304
 21
198.9376670301
 31
0.0
  0
LINE
  5
A85
330
20C
100
AcDbEntity
  8
2
  6
Continuous
390
DFF
 62
   155
420
  5075865
100
AcDbLine
 10
406.5203132304
 20
207.0682402763
 30
0.0
 11
406.5203132304
 21
207.2739727111
 31
0.0
  0
LINE
  5
A86
330
20C
100
AcDbEntity
  8
2
  6
Continuous
390
DFF
 62
   155
420
  5075865
100
AcDbLine
 10
406.5203132304
 20
210.8319345954
 30
0.0
 11
406.5203132304
 21
210.9041733468
 31
0.0
  0
LINE
  5
A87
330
20C
100
AcDbEntity
  8
2
  6
Continuous
390
DFF
 62
   155
420
  5075865
100
AcDbLine
 10
406.5901547694
 20
210.9041733468
 30
0.0
 11
406.5901547694
 21
207.2043030451
 31
0.0
  0
LINE
  5
A88
330
20C
100
AcDbEntity
  8
2
  6
Continuous
390
DFF
 62
   155
420
  5075865
100
AcDbLine
 10
406.5901547694
 20
198.8016042614
 30
0.0
 11
406.5901547694
 21
195.1017339596
 31
0.0
  0
LINE
  5
A89
330
20C
100
AcDbEntity
  8
2
  6
Continuous
390
DFF
 62
   155
420
  5075865
100
AcDbLine
 10
408.9203132304
 20
259.9443090808
 30
0.0
 11
408.9203132304
 21
251.3256031984
 31
0.0
  0
LINE
  5
A8A
330
20C
100
AcDbEntity
  8
2
  6
Continuous
390
DFF
 62
   155
420
  5075865
100
AcDbLine
 10
408.9203132304
 20
146.0615982256
 30
0.0
 11
408.9203132304
 21
154.680304108
 31
0.0
  0
LINE
  5
A8B
330
20C
100
AcDbEntity
  8
2
  6
Continuous
390
DFF
 62
   155
420
  5075865
100
AcDbLine
 10
409.1203132303
 20
190.7199534997
 30
0.0
 11
409.1203132303
 21
173.872191468
 31
0.0
  0
LINE
  5
A8C
330
20C
100
AcDbEntity
  8
2
  6
Continuous
390
DFF
 62
   155
420
  5075865
100
AcDbLine
 10
409.1203132303
 20
172.1337158384
 30
0.0
 11
409.1203132303
 21
161.3852605582
 31
0.0
  0
LINE
  5
A8D
330
20C
100
AcDbEntity
  8
2
  6
Continuous
390
DFF
 62
   155
420
  5075865
100
AcDbLine
 10
409.1203132303
 20
215.2859538068
 30
0.0
 11
409.1203132303
 21
232.1337158384
 31
0.0
  0
LINE
  5
A8E
330
20C
100
AcDbEntity
  8
2
  6
Continuous
390
DFF
 62
   155
420
  5075865
100
AcDbLine
 10
409.1203132303
 20
233.872191468
 30
0.0
 11
409.1203132303
 21
244.6206467482
 31
0.0
  0
LINE
  5
A8F
330
20C
100
AcDbEntity
  8
2
  6
Continuous
390
DFF
 62
   155
420
  5075865
100
AcDbLine
 10
410.3203132304
 20
154.5158344984
 30
0.0
 11
410.3203132304
 21
145.8695985432
 31
0.0
  0
LINE
  5
A90
330
20C
100
AcDbEntity
  8
2
  6
Continuous
390
DFF
 62
   155
420
  5075865
100
AcDbLine
 10
410.3203132304
 20
251.490072808
 30
0.0
 11
410.3203132304
 21
260.1363087629
 31
0.0
  0
LINE
  5
A91
330
20C
100
AcDbEntity
  8
2
  6
Continuous
390
DFF
 62
   155
420
  5075865
100
AcDbLine
 10
410.3901547694
 20
260.1363087632
 30
0.0
 11
410.3901547694
 21
251.483358405
 31
0.0
  0
LINE
  5
A92
330
20C
100
AcDbEntity
  8
2
  6
Continuous
390
DFF
 62
   155
420
  5075865
100
AcDbLine
 10
410.3901547694
 20
145.8695985432
 30
0.0
 11
410.3901547694
 21
154.5225489015
 31
0.0
  0
LINE
  5
A93
330
20C
100
AcDbEntity
  8
2
  6
Continuous
390
DFF
 62
   155
420
  5075865
100
AcDbLine
 10
410.5203132303
 20
190.7199534997
 30
0.0
 11
410.5203132303
 21
161.4670552684
 31
0.0
  0
LINE
  5
A94
330
20C
100
AcDbEntity
  8
2
  6
Continuous
390
DFF
 62
   155
420
  5075865
100
AcDbLine
 10
410.5203132303
 20
215.2859538068
 30
0.0
 11
410.5203132303
 21
244.5388520381
 31
0.0
  0
LINE
  5
A95
330
20C
100
AcDbEntity
  8
2
  6
Continuous
390
DFF
 62
   155
420
  5075865
100
AcDbLine
 10
410.5901547693
 20
244.5496536922
 30
0.0
 11
410.5901547693
 21
215.2859538068
 31
0.0
  0
LINE
  5
A96
330
20C
100
AcDbEntity
  8
2
  6
Continuous
390
DFF
 62
   155
420
  5075865
100
AcDbLine
 10
410.5901547693
 20
161.4562536142
 30
0.0
 11
410.5901547693
 21
190.7199534997
 31
0.0
  0
LINE
  5
A97
330
20C
100
AcDbEntity
  8
2
  6
Continuous
390
DFF
 62
   155
420
  5075865
100
AcDbLine
 10
415.4057093829
 20
281.2384079079
 30
0.0
 11
415.4057093829
 21
124.7039024092
 31
0.0
  0
LINE
  5
A98
330
20C
100
AcDbEntity
  8
2
  6
Continuous
390
DFF
 62
   155
420
  5075865
100
AcDbLine
 10
415.5803132304
 20
124.4429536532
 30
0.0
 11
415.5803132304
 21
281.5629536532
 31
0.0
  0
LINE
  5
A99
330
20C
100
AcDbEntity
  8
2
  6
Continuous
390
DFF
 62
   155
420
  5075865
100
AcDbLine
 10
416.9203132304
 20
123.1029536532
 30
0.0
 11
416.9203132304
 21
282.9029536532
 31
0.0
  0
LINE
  5
A9A
330
20C
100
AcDbEntity
  8
2
  6
Continuous
390
DFF
 62
   155
420
  5075865
100
AcDbLine
 10
395.9501712259
 20
274.6280095308
 30
0.0
 11
401.8213242826999
 21
270.8614745503
 31
0.0
  0
LINE
  5
A9B
330
20C
100
AcDbEntity
  8
2
  6
Continuous
390
DFF
 62
   155
420
  5075865
100
AcDbLine
 10
403.1680968341
 20
271.5363385197
 30
0.0
 11
398.9897857254
 21
274.2168605225
 31
0.0
  0
LINE
  5
A9C
330
20C
100
AcDbEntity
  8
2
  6
Continuous
390
DFF
 62
   155
420
  5075865
100
AcDbLine
 10
397.8050349427
 20
275.1013838646
 30
0.0
 11
396.7061269798
 21
275.8063689403
 31
0.0
  0
LINE
  5
A9D
330
20C
100
AcDbEntity
  8
2
  6
Continuous
390
DFF
 62
   155
420
  5075865
100
AcDbLine
 10
396.7438392036
 20
275.8651535365
 30
0.0
 11
403.2685244233
 21
271.6793564913
 31
0.0
  0
LINE
  5
A9E
330
20C
100
AcDbEntity
  8
2
  6
Continuous
390
DFF
 62
   155
420
  5075865
100
AcDbLine
 10
409.1196890131
 20
236.9811427381
 30
0.0
 11
406.8594769076
 21
239.0860670639
 31
0.0
  0
LINE
  5
A9F
330
20C
100
AcDbEntity
  8
2
  6
Continuous
390
DFF
 62
   155
420
  5075865
100
AcDbLine
 10
373.6411857042
 20
272.6937118012
 30
0.0
 11
371.6109699546
 21
274.9029536532
 31
0.0
  0
LINE
  5
AA0
330
20C
100
AcDbEntity
  8
2
  6
Continuous
390
DFF
 62
   155
420
  5075865
100
AcDbLine
 10
406.4155509219
 20
195.811642396
 30
0.0
 11
406.5203132304
 21
195.173972711
 31
0.0
  0
LINE
  5
AA1
330
20C
100
AcDbEntity
  8
2
  6
Continuous
390
DFF
 62
   155
420
  5075865
100
AcDbLine
 10
406.4155509219
 20
207.9116423961
 30
0.0
 11
406.5203132304
 21
207.2739727111
 31
0.0
  0
LINE
  5
AA2
330
20C
100
AcDbEntity
  8
dim
  6
Continuous
390
DFF
 62
     4
100
AcDbLine
 10
425.8118034873
 20
51.21476669779999
 30
0.0
 11
425.8118034873
 21
23.803603275
 31
0.0
  0
LINE
  5
AA3
330
20C
100
AcDbEntity
  8
dim
  6
Continuous
390
DFF
 62
    84
420
  2529536
100
AcDbLine
 10
432.4200751905
 20
333.1845525843
 30
0.0
 11
432.4200751905
 21
327.5753850324
 31
0.0
  0
LINE
  5
AA4
330
20C
100
AcDbEntity
  8
dim
  6
Continuous
390
DFF
 62
    84
420
  2529536
100
AcDbLine
 10
432.4200751905
 20
0.0
 30
0.0
 11
432.4200751905
 21
5.609167551900001
 31
0.0
  0
LINE
  5
AA5
330
20C
100
AcDbEntity
  8
2
  6
Continuous
390
DFF
 62
   155
420
  5075865
100
AcDbLine
 10
398.9897857254
 20
274.2168605225
 30
0.0
 11
397.8050349427
 21
275.1013838646
 31
0.0
  0
LINE
  5
AA6
330
20C
100
AcDbEntity
  8
dim
  6
Continuous
390
DFF
 62
     4
100
AcDbLine
 10
436.0115668573
 20
32.426171847
 30
0.0
 11
436.0115668573
 21
24.1734748691
 31
0.0
  0
LINE
  5
AA7
330
20C
100
AcDbEntity
  8
dim
  6
Continuous
390
DFF
 62
     4
100
AcDbLine
 10
445.9421699773
 20
51.21476669779999
 30
0.0
 11
445.9421699773
 21
32.8180477761
 31
0.0
  0
LINE
  5
AA8
330
20C
100
AcDbEntity
  8
dim
  6
Continuous
390
DFF
 62
     4
100
AcDbLine
 10
448.1669061689
 20
26.2563319803
 30
0.0
 11
448.1669061689
 21
30.4787346614
 31
0.0
  0
LINE
  5
AA9
330
20C
100
AcDbEntity
  8
dim
  6
Continuous
390
DFF
 62
     4
100
AcDbLine
 10
457.161659186
 20
31.3935297514
 30
0.0
 11
457.161659186
 21
25.3415368903
 31
0.0
  0
LINE
  5
AAA
330
20C
100
AcDbEntity
  8
dim
  6
Continuous
390
DFF
 62
    82
420
  3394560
100
AcDbLine
 10
466.1218235649
 20
5.609167551900001
 30
0.0
 11
466.1218235649
 21
60.3518211721
 31
0.0
  0
LINE
  5
AAB
330
20C
100
AcDbEntity
  8
dim
  6
Continuous
390
DFF
 62
    84
420
  2529536
100
AcDbLine
 10
466.1218235649
 20
60.3518211721
 30
0.0
 11
466.1218235649
 21
327.5753850324
 31
0.0
  0
LINE
  5
AAC
330
20C
100
AcDbEntity
  8
0
  6
Continuous
390
DFF
 62
     7
100
AcDbLine
 10
471.7309911169
 20
0.0
 30
0.0
 11
471.7309911169
 21
333.1845525841
 31
0.0
  0
LINE
  5
AAD
330
20C
100
AcDbEntity
  8
dim
  6
Continuous
390
DFF
 62
    84
420
  2529536
100
AcDbLine
 10
471.7309911169
 20
0.0
 30
0.0
 11
471.7309911169
 21
333.1845525843
 31
0.0
  0
ARC
  5
AAE
330
20C
100
AcDbEntity
  8
2
  6
Continuous
390
DFF
 62
   155
420
  5075865
100
AcDbCircle
 10
-1265.6509171709
 20
-6.0272435384
 30
0.0
 40
1372.9391552582
100
AcDbArc
 50
2.9584271279
 51
3.1673864523
  0
ARC
  5
AAF
330
20C
100
AcDbEntity
  8
2
  6
Continuous
390
DFF
 62
   155
420
  5075865
100
AcDbCircle
 10
36.4201364476
 20
57.3320047314
 30
0.0
 40
0.3
100
AcDbArc
 50
180.0
 51
360.0
  0
ARC
  5
AB0
330
20C
100
AcDbEntity
  8
2
  6
Continuous
390
DFF
 62
   155
420
  5075865
100
AcDbCircle
 10
-172.7386052131
 20
84.24731109140001
 30
0.0
 40
277.0326914467
100
AcDbArc
 50
355.1514719692
 51
355.5664727011001
  0
ARC
  5
AB1
330
20C
100
AcDbEntity
  8
2
  6
Continuous
390
DFF
 62
   155
420
  5075865
100
AcDbCircle
 10
38.4063364476
 20
73.3320047314
 30
0.0
 40
1.0
100
AcDbArc
 50
90.0
 51
180.0
  0
ARC
  5
AB2
330
20C
100
AcDbEntity
  8
2
  6
Continuous
390
DFF
 62
   155
420
  5075865
100
AcDbCircle
 10
39.4063364476
 20
73.3320047314
 30
0.0
 40
1.0
100
AcDbArc
 50
0.0
 51
90.0
  0
ARC
  5
AB3
330
20C
100
AcDbEntity
  8
2
  6
Continuous
390
DFF
 62
   155
420
  5075865
100
AcDbCircle
 10
68.9063364476
 20
130.0029536532
 30
0.0
 40
7.336271464099999
100
AcDbArc
 50
45.7358040185
 51
134.2641959819
  0
ARC
  5
AB4
330
20C
100
AcDbEntity
  8
2
  6
Continuous
390
DFF
 62
   155
420
  5075865
100
AcDbCircle
 10
41.9063364476
 20
136.0029536532
 30
0.0
 40
7.25
100
AcDbArc
 50
353.1992667756001
 51
81.9717938854
  0
ARC
  5
AB5
330
20C
100
AcDbEntity
  8
2
  6
Continuous
390
DFF
 62
   155
420
  5075865
100
AcDbCircle
 10
41.9063364476
 20
136.0029536532
 30
0.0
 40
6.0
100
AcDbArc
 50
316.0348427009
 51
343.4258098099999
  0
ARC
  5
AB6
330
20C
100
AcDbEntity
  8
2
  6
Continuous
390
DFF
 62
   155
420
  5075865
100
AcDbCircle
 10
41.9063364476
 20
136.0029536532
 30
0.0
 40
6.0
100
AcDbArc
 50
345.9612206369001
 51
87.724508714
  0
ARC
  5
AB7
330
20C
100
AcDbEntity
  8
2
  6
Continuous
390
DFF
 62
   155
420
  5075865
100
AcDbCircle
 10
41.9063364476
 20
136.0029536532
 30
0.0
 40
6.0
100
AcDbArc
 50
203.4873698985
 51
213.5762994837
  0
ARC
  5
AB8
330
20C
100
AcDbEntity
  8
2
  6
Continuous
390
DFF
 62
   155
420
  5075865
100
AcDbCircle
 10
41.9063364476
 20
136.0029536532
 30
0.0
 40
6.0
100
AcDbArc
 50
162.1919574627
 51
197.8080429726
  0
ARC
  5
AB9
330
20C
100
AcDbEntity
  8
2
  6
Continuous
390
DFF
 62
   155
420
  5075865
100
AcDbCircle
 10
41.9063364476
 20
136.0029536532
 30
0.0
 40
6.0
100
AcDbArc
 50
90.25991954040001
 51
156.5126305369
  0
ARC
  5
ABA
330
20C
100
AcDbEntity
  8
2
  6
Continuous
390
DFF
 62
   155
420
  5075865
100
AcDbCircle
 10
68.9063364476
 20
130.0029536532
 30
0.0
 40
5.2985981061
100
AcDbArc
 50
98.1373670878
 51
134.2641959815
  0
ARC
  5
ABB
330
20C
100
AcDbEntity
  8
2
  6
Continuous
390
DFF
 62
   155
420
  5075865
100
AcDbCircle
 10
68.9063364476
 20
130.0029536532
 30
0.0
 40
5.2985981061
100
AcDbArc
 50
45.7358040188
 51
81.8626329122
  0
ARC
  5
ABC
330
20C
100
AcDbEntity
  8
2
  6
Continuous
390
DFF
 62
   155
420
  5075865
100
AcDbCircle
 10
41.4063364476
 20
130.5029536532
 30
0.0
 40
5.0
100
AcDbArc
 50
154.129177032
 51
15.4819651525
  0
ARC
  5
ABD
330
20C
100
AcDbEntity
  8
2
  6
Continuous
390
DFF
 62
   155
420
  5075865
100
AcDbCircle
 10
60.2700491396
 20
125.4029536532
 30
0.0
 40
4.2096311171
100
AcDbArc
 50
32.990942634
 51
89.99999999890001
  0
CIRCLE
  5
ABE
330
20C
100
AcDbEntity
  8
2
  6
Continuous
390
DFF
 62
   155
420
  5075865
100
AcDbCircle
 10
41.4063364476
 20
130.5029536532
 30
0.0
 40
4.1746038475
  0
ARC
  5
ABF
330
20C
100
AcDbEntity
  8
2
  6
Continuous
390
DFF
 62
   155
420
  5075865
100
AcDbCircle
 10
56.4497873673
 20
133.4029536532
 30
0.0
 40
4.0524077793
100
AcDbArc
 50
237.3185125703
 51
269.9999999989
  0
CIRCLE
  5
AC0
330
20C
100
AcDbEntity
  8
2
  6
Continuous
390
DFF
 62
   155
420
  5075865
100
AcDbCircle
 10
41.4063364476
 20
130.5029536532
 30
0.0
 40
4.0
  0
ARC
  5
AC1
330
20C
100
AcDbEntity
  8
2
  6
Continuous
390
DFF
 62
   155
420
  5075865
100
AcDbCircle
 10
60.2700491396
 20
125.4029536532
 30
0.0
 40
3.9475922207
100
AcDbArc
 50
32.990942634
 51
89.99999999890001
  0
ARC
  5
AC2
330
20C
100
AcDbEntity
  8
2
  6
Continuous
390
DFF
 62
   155
420
  5075865
100
AcDbCircle
 10
56.4497873673
 20
133.4029536532
 30
0.0
 40
3.7903688829
100
AcDbArc
 50
237.3185125703
 51
269.9999999989
  0
ARC
  5
AC3
330
20C
100
AcDbEntity
  8
2
  6
Continuous
390
DFF
 62
   155
420
  5075865
100
AcDbCircle
 10
56.5963836392
 20
133.9029536532
 30
0.0
 40
3.0
100
AcDbArc
 50
237.3185125703
 51
269.9999999989
  0
CIRCLE
  5
AC4
330
20C
100
AcDbEntity
  8
2
  6
Continuous
390
DFF
 62
   155
420
  5075865
100
AcDbCircle
 10
68.9063364476
 20
130.0029536532
 30
0.0
 40
2.8458767963
  0
CIRCLE
  5
AC5
330
20C
100
AcDbEntity
  8
2
  6
Continuous
390
DFF
 62
   155
420
  5075865
100
AcDbCircle
 10
68.9063364476
 20
130.0029536532
 30
0.0
 40
2.25
  0
CIRCLE
  5
AC6
330
20C
100
AcDbEntity
  8
2
  6
Continuous
390
DFF
 62
   155
420
  5075865
100
AcDbCircle
 10
41.4063364476
 20
130.5029536532
 30
0.0
 40
1.55
  0
ARC
  5
AC7
330
20C
100
AcDbEntity
  8
screw
  6
HIDDEN
390
DFF
 62
     8
100
AcDbCircle
 10
68.9063364476
 20
130.0029536532
 30
0.0
 40
1.5
100
AcDbArc
 50
270.0
 51
180.0
  0
CIRCLE
  5
AC8
330
20C
100
AcDbEntity
  8
screw
  6
HIDDEN
390
DFF
 62
     8
100
AcDbCircle
 10
68.9063364476
 20
130.0029536532
 30
0.0
 40
1.25
  0
ARC
  5
AC9
330
20C
100
AcDbEntity
  8
2
  6
Continuous
390
DFF
 62
   155
420
  5075865
100
AcDbCircle
 10
63.6520170813
 20
125.7029535587
 30
0.0
 40
1.2096311171
100
AcDbArc
 50
269.9999997823
 51
32.990942634
  0
ARC
  5
ACA
330
20C
100
AcDbEntity
  8
2
  6
Continuous
390
DFF
 62
   155
420
  5075865
100
AcDbCircle
 10
63.6520170813
 20
125.7029535587
 30
0.0
 40
0.9475922206999999
100
AcDbArc
 50
269.9999997823
 51
32.990942634
  0
CIRCLE
  5
ACB
330
20C
100
AcDbEntity
  8
2
  6
Continuous
390
DFF
 62
   155
420
  5075865
100
AcDbCircle
 10
41.9063364476
 20
136.0029536532
 30
0.0
 40
0.85
  0
CIRCLE
  5
ACC
330
20C
100
AcDbEntity
  8
2
  6
Continuous
390
DFF
 62
   155
420
  5075865
100
AcDbCircle
 10
41.4063364476
 20
130.5029536532
 30
0.0
 40
0.55
  0
ARC
  5
ACD
330
20C
100
AcDbEntity
  8
2
  6
Continuous
390
DFF
 62
   155
420
  5075865
100
AcDbCircle
 10
52.0063364476
 20
147.1844509841
 30
0.0
 40
10.2014018939
100
AcDbArc
 50
135.7358040183
 51
168.5960163917
  0
ARC
  5
ACE
330
20C
100
AcDbEntity
  8
2
  6
Continuous
390
DFF
 62
   155
420
  5075865
100
AcDbCircle
 10
58.08783377850001
 20
141.1029536532
 30
0.0
 40
10.2014018939
100
AcDbArc
 50
268.9648006701
 51
314.2641959817
  0
ARC
  5
ACF
330
20C
100
AcDbEntity
  8
2
  6
Continuous
390
DFF
 62
   155
420
  5075865
100
AcDbCircle
 10
58.0878337783
 20
141.1029536538
 30
0.0
 40
8.163728536499999
100
AcDbArc
 50
283.469914663
 51
314.26419598
  0
ARC
  5
AD0
330
20C
100
AcDbEntity
  8
2
  6
Continuous
390
DFF
 62
   155
420
  5075865
100
AcDbCircle
 10
52.0063364476
 20
147.1844509841
 30
0.0
 40
8.163728535900001
100
AcDbArc
 50
135.7358040185
 51
166.5959240772
  0
ARC
  5
AD1
330
20C
100
AcDbEntity
  8
2
  6
Continuous
390
DFF
 62
   155
420
  5075865
100
AcDbCircle
 10
47.0063364476
 20
146.0615982256
 30
0.0
 40
5.0
100
AcDbArc
 50
180.0
 51
215.1654688881
  0
ARC
  5
AD2
330
20C
100
AcDbEntity
  8
2
  6
Continuous
390
DFF
 62
   155
420
  5075865
100
AcDbCircle
 10
44.30633644770001
 20
145.627262904
 30
0.0
 40
4.0524077793
100
AcDbArc
 50
180.0000000011
 51
207.642167893
  0
ARC
  5
AD3
330
20C
100
AcDbEntity
  8
2
  6
Continuous
390
DFF
 62
   155
420
  5075865
100
AcDbCircle
 10
44.30633644770001
 20
145.627262904
 30
0.0
 40
3.7903688829
100
AcDbArc
 50
180.0000000011
 51
212.6814874237
  0
ARC
  5
AD4
330
20C
100
AcDbEntity
  8
2
  6
Continuous
390
DFF
 62
   155
420
  5075865
100
AcDbCircle
 10
96.99111798049999
 20
125.1893988252
 30
0.0
 40
11.8997403455
100
AcDbArc
 50
43.8379932417
 51
45.1000408167
  0
ARC
  5
AD5
330
20C
100
AcDbEntity
  8
2
  6
Continuous
390
DFF
 62
   155
420
  5075865
100
AcDbCircle
 10
101.4063364476
 20
133.6029536536
 30
0.0
 40
4.0524077793
100
AcDbArc
 50
270.0000000011
 51
353.6206297863
  0
ARC
  5
AD6
330
20C
100
AcDbEntity
  8
2
  6
Continuous
390
DFF
 62
   155
420
  5075865
100
AcDbCircle
 10
101.4063364476
 20
133.6029536536
 30
0.0
 40
3.7903688829
100
AcDbArc
 50
270.0000000011
 51
353.6206297863
  0
ARC
  5
AD7
330
20C
100
AcDbEntity
  8
2
  6
Continuous
390
DFF
 62
   155
420
  5075865
100
AcDbCircle
 10
77.1294022836
 20
126.6029536531
 30
0.0
 40
3.2096311171
100
AcDbArc
 50
90.00000000109999
 51
147.009057366
  0
ARC
  5
AD8
330
20C
100
AcDbEntity
  8
2
  6
Continuous
390
DFF
 62
   155
420
  5075865
100
AcDbCircle
 10
77.1294022836
 20
126.6029536531
 30
0.0
 40
2.9475922207
100
AcDbArc
 50
90.00000000109999
 51
147.009057366
  0
ARC
  5
AD9
330
20C
100
AcDbEntity
  8
2
  6
Continuous
390
DFF
 62
   155
420
  5075865
100
AcDbCircle
 10
105.9063364476
 20
133.1029536532
 30
0.0
 40
2.0
100
AcDbArc
 50
90.0
 51
180.0
  0
ARC
  5
ADA
330
20C
100
AcDbEntity
  8
2
  6
Continuous
390
DFF
 62
   155
420
  5075865
100
AcDbCircle
 10
101.9063364476
 20
133.1029536532
 30
0.0
 40
2.0
100
AcDbArc
 50
270.0
 51
360.0
  0
CIRCLE
  5
ADB
330
20C
100
AcDbEntity
  8
2
  6
Continuous
390
DFF
 62
   155
420
  5075865
100
AcDbCircle
 10
88.9063364476
 20
128.0029536532
 30
0.0
 40
1.5
  0
ARC
  5
ADC
330
20C
100
AcDbEntity
  8
2
  6
Continuous
390
DFF
 62
   155
420
  5075865
100
AcDbCircle
 10
74.16065581399999
 20
125.7029535587
 30
0.0
 40
1.2096311171
100
AcDbArc
 50
147.009057366
 51
270.0000002177
  0
ARC
  5
ADD
330
20C
100
AcDbEntity
  8
2
  6
Continuous
390
DFF
 62
   155
420
  5075865
100
AcDbCircle
 10
74.10946050920001
 20
125.7029536532
 30
0.0
 40
1.2096311171
100
AcDbArc
 50
164.060600893
 51
167.5879011832
  0
ARC
  5
ADE
330
20C
100
AcDbEntity
  8
2
  6
Continuous
390
DFF
 62
   155
420
  5075865
100
AcDbCircle
 10
74.16065581399999
 20
125.7029535587
 30
0.0
 40
0.9475922206999999
100
AcDbArc
 50
147.009057366
 51
270.0000002177
  0
ARC
  5
ADF
330
20C
100
AcDbEntity
  8
2
  6
Continuous
390
DFF
 62
   155
420
  5075865
100
AcDbCircle
 10
105.8784724026
 20
133.1029536532
 30
0.0
 40
0.7096311170999999
100
AcDbArc
 50
90.0
 51
173.6206297863
  0
ARC
  5
AE0
330
20C
100
AcDbEntity
  8
2
  6
Continuous
390
DFF
 62
   155
420
  5075865
100
AcDbCircle
 10
105.8784724026
 20
133.1029536532
 30
0.0
 40
0.4475922207
100
AcDbArc
 50
90.0
 51
173.6206297863
  0
ARC
  5
AE1
330
20C
100
AcDbEntity
  8
2
  6
Continuous
390
DFF
 62
   155
420
  5075865
100
AcDbCircle
 10
79.72483911659999
 20
141.1029536532
 30
0.0
 40
10.2014018939
100
AcDbArc
 50
225.7358040184999
 51
258.5960163917
  0
ARC
  5
AE2
330
20C
100
AcDbEntity
  8
2
  6
Continuous
390
DFF
 62
   155
420
  5075865
100
AcDbCircle
 10
79.72483911649999
 20
141.102953653
 30
0.0
 40
8.163728535700001
100
AcDbArc
 50
225.7358040181001
 51
252.6140672077
  0
ARC
  5
AE3
330
20C
100
AcDbEntity
  8
2
  6
Continuous
390
DFF
 62
   155
420
  5075865
100
AcDbCircle
 10
49.0849463545
 20
157.1048949801
 30
0.0
 40
13.448498426
100
AcDbArc
 50
154.1233559857
 51
156.4504845068
  0
ARC
  5
AE4
330
20C
100
AcDbEntity
  8
2
  6
Continuous
390
DFF
 62
   155
420
  5075865
100
AcDbCircle
 10
35.7710453714
 20
186.1779987826
 30
0.0
 40
12.075451871
100
AcDbArc
 50
44.7533514008
 51
45.9969284328
  0
ARC
  5
AE5
330
20C
100
AcDbEntity
  8
2
  6
Continuous
390
DFF
 62
   155
420
  5075865
100
AcDbCircle
 10
36.0583823711
 20
219.5288139115
 30
0.0
 40
11.6607848446
100
AcDbArc
 50
314.0084530079
 51
315.2962748899
  0
ARC
  5
AE6
330
20C
100
AcDbEntity
  8
2
  6
Continuous
390
DFF
 62
   155
420
  5075865
100
AcDbCircle
 10
52.0063364476
 20
168.8214563222
 30
0.0
 40
10.2014018939
100
AcDbArc
 50
178.8580514902
 51
224.2641959815
  0
ARC
  5
AE7
330
20C
100
AcDbEntity
  8
2
  6
Continuous
390
DFF
 62
   155
420
  5075865
100
AcDbCircle
 10
45.4253651152
 20
151.5229474286
 30
0.0
 40
9.0904737388
100
AcDbArc
 50
238.8015231214
 51
241.3284117126
  0
ARC
  5
AE8
330
20C
100
AcDbEntity
  8
2
  6
Continuous
390
DFF
 62
   155
420
  5075865
100
AcDbCircle
 10
52.0063364476
 20
168.8214563222
 30
0.0
 40
8.163728535900001
100
AcDbArc
 50
193.4699146624
 51
224.2641959813
  0
ARC
  5
AE9
330
20C
100
AcDbEntity
  8
2
  6
Continuous
390
DFF
 62
   155
420
  5075865
100
AcDbCircle
 10
40.9063364476
 20
158.0029536532
 30
0.0
 40
7.336271464099999
100
AcDbArc
 50
315.7358040181
 51
44.2641959815
  0
ARC
  5
AEA
330
20C
100
AcDbEntity
  8
2
  6
Continuous
390
DFF
 62
   155
420
  5075865
100
AcDbCircle
 10
40.9063364476
 20
158.0029536532
 30
0.0
 40
5.802407779299999
100
AcDbArc
 50
118.1508687565
 51
120.5739308309
  0
ARC
  5
AEB
330
20C
100
AcDbEntity
  8
2
  6
Continuous
390
DFF
 62
   155
420
  5075865
100
AcDbCircle
 10
40.9063364476
 20
158.0029536532
 30
0.0
 40
5.540368882899999
100
AcDbArc
 50
118.1508687565
 51
124.691126798
  0
ARC
  5
AEC
330
20C
100
AcDbEntity
  8
2
  6
Continuous
390
DFF
 62
   155
420
  5075865
100
AcDbCircle
 10
40.9063364476
 20
158.0029536532
 30
0.0
 40
5.2985981061
100
AcDbArc
 50
315.7358040185
 51
351.8626329122
  0
ARC
  5
AED
330
20C
100
AcDbEntity
  8
2
  6
Continuous
390
DFF
 62
   155
420
  5075865
100
AcDbCircle
 10
40.9063364476
 20
158.0029536532
 30
0.0
 40
5.2985981061
100
AcDbArc
 50
8.1373670878
 51
44.2641959812
  0
ARC
  5
AEE
330
20C
100
AcDbEntity
  8
2
  6
Continuous
390
DFF
 62
   155
420
  5075865
100
AcDbCircle
 10
41.4063364476
 20
203.0029536532
 30
0.0
 40
5.2968265407
100
AcDbArc
 50
326.1692781699
 51
33.8307218301
  0
ARC
  5
AEF
330
20C
100
AcDbEntity
  8
2
  6
Continuous
390
DFF
 62
   155
420
  5075865
100
AcDbCircle
 10
41.4063364476
 20
203.0029536532
 30
0.0
 40
5.0
100
AcDbArc
 50
28.3576365763
 51
51.5430656404
  0
ARC
  5
AF0
330
20C
100
AcDbEntity
  8
2
  6
Continuous
390
DFF
 62
   155
420
  5075865
100
AcDbCircle
 10
41.4063364476
 20
203.0029536532
 30
0.0
 40
5.0
100
AcDbArc
 50
308.4569343595999
 51
331.6423634237
  0
ARC
  5
AF1
330
20C
100
AcDbEntity
  8
2
  6
Continuous
390
DFF
 62
   155
420
  5075865
100
AcDbCircle
 10
41.4063364476
 20
203.0029536532
 30
0.0
 40
4.2444453864
100
AcDbArc
 50
315.0676095537
 51
44.93239044629999
  0
ARC
  5
AF2
330
20C
100
AcDbEntity
  8
2
  6
Continuous
390
DFF
 62
   155
420
  5075865
100
AcDbCircle
 10
36.3063364476
 20
149.3666663452
 30
0.0
 40
4.2096311171
100
AcDbArc
 50
0.0
 51
57.00905736599999
  0
ARC
  5
AF3
330
20C
100
AcDbEntity
  8
2
  6
Continuous
390
DFF
 62
   155
420
  5075865
100
AcDbCircle
 10
36.3063364477
 20
166.59960998
 30
0.0
 40
4.2096311171
100
AcDbArc
 50
298.1508687565
 51
360.0
  0
ARC
  5
AF4
330
20C
100
AcDbEntity
  8
2
  6
Continuous
390
DFF
 62
   155
420
  5075865
100
AcDbCircle
 10
41.4063364476
 20
203.0029536532
 30
0.0
 40
4.139683078
100
AcDbArc
 50
46.537721515
 51
313.462278485
  0
ARC
  5
AF5
330
20C
100
AcDbEntity
  8
2
  6
Continuous
390
DFF
 62
   155
420
  5075865
100
AcDbCircle
 10
44.30633644770001
 20
190.7199534997
 30
0.0
 40
4.0524077793
100
AcDbArc
 50
95.2159085718
 51
180.0
  0
ARC
  5
AF6
330
20C
100
AcDbEntity
  8
2
  6
Continuous
390
DFF
 62
   155
420
  5075865
100
AcDbCircle
 10
44.30633644770001
 20
215.2859538068
 30
0.0
 40
4.0524077793
100
AcDbArc
 50
180.0
 51
264.7840914282
  0
CIRCLE
  5
AF7
330
20C
100
AcDbEntity
  8
2
  6
Continuous
390
DFF
 62
   155
420
  5075865
100
AcDbCircle
 10
41.4063364476
 20
203.0029536532
 30
0.0
 40
4.0
  0
ARC
  5
AF8
330
20C
100
AcDbEntity
  8
2
  6
Continuous
390
DFF
 62
   155
420
  5075865
100
AcDbCircle
 10
36.3063364476
 20
149.3666663452
 30
0.0
 40
3.9475922207
100
AcDbArc
 50
0.0
 51
57.00905736599999
  0
ARC
  5
AF9
330
20C
100
AcDbEntity
  8
2
  6
Continuous
390
DFF
 62
   155
420
  5075865
100
AcDbCircle
 10
36.3063364477
 20
166.59960998
 30
0.0
 40
3.9475922207
100
AcDbArc
 50
298.1508687565
 51
360.0
  0
ARC
  5
AFA
330
20C
100
AcDbEntity
  8
2
  6
Continuous
390
DFF
 62
   155
420
  5075865
100
AcDbCircle
 10
44.30633644770001
 20
215.2859538068
 30
0.0
 40
3.7903688829
100
AcDbArc
 50
180.0
 51
264.7840914282
  0
ARC
  5
AFB
330
20C
100
AcDbEntity
  8
2
  6
Continuous
390
DFF
 62
   155
420
  5075865
100
AcDbCircle
 10
44.30633644770001
 20
190.7199534997
 30
0.0
 40
3.7903688829
100
AcDbArc
 50
95.2159085718
 51
180.0
  0
CIRCLE
  5
AFC
330
20C
100
AcDbEntity
  8
2
  6
Continuous
390
DFF
 62
   155
420
  5075865
100
AcDbCircle
 10
40.9063364476
 20
158.0029536532
 30
0.0
 40
2.8458767963
  0
ARC
  5
AFD
330
20C
100
AcDbEntity
  8
2
  6
Continuous
390
DFF
 62
   155
420
  5075865
100
AcDbCircle
 10
44.30633644770001
 20
190.7199534997
 30
0.0
 40
2.5
100
AcDbArc
 50
95.2159085718
 51
180.0
  0
ARC
  5
AFE
330
20C
100
AcDbEntity
  8
2
  6
Continuous
390
DFF
 62
   155
420
  5075865
100
AcDbCircle
 10
44.30633644770001
 20
215.2859538068
 30
0.0
 40
2.5
100
AcDbArc
 50
180.0
 51
264.7840914282
  0
CIRCLE
  5
AFF
330
20C
100
AcDbEntity
  8
2
  6
Continuous
390
DFF
 62
   155
420
  5075865
100
AcDbCircle
 10
40.9063364476
 20
158.0029536532
 30
0.0
 40
2.25
  0
ARC
  5
B00
330
20C
100
AcDbEntity
  8
2
  6
Continuous
390
DFF
 62
   155
420
  5075865
100
AcDbCircle
 10
43.9063364476
 20
195.1017339596
 30
0.0
 40
1.9
100
AcDbArc
 50
275.2159085718
 51
360.0
  0
ARC
  5
B01
330
20C
100
AcDbEntity
  8
2
  6
Continuous
390
DFF
 62
   155
420
  5075865
100
AcDbCircle
 10
43.9063364476
 20
210.9041733468
 30
0.0
 40
1.9
100
AcDbArc
 50
0.0
 51
84.7840914282
  0
CIRCLE
  5
B02
330
20C
100
AcDbEntity
  8
2
  6
Continuous
390
DFF
 62
   155
420
  5075865
100
AcDbCircle
 10
41.4063364476
 20
203.0029536532
 30
0.0
 40
1.55
  0
ARC
  5
B03
330
20C
100
AcDbEntity
  8
screw
  6
HIDDEN
390
DFF
 62
     8
100
AcDbCircle
 10
40.9063364476
 20
158.0029536532
 30
0.0
 40
1.5
100
AcDbArc
 50
270.0
 51
180.0
  0
CIRCLE
  5
B04
330
20C
100
AcDbEntity
  8
screw
  6
HIDDEN
390
DFF
 62
     8
100
AcDbCircle
 10
40.9063364476
 20
158.0029536532
 30
0.0
 40
1.25
  0
ARC
  5
B05
330
20C
100
AcDbEntity
  8
2
  6
Continuous
390
DFF
 62
   155
420
  5075865
100
AcDbCircle
 10
43.9063364476
 20
210.9041733468
 30
0.0
 40
0.6096311171000001
100
AcDbArc
 50
0.0
 51
84.7840914281
  0
ARC
  5
B06
330
20C
100
AcDbEntity
  8
2
  6
Continuous
390
DFF
 62
   155
420
  5075865
100
AcDbCircle
 10
43.9063364476
 20
195.1017339596
 30
0.0
 40
0.6096311171000001
100
AcDbArc
 50
275.2159085719
 51
360.0
  0
CIRCLE
  5
B07
330
20C
100
AcDbEntity
  8
2
  6
Continuous
390
DFF
 62
   155
420
  5075865
100
AcDbCircle
 10
41.4063364476
 20
203.0029536532
 30
0.0
 40
0.55
  0
ARC
  5
B08
330
20C
100
AcDbEntity
  8
2
  6
Continuous
390
DFF
 62
   155
420
  5075865
100
AcDbCircle
 10
43.9063364476
 20
210.9041733468
 30
0.0
 40
0.3475922207
100
AcDbArc
 50
0.0
 51
84.7840914281
  0
ARC
  5
B09
330
20C
100
AcDbEntity
  8
2
  6
Continuous
390
DFF
 62
   155
420
  5075865
100
AcDbCircle
 10
43.9063364476
 20
195.1017339596
 30
0.0
 40
0.3475922207
100
AcDbArc
 50
275.2159085719
 51
360.0
  0
ARC
  5
B0A
330
20C
100
AcDbEntity
  8
2
  6
Continuous
390
DFF
 62
   155
420
  5075865
100
AcDbCircle
 10
52.0063364476
 20
258.8214563223
 30
0.0
 40
10.2014018939
100
AcDbArc
 50
191.4039836083
 51
224.2641959817
  0
ARC
  5
B0B
330
20C
100
AcDbEntity
  8
2
  6
Continuous
390
DFF
 62
   155
420
  5075865
100
AcDbCircle
 10
52.0063364476
 20
237.1844509842
 30
0.0
 40
10.2014018939
100
AcDbArc
 50
135.7358040185
 51
181.1419485098
  0
ARC
  5
B0C
330
20C
100
AcDbEntity
  8
2
  6
Continuous
390
DFF
 62
   155
420
  5075865
100
AcDbCircle
 10
45.4253651149
 20
254.4829598784
 30
0.0
 40
9.0904737382
100
AcDbArc
 50
118.6715882873
 51
121.1984768787
  0
ARC
  5
B0D
330
20C
100
AcDbEntity
  8
2
  6
Continuous
390
DFF
 62
   155
420
  5075865
100
AcDbCircle
 10
52.0063364476
 20
237.1844509842
 30
0.0
 40
8.163728535900001
100
AcDbArc
 50
135.7358040187
 51
166.5300853376
  0
ARC
  5
B0E
330
20C
100
AcDbEntity
  8
2
  6
Continuous
390
DFF
 62
   155
420
  5075865
100
AcDbCircle
 10
52.0063364476
 20
258.8214563223
 30
0.0
 40
8.163728535900001
100
AcDbArc
 50
193.4040759228
 51
224.2641959815
  0
ARC
  5
B0F
330
20C
100
AcDbEntity
  8
2
  6
Continuous
390
DFF
 62
   155
420
  5075865
100
AcDbCircle
 10
40.9063364476
 20
248.0029536532
 30
0.0
 40
7.336271464099999
100
AcDbArc
 50
315.7358040185
 51
44.2641959819
  0
ARC
  5
B10
330
20C
100
AcDbEntity
  8
2
  6
Continuous
390
DFF
 62
   155
420
  5075865
100
AcDbCircle
 10
40.9063364476
 20
248.0029536532
 30
0.0
 40
5.802407779299999
100
AcDbArc
 50
239.4260691691
 51
241.8491312435
  0
ARC
  5
B11
330
20C
100
AcDbEntity
  8
2
  6
Continuous
390
DFF
 62
   155
420
  5075865
100
AcDbCircle
 10
40.9063364476
 20
248.0029536532
 30
0.0
 40
5.540368882899999
100
AcDbArc
 50
235.308873202
 51
241.8491312435
  0
ARC
  5
B12
330
20C
100
AcDbEntity
  8
2
  6
Continuous
390
DFF
 62
   155
420
  5075865
100
AcDbCircle
 10
40.9063364476
 20
248.0029536532
 30
0.0
 40
5.2985981061
100
AcDbArc
 50
315.7358040188
 51
351.8626329122
  0
ARC
  5
B13
330
20C
100
AcDbEntity
  8
2
  6
Continuous
390
DFF
 62
   155
420
  5075865
100
AcDbCircle
 10
40.9063364476
 20
248.0029536532
 30
0.0
 40
5.2985981061
100
AcDbArc
 50
8.1373670878
 51
44.2641959815
  0
ARC
  5
B14
330
20C
100
AcDbEntity
  8
2
  6
Continuous
390
DFF
 62
   155
420
  5075865
100
AcDbCircle
 10
47.0063364476
 20
259.9443090808
 30
0.0
 40
5.0
100
AcDbArc
 50
144.8345311119
 51
180.0
  0
ARC
  5
B15
330
20C
100
AcDbEntity
  8
2
  6
Continuous
390
DFF
 62
   155
420
  5075865
100
AcDbCircle
 10
36.3063364477
 20
239.4062973264
 30
0.0
 40
4.2096311171
100
AcDbArc
 50
0.0
 51
61.8491312435
  0
ARC
  5
B16
330
20C
100
AcDbEntity
  8
2
  6
Continuous
390
DFF
 62
   155
420
  5075865
100
AcDbCircle
 10
36.3063364476
 20
256.6392409613
 30
0.0
 40
4.2096311171
100
AcDbArc
 50
302.990942634
 51
360.0
  0
ARC
  5
B17
330
20C
100
AcDbEntity
  8
2
  6
Continuous
390
DFF
 62
   155
420
  5075865
100
AcDbCircle
 10
44.30633644770001
 20
260.3786444024
 30
0.0
 40
4.0524077793
100
AcDbArc
 50
152.357832107
 51
179.9999999989
  0
ARC
  5
B18
330
20C
100
AcDbEntity
  8
2
  6
Continuous
390
DFF
 62
   155
420
  5075865
100
AcDbCircle
 10
36.3063364477
 20
239.4062973264
 30
0.0
 40
3.9475922207
100
AcDbArc
 50
0.0
 51
61.8491312435
  0
ARC
  5
B19
330
20C
100
AcDbEntity
  8
2
  6
Continuous
390
DFF
 62
   155
420
  5075865
100
AcDbCircle
 10
36.3063364476
 20
256.6392409613
 30
0.0
 40
3.9475922207
100
AcDbArc
 50
302.990942634
 51
360.0
  0
ARC
  5
B1A
330
20C
100
AcDbEntity
  8
2
  6
Continuous
390
DFF
 62
   155
420
  5075865
100
AcDbCircle
 10
44.30633644770001
 20
260.3786444024
 30
0.0
 40
3.7903688829
100
AcDbArc
 50
147.3185125763
 51
179.9999999989
  0
CIRCLE
  5
B1B
330
20C
100
AcDbEntity
  8
2
  6
Continuous
390
DFF
 62
   155
420
  5075865
100
AcDbCircle
 10
40.9063364476
 20
248.0029536532
 30
0.0
 40
2.8458767963
  0
CIRCLE
  5
B1C
330
20C
100
AcDbEntity
  8
2
  6
Continuous
390
DFF
 62
   155
420
  5075865
100
AcDbCircle
 10
40.9063364476
 20
248.0029536532
 30
0.0
 40
2.25
  0
CIRCLE
  5
B1D
330
20C
100
AcDbEntity
  8
2
  6
Continuous
390
DFF
 62
   155
420
  5075865
100
AcDbCircle
 10
38.9063364476
 20
228.0029536532
 30
0.0
 40
1.5
  0
ARC
  5
B1E
330
20C
100
AcDbEntity
  8
screw
  6
HIDDEN
390
DFF
 62
     8
100
AcDbCircle
 10
40.9063364476
 20
248.0029536532
 30
0.0
 40
1.5
100
AcDbArc
 50
270.0
 51
180.0
  0
CIRCLE
  5
B1F
330
20C
100
AcDbEntity
  8
screw
  6
HIDDEN
390
DFF
 62
     8
100
AcDbCircle
 10
40.9063364476
 20
248.0029536532
 30
0.0
 40
1.25
  0
ARC
  5
B20
330
20C
100
AcDbEntity
  8
2
  6
Continuous
390
DFF
 62
   155
420
  5075865
100
AcDbCircle
 10
44.8850585161
 20
299.9236246071
 30
0.0
 40
40.3187224735
100
AcDbArc
 50
325.8101541690001
 51
326.4400452553
  0
ARC
  5
B21
330
20C
100
AcDbEntity
  8
2
  6
Continuous
390
DFF
 62
   155
420
  5075865
100
AcDbCircle
 10
41.9063364476
 20
270.0029536532
 30
0.0
 40
7.25
100
AcDbArc
 50
278.0282061146
 51
6.800733224400002
  0
ARC
  5
B22
330
20C
100
AcDbEntity
  8
2
  6
Continuous
390
DFF
 62
   155
420
  5075865
100
AcDbCircle
 10
41.9063364476
 20
270.0029536532
 30
0.0
 40
6.0
100
AcDbArc
 50
203.4873694631
 51
269.7400804596
  0
ARC
  5
B23
330
20C
100
AcDbEntity
  8
2
  6
Continuous
390
DFF
 62
   155
420
  5075865
100
AcDbCircle
 10
41.9063364476
 20
270.0029536532
 30
0.0
 40
6.0
100
AcDbArc
 50
16.57419019
 51
43.9651572991
  0
ARC
  5
B24
330
20C
100
AcDbEntity
  8
2
  6
Continuous
390
DFF
 62
   155
420
  5075865
100
AcDbCircle
 10
41.9063364476
 20
270.0029536532
 30
0.0
 40
6.0
100
AcDbArc
 50
162.1919570274
 51
197.8080425373
  0
ARC
  5
B25
330
20C
100
AcDbEntity
  8
2
  6
Continuous
390
DFF
 62
   155
420
  5075865
100
AcDbCircle
 10
41.9063364476
 20
270.0029536532
 30
0.0
 40
6.0
100
AcDbArc
 50
146.4237005163
 51
156.5126301015
  0
ARC
  5
B26
330
20C
100
AcDbEntity
  8
2
  6
Continuous
390
DFF
 62
   155
420
  5075865
100
AcDbCircle
 10
41.9063364476
 20
270.0029536532
 30
0.0
 40
6.0
100
AcDbArc
 50
272.275491286
 51
14.0387793631
  0
ARC
  5
B27
330
20C
100
AcDbEntity
  8
2
  6
Continuous
390
DFF
 62
   155
420
  5075865
100
AcDbCircle
 10
41.4063364476
 20
275.5029536532
 30
0.0
 40
5.0
100
AcDbArc
 50
344.5180348475
 51
205.870822968
  0
CIRCLE
  5
B28
330
20C
100
AcDbEntity
  8
2
  6
Continuous
390
DFF
 62
   155
420
  5075865
100
AcDbCircle
 10
41.4063364476
 20
275.5029536532
 30
0.0
 40
4.1746038475
  0
CIRCLE
  5
B29
330
20C
100
AcDbEntity
  8
2
  6
Continuous
390
DFF
 62
   155
420
  5075865
100
AcDbCircle
 10
41.4063364476
 20
275.5029536532
 30
0.0
 40
4.0
  0
CIRCLE
  5
B2A
330
20C
100
AcDbEntity
  8
2
  6
Continuous
390
DFF
 62
   155
420
  5075865
100
AcDbCircle
 10
41.4063364476
 20
275.5029536532
 30
0.0
 40
1.55
  0
CIRCLE
  5
B2B
330
20C
100
AcDbEntity
  8
2
  6
Continuous
390
DFF
 62
   155
420
  5075865
100
AcDbCircle
 10
41.9063364476
 20
270.0029536532
 30
0.0
 40
0.85
  0
CIRCLE
  5
B2C
330
20C
100
AcDbEntity
  8
2
  6
Continuous
390
DFF
 62
   155
420
  5075865
100
AcDbCircle
 10
41.4063364476
 20
275.5029536532
 30
0.0
 40
0.55
  0
ARC
  5
B2D
330
20C
100
AcDbEntity
  8
2
  6
Continuous
390
DFF
 62
   155
420
  5075865
100
AcDbCircle
 10
58.08783377850001
 20
264.9029536532
 30
0.0
 40
10.2014018939
100
AcDbArc
 50
45.7358040183
 51
91.03519932989998
  0
ARC
  5
B2E
330
20C
100
AcDbEntity
  8
2
  6
Continuous
390
DFF
 62
   155
420
  5075865
100
AcDbCircle
 10
58.0878337783
 20
264.9029536527
 30
0.0
 40
8.163728536499999
100
AcDbArc
 50
45.73580402
 51
76.530085337
  0
ARC
  5
B2F
330
20C
100
AcDbEntity
  8
2
  6
Continuous
390
DFF
 62
   155
420
  5075865
100
AcDbCircle
 10
68.9063364476
 20
276.0029536532
 30
0.0
 40
7.336271464099999
100
AcDbArc
 50
225.7358040181001
 51
314.2641959815
  0
ARC
  5
B30
330
20C
100
AcDbEntity
  8
2
  6
Continuous
390
DFF
 62
   155
420
  5075865
100
AcDbCircle
 10
68.9063364476
 20
276.0029536532
 30
0.0
 40
5.2985981061
100
AcDbArc
 50
278.1373670878
 51
314.2641959812
  0
ARC
  5
B31
330
20C
100
AcDbEntity
  8
2
  6
Continuous
390
DFF
 62
   155
420
  5075865
100
AcDbCircle
 10
68.9063364476
 20
276.0029536532
 30
0.0
 40
5.2985981061
100
AcDbArc
 50
225.7358040184999
 51
261.8626329122
  0
ARC
  5
B32
330
20C
100
AcDbEntity
  8
2
  6
Continuous
390
DFF
 62
   155
420
  5075865
100
AcDbCircle
 10
60.2700491396
 20
280.6029536533
 30
0.0
 40
4.2096311171
100
AcDbArc
 50
270.0000000011
 51
327.009057366
  0
ARC
  5
B33
330
20C
100
AcDbEntity
  8
2
  6
Continuous
390
DFF
 62
   155
420
  5075865
100
AcDbCircle
 10
56.4497873673
 20
272.6029536532
 30
0.0
 40
4.0524077793
100
AcDbArc
 50
90.00000000109999
 51
122.6814874297
  0
ARC
  5
B34
330
20C
100
AcDbEntity
  8
2
  6
Continuous
390
DFF
 62
   155
420
  5075865
100
AcDbCircle
 10
60.2700491396
 20
280.6029536533
 30
0.0
 40
3.9475922207
100
AcDbArc
 50
270.0000000011
 51
327.009057366
  0
ARC
  5
B35
330
20C
100
AcDbEntity
  8
2
  6
Continuous
390
DFF
 62
   155
420
  5075865
100
AcDbCircle
 10
56.4497873673
 20
272.6029536532
 30
0.0
 40
3.7903688829
100
AcDbArc
 50
90.00000000109999
 51
122.6814874297
  0
ARC
  5
B36
330
20C
100
AcDbEntity
  8
2
  6
Continuous
390
DFF
 62
   155
420
  5075865
100
AcDbCircle
 10
56.5963836392
 20
272.1029536532
 30
0.0
 40
3.0
100
AcDbArc
 50
90.00000000109999
 51
122.6814874297
  0
CIRCLE
  5
B37
330
20C
100
AcDbEntity
  8
2
  6
Continuous
390
DFF
 62
   155
420
  5075865
100
AcDbCircle
 10
68.9063364476
 20
276.0029536532
 30
0.0
 40
2.8458767963
  0
CIRCLE
  5
B38
330
20C
100
AcDbEntity
  8
2
  6
Continuous
390
DFF
 62
   155
420
  5075865
100
AcDbCircle
 10
68.9063364476
 20
276.0029536532
 30
0.0
 40
2.25
  0
ARC
  5
B39
330
20C
100
AcDbEntity
  8
screw
  6
HIDDEN
390
DFF
 62
     8
100
AcDbCircle
 10
68.9063364476
 20
276.0029536532
 30
0.0
 40
1.5
100
AcDbArc
 50
270.0
 51
180.0
  0
CIRCLE
  5
B3A
330
20C
100
AcDbEntity
  8
screw
  6
HIDDEN
390
DFF
 62
     8
100
AcDbCircle
 10
68.9063364476
 20
276.0029536532
 30
0.0
 40
1.25
  0
ARC
  5
B3B
330
20C
100
AcDbEntity
  8
2
  6
Continuous
390
DFF
 62
   155
420
  5075865
100
AcDbCircle
 10
63.6520170813
 20
280.3029537477
 30
0.0
 40
1.2096311171
100
AcDbArc
 50
327.009057366
 51
90.00000021770001
  0
ARC
  5
B3C
330
20C
100
AcDbEntity
  8
2
  6
Continuous
390
DFF
 62
   155
420
  5075865
100
AcDbCircle
 10
63.6520170813
 20
280.3029537477
 30
0.0
 40
0.9475922206999999
100
AcDbArc
 50
327.009057366
 51
90.00000021770001
  0
ARC
  5
B3D
330
20C
100
AcDbEntity
  8
2
  6
Continuous
390
DFF
 62
   155
420
  5075865
100
AcDbCircle
 10
96.93104543530001
 20
280.8890098904
 30
0.0
 40
11.9935263119
100
AcDbArc
 50
314.858742464
 51
316.1110314523
  0
ARC
  5
B3E
330
20C
100
AcDbEntity
  8
2
  6
Continuous
390
DFF
 62
   155
420
  5075865
100
AcDbCircle
 10
79.72483911659999
 20
264.9029536532
 30
0.0
 40
10.2014018939
100
AcDbArc
 50
101.4039836083
 51
134.2641959815
  0
ARC
  5
B3F
330
20C
100
AcDbEntity
  8
2
  6
Continuous
390
DFF
 62
   155
420
  5075865
100
AcDbCircle
 10
79.72483911649999
 20
264.9029536534
 30
0.0
 40
8.163728535700001
100
AcDbArc
 50
107.3859327923
 51
134.2641959819
  0
ARC
  5
B40
330
20C
100
AcDbEntity
  8
2
  6
Continuous
390
DFF
 62
   155
420
  5075865
100
AcDbCircle
 10
71.74468725680001
 20
282.1348583067
 30
0.0
 40
8.1026268308
100
AcDbArc
 50
326.2651464152
 51
329.6817648875999
  0
ARC
  5
B41
330
20C
100
AcDbEntity
  8
2
  6
Continuous
390
DFF
 62
   155
420
  5075865
100
AcDbCircle
 10
101.4063364476
 20
272.4029536528
 30
0.0
 40
4.0524077793
100
AcDbArc
 50
6.3793702137
 51
89.99999999890001
  0
ARC
  5
B42
330
20C
100
AcDbEntity
  8
2
  6
Continuous
390
DFF
 62
   155
420
  5075865
100
AcDbCircle
 10
101.4063364476
 20
272.4029536528
 30
0.0
 40
3.7903688829
100
AcDbArc
 50
6.3793702137
 51
89.99999999890001
  0
ARC
  5
B43
330
20C
100
AcDbEntity
  8
2
  6
Continuous
390
DFF
 62
   155
420
  5075865
100
AcDbCircle
 10
77.1294022836
 20
279.4029536533
 30
0.0
 40
3.2096311171
100
AcDbArc
 50
212.990942634
 51
269.9999999989
  0
ARC
  5
B44
330
20C
100
AcDbEntity
  8
2
  6
Continuous
390
DFF
 62
   155
420
  5075865
100
AcDbCircle
 10
77.1294022836
 20
279.4029536533
 30
0.0
 40
2.9475922207
100
AcDbArc
 50
212.990942634
 51
269.9999999989
  0
ARC
  5
B45
330
20C
100
AcDbEntity
  8
2
  6
Continuous
390
DFF
 62
   155
420
  5075865
100
AcDbCircle
 10
76.983190839
 20
279.2813596059
 30
0.0
 40
2.1360206895
100
AcDbArc
 50
333.0381790479
 51
340.2193411792
  0
ARC
  5
B46
330
20C
100
AcDbEntity
  8
2
  6
Continuous
390
DFF
 62
   155
420
  5075865
100
AcDbCircle
 10
105.9063364476
 20
272.9029536532
 30
0.0
 40
2.0
100
AcDbArc
 50
180.0
 51
270.0
  0
ARC
  5
B47
330
20C
100
AcDbEntity
  8
2
  6
Continuous
390
DFF
 62
   155
420
  5075865
100
AcDbCircle
 10
101.9063364476
 20
272.9029536532
 30
0.0
 40
2.0
100
AcDbArc
 50
0.0
 51
90.0
  0
ARC
  5
B48
330
20C
100
AcDbEntity
  8
2
  6
Continuous
390
DFF
 62
   155
420
  5075865
100
AcDbCircle
 10
74.16065581399999
 20
280.3029537477
 30
0.0
 40
1.2096311171
100
AcDbArc
 50
89.99999978229998
 51
212.990942634
  0
ARC
  5
B49
330
20C
100
AcDbEntity
  8
2
  6
Continuous
390
DFF
 62
   155
420
  5075865
100
AcDbCircle
 10
74.10946050920001
 20
280.3029536533
 30
0.0
 40
1.2096311171
100
AcDbArc
 50
192.4120988168
 51
195.939399107
  0
ARC
  5
B4A
330
20C
100
AcDbEntity
  8
2
  6
Continuous
390
DFF
 62
   155
420
  5075865
100
AcDbCircle
 10
74.16065581399999
 20
280.3029537477
 30
0.0
 40
0.9475922206999999
100
AcDbArc
 50
89.99999978229998
 51
212.990942634
  0
ARC
  5
B4B
330
20C
100
AcDbEntity
  8
2
  6
Continuous
390
DFF
 62
   155
420
  5075865
100
AcDbCircle
 10
76.77076258069999
 20
278.9175207006
 30
0.0
 40
0.7221463302
100
AcDbArc
 50
330.6004103921
 51
347.9121710888
  0
ARC
  5
B4C
330
20C
100
AcDbEntity
  8
2
  6
Continuous
390
DFF
 62
   155
420
  5075865
100
AcDbCircle
 10
105.8784724026
 20
272.9029536532
 30
0.0
 40
0.7096311170999999
100
AcDbArc
 50
186.3793702137
 51
270.0
  0
ARC
  5
B4D
330
20C
100
AcDbEntity
  8
2
  6
Continuous
390
DFF
 62
   155
420
  5075865
100
AcDbCircle
 10
105.8784724026
 20
272.9029536532
 30
0.0
 40
0.4475922207
100
AcDbArc
 50
186.3793702137
 51
270.0
  0
ARC
  5
B4E
330
20C
100
AcDbEntity
  8
2
  6
Continuous
390
DFF
 62
   155
420
  5075865
100
AcDbCircle
 10
501.8202456988
 20
-29.2824048924
 30
0.0
 40
328.4390181538
100
AcDbArc
 50
164.3474291039
 51
164.618922581
  0
ARC
  5
B4F
330
20C
100
AcDbEntity
  8
2
  6
Continuous
390
DFF
 62
   155
420
  5075865
100
AcDbCircle
 10
278.1075123757
 20
43.665132311
 30
0.0
 40
224.8608030646
100
AcDbArc
 50
173.3173951255
 51
174.5355969277
  0
CIRCLE
  5
B50
330
20C
100
AcDbEntity
  8
dim
  6
Continuous
390
DFF
 62
     4
100
AcDbCircle
 10
436.0115668573
 20
28.3675333208
 30
0.0
 40
3.0259964306
  0
CIRCLE
  5
B51
330
20C
100
AcDbEntity
  8
dim
  6
Continuous
390
DFF
 62
     4
100
AcDbCircle
 10
436.0115668573
 20
28.3675333208
 30
0.0
 40
2.1112013405
  0
ARC
  5
B52
330
20C
100
AcDbEntity
  8
2
  6
Continuous
390
DFF
 62
   155
420
  5075865
100
AcDbCircle
 10
300.6888131031
 20
97.53163628909999
 30
0.0
 40
255.789880579
100
AcDbArc
 50
188.2490201657
 51
188.5335862512
  0
ARC
  5
B53
330
20C
100
AcDbEntity
  8
2
  6
Continuous
390
DFF
 62
   155
420
  5075865
100
AcDbCircle
 10
217.4201044953
 20
78.9124012865
 30
0.0
 40
172.1090323182
100
AcDbArc
 50
87.06411450520001
 51
88.53572793719999
  0
ARC
  5
B54
330
20C
100
AcDbEntity
  8
2
  6
Continuous
390
DFF
 62
   155
420
  5075865
100
AcDbCircle
 10
188.4063364476
 20
73.3320047314
 30
0.0
 40
1.0
100
AcDbArc
 50
90.0
 51
180.0
  0
ARC
  5
B55
330
20C
100
AcDbEntity
  8
2
  6
Continuous
390
DFF
 62
   155
420
  5075865
100
AcDbCircle
 10
189.4063364476
 20
73.3320047314
 30
0.0
 40
1.0
100
AcDbArc
 50
0.0
 51
90.0
  0
ARC
  5
B56
330
20C
100
AcDbEntity
  8
2
  6
Continuous
390
DFF
 62
   155
420
  5075865
100
AcDbCircle
 10
138.4063364476
 20
73.3320047314
 30
0.0
 40
1.0
100
AcDbArc
 50
90.0
 51
180.0
  0
ARC
  5
B57
330
20C
100
AcDbEntity
  8
2
  6
Continuous
390
DFF
 62
   155
420
  5075865
100
AcDbCircle
 10
139.4063364476
 20
73.3320047314
 30
0.0
 40
1.0
100
AcDbArc
 50
0.0
 51
90.0
  0
ARC
  5
B58
330
20C
100
AcDbEntity
  8
2
  6
Continuous
390
DFF
 62
   155
420
  5075865
100
AcDbCircle
 10
219.2607311809
 20
112.3296551161
 30
0.0
 40
54.59939547859999
100
AcDbArc
 50
33.2133637875
 51
33.4604000158
  0
ARC
  5
B59
330
20C
100
AcDbEntity
  8
2
  6
Continuous
390
DFF
 62
   155
420
  5075865
100
AcDbCircle
 10
130.6855678806
 20
125.3191599064
 30
0.0
 40
11.7118460644
100
AcDbArc
 50
134.8767947685
 51
136.1591297332
  0
ARC
  5
B5A
330
20C
100
AcDbEntity
  8
2
  6
Continuous
390
DFF
 62
   155
420
  5075865
100
AcDbCircle
 10
167.5426237557
 20
125.4029536532
 30
0.0
 40
4.2096311171
100
AcDbArc
 50
90.00000000109999
 51
147.009057366
  0
ARC
  5
B5B
330
20C
100
AcDbEntity
  8
2
  6
Continuous
390
DFF
 62
   155
420
  5075865
100
AcDbCircle
 10
167.5426237557
 20
125.4029536532
 30
0.0
 40
3.9475922207
100
AcDbArc
 50
90.00000000109999
 51
147.009057366
  0
ARC
  5
B5C
330
20C
100
AcDbEntity
  8
2
  6
Continuous
390
DFF
 62
   155
420
  5075865
100
AcDbCircle
 10
150.6832706116
 20
126.6029536531
 30
0.0
 40
3.2096311171
100
AcDbArc
 50
32.990942634
 51
89.99999999890001
  0
ARC
  5
B5D
330
20C
100
AcDbEntity
  8
2
  6
Continuous
390
DFF
 62
   155
420
  5075865
100
AcDbCircle
 10
150.6832706116
 20
126.6029536531
 30
0.0
 40
2.9475922207
100
AcDbArc
 50
32.990942634
 51
89.99999999890001
  0
ARC
  5
B5E
330
20C
100
AcDbEntity
  8
2
  6
Continuous
390
DFF
 62
   155
420
  5075865
100
AcDbCircle
 10
153.6520170813
 20
125.7029535587
 30
0.0
 40
1.2096311171
100
AcDbArc
 50
269.9999997823
 51
32.990942634
  0
ARC
  5
B5F
330
20C
100
AcDbEntity
  8
2
  6
Continuous
390
DFF
 62
   155
420
  5075865
100
AcDbCircle
 10
164.160655814
 20
125.7029535587
 30
0.0
 40
1.2096311171
100
AcDbArc
 50
147.009057366
 51
270.0000002177
  0
ARC
  5
B60
330
20C
100
AcDbEntity
  8
2
  6
Continuous
390
DFF
 62
   155
420
  5075865
100
AcDbCircle
 10
153.7032123861
 20
125.7029536532
 30
0.0
 40
1.2096311171
100
AcDbArc
 50
12.4120988168
 51
15.939399107
  0
ARC
  5
B61
330
20C
100
AcDbEntity
  8
2
  6
Continuous
390
DFF
 62
   155
420
  5075865
100
AcDbCircle
 10
218.3181075919
 20
127.5029536532
 30
0.0
 40
1.0
100
AcDbArc
 50
180.0
 51
270.0
  0
ARC
  5
B62
330
20C
100
AcDbEntity
  8
2
  6
Continuous
390
DFF
 62
   155
420
  5075865
100
AcDbCircle
 10
218.3181075919
 20
128.5029536532
 30
0.0
 40
1.0
100
AcDbArc
 50
90.0
 51
180.0
  0
ARC
  5
B63
330
20C
100
AcDbEntity
  8
2
  6
Continuous
390
DFF
 62
   155
420
  5075865
100
AcDbCircle
 10
153.6520170813
 20
125.7029535587
 30
0.0
 40
0.9475922206999999
100
AcDbArc
 50
269.9999997823
 51
32.990942634
  0
ARC
  5
B64
330
20C
100
AcDbEntity
  8
2
  6
Continuous
390
DFF
 62
   155
420
  5075865
100
AcDbCircle
 10
164.160655814
 20
125.7029535587
 30
0.0
 40
0.9475922206999999
100
AcDbArc
 50
147.009057366
 51
270.0000002177
  0
ARC
  5
B65
330
20C
100
AcDbEntity
  8
2
  6
Continuous
390
DFF
 62
   155
420
  5075865
100
AcDbCircle
 10
113.9063364476
 20
130.5029536532
 30
0.0
 40
5.2968265407
100
AcDbArc
 50
60.2783831364
 51
119.7216168636
  0
ARC
  5
B66
330
20C
100
AcDbEntity
  8
2
  6
Continuous
390
DFF
 62
   155
420
  5075865
100
AcDbCircle
 10
113.9063364476
 20
130.5029536532
 30
0.0
 40
5.0
100
AcDbArc
 50
113.0739180656
 51
141.5430656404
  0
ARC
  5
B67
330
20C
100
AcDbEntity
  8
2
  6
Continuous
390
DFF
 62
   155
420
  5075865
100
AcDbCircle
 10
113.9063364476
 20
130.5029536532
 30
0.0
 40
5.0
100
AcDbArc
 50
38.4569343596
 51
66.9260819344
  0
ARC
  5
B68
330
20C
100
AcDbEntity
  8
2
  6
Continuous
390
DFF
 62
   155
420
  5075865
100
AcDbCircle
 10
113.9063364476
 20
130.5029536532
 30
0.0
 40
4.2444453864
100
AcDbArc
 50
45.0676095537
 51
134.9323904463
  0
ARC
  5
B69
330
20C
100
AcDbEntity
  8
2
  6
Continuous
390
DFF
 62
   155
420
  5075865
100
AcDbCircle
 10
113.9063364476
 20
130.5029536532
 30
0.0
 40
4.139683078
100
AcDbArc
 50
136.537721515
 51
43.46227848499999
  0
ARC
  5
B6A
330
20C
100
AcDbEntity
  8
2
  6
Continuous
390
DFF
 62
   155
420
  5075865
100
AcDbCircle
 10
126.4063364476
 20
133.6029536536
 30
0.0
 40
4.0524077793
100
AcDbArc
 50
186.3793702137
 51
269.9999999989
  0
CIRCLE
  5
B6B
330
20C
100
AcDbEntity
  8
2
  6
Continuous
390
DFF
 62
   155
420
  5075865
100
AcDbCircle
 10
113.9063364476
 20
130.5029536532
 30
0.0
 40
4.0
  0
ARC
  5
B6C
330
20C
100
AcDbEntity
  8
2
  6
Continuous
390
DFF
 62
   155
420
  5075865
100
AcDbCircle
 10
126.4063364476
 20
133.6029536536
 30
0.0
 40
3.7903688829
100
AcDbArc
 50
186.3793702137
 51
269.9999999989
  0
ARC
  5
B6D
330
20C
100
AcDbEntity
  8
2
  6
Continuous
390
DFF
 62
   155
420
  5075865
100
AcDbCircle
 10
121.9063364476
 20
133.1029536532
 30
0.0
 40
2.0
100
AcDbArc
 50
0.0
 51
90.0
  0
ARC
  5
B6E
330
20C
100
AcDbEntity
  8
2
  6
Continuous
390
DFF
 62
   155
420
  5075865
100
AcDbCircle
 10
125.9063364476
 20
133.1029536532
 30
0.0
 40
2.0
100
AcDbArc
 50
180.0
 51
270.0
  0
CIRCLE
  5
B6F
330
20C
100
AcDbEntity
  8
2
  6
Continuous
390
DFF
 62
   155
420
  5075865
100
AcDbCircle
 10
113.9063364476
 20
130.5029536532
 30
0.0
 40
1.55
  0
ARC
  5
B70
330
20C
100
AcDbEntity
  8
2
  6
Continuous
390
DFF
 62
   155
420
  5075865
100
AcDbCircle
 10
121.9342004927
 20
133.1029536532
 30
0.0
 40
0.7096311170999999
100
AcDbArc
 50
6.3793702137
 51
90.0
  0
CIRCLE
  5
B71
330
20C
100
AcDbEntity
  8
2
  6
Continuous
390
DFF
 62
   155
420
  5075865
100
AcDbCircle
 10
113.9063364476
 20
130.5029536532
 30
0.0
 40
0.55
  0
ARC
  5
B72
330
20C
100
AcDbEntity
  8
2
  6
Continuous
390
DFF
 62
   155
420
  5075865
100
AcDbCircle
 10
121.9342004927
 20
133.1029536532
 30
0.0
 40
0.4475922207
100
AcDbArc
 50
6.3793702137
 51
90.0
  0
ARC
  5
B73
330
20C
100
AcDbEntity
  8
2
  6
Continuous
390
DFF
 62
   155
420
  5075865
100
AcDbCircle
 10
148.0878337786
 20
141.1029536532
 30
0.0
 40
10.2014018939
100
AcDbArc
 50
281.4039836083001
 51
314.2641959815
  0
ARC
  5
B74
330
20C
100
AcDbEntity
  8
2
  6
Continuous
390
DFF
 62
   155
420
  5075865
100
AcDbCircle
 10
148.0878337787
 20
141.102953653
 30
0.0
 40
8.163728535700001
100
AcDbArc
 50
287.3859327923
 51
314.2641959819
  0
ARC
  5
B75
330
20C
100
AcDbEntity
  8
2
  6
Continuous
390
DFF
 62
   155
420
  5075865
100
AcDbCircle
 10
158.9063364476
 20
130.0029536532
 30
0.0
 40
7.336271464099999
100
AcDbArc
 50
45.7358040181
 51
134.2641959815
  0
ARC
  5
B76
330
20C
100
AcDbEntity
  8
2
  6
Continuous
390
DFF
 62
   155
420
  5075865
100
AcDbCircle
 10
185.9063364476
 20
136.0029536532
 30
0.0
 40
7.25
100
AcDbArc
 50
98.0282061146
 51
186.8007332243999
  0
ARC
  5
B77
330
20C
100
AcDbEntity
  8
2
  6
Continuous
390
DFF
 62
   155
420
  5075865
100
AcDbCircle
 10
185.9063364476
 20
136.0029536532
 30
0.0
 40
6.0
100
AcDbArc
 50
342.1919570274
 51
17.8080425373
  0
ARC
  5
B78
330
20C
100
AcDbEntity
  8
2
  6
Continuous
390
DFF
 62
   155
420
  5075865
100
AcDbCircle
 10
185.9063364476
 20
136.0029536532
 30
0.0
 40
6.0
100
AcDbArc
 50
92.275491286
 51
194.0387793631
  0
ARC
  5
B79
330
20C
100
AcDbEntity
  8
2
  6
Continuous
390
DFF
 62
   155
420
  5075865
100
AcDbCircle
 10
185.9063364476
 20
136.0029536532
 30
0.0
 40
6.0
100
AcDbArc
 50
326.4237005163001
 51
336.5126301015
  0
ARC
  5
B7A
330
20C
100
AcDbEntity
  8
2
  6
Continuous
390
DFF
 62
   155
420
  5075865
100
AcDbCircle
 10
185.9063364476
 20
136.0029536532
 30
0.0
 40
6.0
100
AcDbArc
 50
196.57419019
 51
223.9651572991
  0
ARC
  5
B7B
330
20C
100
AcDbEntity
  8
2
  6
Continuous
390
DFF
 62
   155
420
  5075865
100
AcDbCircle
 10
185.9063364476
 20
136.0029536532
 30
0.0
 40
6.0
100
AcDbArc
 50
23.4873694631
 51
89.74008045959999
  0
ARC
  5
B7C
330
20C
100
AcDbEntity
  8
2
  6
Continuous
390
DFF
 62
   155
420
  5075865
100
AcDbCircle
 10
158.9063364476
 20
130.0029536532
 30
0.0
 40
5.2985981061
100
AcDbArc
 50
45.7358040185
 51
81.8626329122
  0
ARC
  5
B7D
330
20C
100
AcDbEntity
  8
2
  6
Continuous
390
DFF
 62
   155
420
  5075865
100
AcDbCircle
 10
158.9063364476
 20
130.0029536532
 30
0.0
 40
5.2985981061
100
AcDbArc
 50
98.1373670878
 51
134.2641959812
  0
ARC
  5
B7E
330
20C
100
AcDbEntity
  8
2
  6
Continuous
390
DFF
 62
   155
420
  5075865
100
AcDbCircle
 10
186.4063364476
 20
130.5029536532
 30
0.0
 40
5.0
100
AcDbArc
 50
164.5180348475
 51
25.870822968
  0
CIRCLE
  5
B7F
330
20C
100
AcDbEntity
  8
2
  6
Continuous
390
DFF
 62
   155
420
  5075865
100
AcDbCircle
 10
186.4063364476
 20
130.5029536532
 30
0.0
 40
4.1746038475
  0
ARC
  5
B80
330
20C
100
AcDbEntity
  8
2
  6
Continuous
390
DFF
 62
   155
420
  5075865
100
AcDbCircle
 10
171.3628855279
 20
133.4029536532
 30
0.0
 40
4.0524077793
100
AcDbArc
 50
270.0000000011
 51
302.6814874297
  0
CIRCLE
  5
B81
330
20C
100
AcDbEntity
  8
2
  6
Continuous
390
DFF
 62
   155
420
  5075865
100
AcDbCircle
 10
186.4063364476
 20
130.5029536532
 30
0.0
 40
4.0
  0
ARC
  5
B82
330
20C
100
AcDbEntity
  8
2
  6
Continuous
390
DFF
 62
   155
420
  5075865
100
AcDbCircle
 10
171.3628855279
 20
133.4029536532
 30
0.0
 40
3.7903688829
100
AcDbArc
 50
270.0000000011
 51
302.6814874297
  0
ARC
  5
B83
330
20C
100
AcDbEntity
  8
2
  6
Continuous
390
DFF
 62
   155
420
  5075865
100
AcDbCircle
 10
171.2162892561
 20
133.9029536532
 30
0.0
 40
3.0
100
AcDbArc
 50
270.0000000011
 51
302.6814874297
  0
CIRCLE
  5
B84
330
20C
100
AcDbEntity
  8
2
  6
Continuous
390
DFF
 62
   155
420
  5075865
100
AcDbCircle
 10
158.9063364476
 20
130.0029536532
 30
0.0
 40
2.8458767963
  0
CIRCLE
  5
B85
330
20C
100
AcDbEntity
  8
2
  6
Continuous
390
DFF
 62
   155
420
  5075865
100
AcDbCircle
 10
158.9063364476
 20
130.0029536532
 30
0.0
 40
2.25
  0
CIRCLE
  5
B86
330
20C
100
AcDbEntity
  8
2
  6
Continuous
390
DFF
 62
   155
420
  5075865
100
AcDbCircle
 10
186.4063364476
 20
130.5029536532
 30
0.0
 40
1.55
  0
ARC
  5
B87
330
20C
100
AcDbEntity
  8
screw
  6
HIDDEN
390
DFF
 62
     8
100
AcDbCircle
 10
158.9063364476
 20
130.0029536532
 30
0.0
 40
1.5
100
AcDbArc
 50
270.0
 51
180.0
  0
CIRCLE
  5
B88
330
20C
100
AcDbEntity
  8
screw
  6
HIDDEN
390
DFF
 62
     8
100
AcDbCircle
 10
158.9063364476
 20
130.0029536532
 30
0.0
 40
1.25
  0
CIRCLE
  5
B89
330
20C
100
AcDbEntity
  8
2
  6
Continuous
390
DFF
 62
   155
420
  5075865
100
AcDbCircle
 10
158.9063364476
 20
130.0029536532
 30
0.0
 40
1.15
  0
CIRCLE
  5
B8A
330
20C
100
AcDbEntity
  8
2
  6
Continuous
390
DFF
 62
   155
420
  5075865
100
AcDbCircle
 10
185.9063364476
 20
136.0029536532
 30
0.0
 40
0.85
  0
CIRCLE
  5
B8B
330
20C
100
AcDbEntity
  8
2
  6
Continuous
390
DFF
 62
   155
420
  5075865
100
AcDbCircle
 10
186.4063364476
 20
130.5029536532
 30
0.0
 40
0.55
  0
ARC
  5
B8C
330
20C
100
AcDbEntity
  8
2
  6
Continuous
390
DFF
 62
   155
420
  5075865
100
AcDbCircle
 10
175.8063364476
 20
147.1844509841
 30
0.0
 40
10.2014018939
100
AcDbArc
 50
11.4039836083
 51
44.26419598170001
  0
ARC
  5
B8D
330
20C
100
AcDbEntity
  8
2
  6
Continuous
390
DFF
 62
   155
420
  5075865
100
AcDbCircle
 10
169.7248391167
 20
141.1029536532
 30
0.0
 40
10.2014018939
100
AcDbArc
 50
225.7358040183
 51
271.0351993299
  0
ARC
  5
B8E
330
20C
100
AcDbEntity
  8
2
  6
Continuous
390
DFF
 62
   155
420
  5075865
100
AcDbCircle
 10
169.724839117
 20
141.1029536538
 30
0.0
 40
8.163728536499999
100
AcDbArc
 50
225.73580402
 51
256.530085337
  0
ARC
  5
B8F
330
20C
100
AcDbEntity
  8
2
  6
Continuous
390
DFF
 62
   155
420
  5075865
100
AcDbCircle
 10
175.8063364477
 20
147.1844509841
 30
0.0
 40
8.163728535900001
100
AcDbArc
 50
13.4040759228
 51
44.2641959815
  0
ARC
  5
B90
330
20C
100
AcDbEntity
  8
2
  6
Continuous
390
DFF
 62
   155
420
  5075865
100
AcDbCircle
 10
180.8063364476
 20
146.0615982256
 30
0.0
 40
5.0
100
AcDbArc
 50
324.8345311119
 51
360.0
  0
ARC
  5
B91
330
20C
100
AcDbEntity
  8
2
  6
Continuous
390
DFF
 62
   155
420
  5075865
100
AcDbCircle
 10
183.5063364476
 20
145.627262904
 30
0.0
 40
4.0524077793
100
AcDbArc
 50
332.357832107
 51
359.9999999989
  0
ARC
  5
B92
330
20C
100
AcDbEntity
  8
2
  6
Continuous
390
DFF
 62
   155
420
  5075865
100
AcDbCircle
 10
183.5063364476
 20
145.627262904
 30
0.0
 40
3.7903688829
100
AcDbArc
 50
327.3185125763
 51
359.9999999989
  0
ARC
  5
B93
330
20C
100
AcDbEntity
  8
2
  6
Continuous
390
DFF
 62
   155
420
  5075865
100
AcDbCircle
 10
230.4377397242
 20
115.8367965887
 30
0.0
 40
43.4443698773
100
AcDbArc
 50
35.5561385103
 51
37.4217079373
  0
ARC
  5
B94
330
20C
100
AcDbEntity
  8
2
  6
Continuous
390
DFF
 62
   155
420
  5075865
100
AcDbCircle
 10
337.9456458942
 20
123.4980545432
 30
0.0
 40
11.2924088473
100
AcDbArc
 50
115.3518414583
 51
116.1672374385
  0
ARC
  5
B95
330
20C
100
AcDbEntity
  8
2
  6
Continuous
390
DFF
 62
   155
420
  5075865
100
AcDbCircle
 10
336.0949805666
 20
123.4980545432
 30
0.0
 40
11.2924088473
100
AcDbArc
 50
63.8327625614
 51
64.6481585416
  0
ARC
  5
B96
330
20C
100
AcDbEntity
  8
2
  6
Continuous
390
DFF
 62
   155
420
  5075865
100
AcDbCircle
 10
259.4899132304
 20
124.3041536532
 30
0.0
 40
1.0
100
AcDbArc
 50
305.2701610172
 51
7.978413375499999
  0
ARC
  5
B97
330
20C
100
AcDbEntity
  8
2
  6
Continuous
390
DFF
 62
   155
420
  5075865
100
AcDbCircle
 10
259.5595132304
 20
124.3229536532
 30
0.0
 40
1.0
100
AcDbArc
 50
59.4804380636
 51
172.7046473604
  0
ARC
  5
B98
330
20C
100
AcDbEntity
  8
2
  6
Continuous
390
DFF
 62
   155
420
  5075865
100
AcDbCircle
 10
259.5595132304
 20
124.3229536532
 30
0.0
 40
1.0
100
AcDbArc
 50
173.1078974207
 51
300.5195619364
  0
ARC
  5
B99
330
20C
100
AcDbEntity
  8
2
  6
Continuous
390
DFF
 62
   155
420
  5075865
100
AcDbCircle
 10
259.4899132304
 20
124.3041536532
 30
0.0
 40
1.0
100
AcDbArc
 50
8.382690433600001
 51
54.7298389828
  0
ARC
  5
B9A
330
20C
100
AcDbEntity
  8
2
  6
Continuous
390
DFF
 62
   155
420
  5075865
100
AcDbCircle
 10
234.3181075919
 20
124.3229536532
 30
0.0
 40
0.3
100
AcDbArc
 50
270.0
 51
90.0
  0
CIRCLE
  5
B9B
330
20C
100
AcDbEntity
  8
2
  6
Continuous
390
DFF
 62
   155
420
  5075865
100
AcDbCircle
 10
259.5595132304
 20
124.3229536532
 30
0.0
 40
0.3
  0
ARC
  5
B9C
330
20C
100
AcDbEntity
  8
2
  6
Continuous
390
DFF
 62
   155
420
  5075865
100
AcDbCircle
 10
275.1203132304
 20
147.1844509841
 30
0.0
 40
10.2014018939
100
AcDbArc
 50
135.7358040183
 51
168.5960163917
  0
ARC
  5
B9D
330
20C
100
AcDbEntity
  8
2
  6
Continuous
390
DFF
 62
   155
420
  5075865
100
AcDbCircle
 10
302.8388158994
 20
141.1029536532
 30
0.0
 40
10.2014018939
100
AcDbArc
 50
225.7358040184999
 51
258.5960163917
  0
ARC
  5
B9E
330
20C
100
AcDbEntity
  8
2
  6
Continuous
390
DFF
 62
   155
420
  5075865
100
AcDbCircle
 10
302.8388158994
 20
141.1029536532
 30
0.0
 40
10.2014018939
100
AcDbArc
 50
268.8580514902
 51
271.1419485098
  0
ARC
  5
B9F
330
20C
100
AcDbEntity
  8
2
  6
Continuous
390
DFF
 62
   155
420
  5075865
100
AcDbCircle
 10
281.2854585964
 20
140.9029536532
 30
0.0
 40
10.0
100
AcDbArc
 50
269.9999999989
 51
314.5626525406
  0
ARC
  5
BA0
330
20C
100
AcDbEntity
  8
2
  6
Continuous
390
DFF
 62
   155
420
  5075865
100
AcDbCircle
 10
302.8388158994
 20
141.1029536532
 30
0.0
 40
8.163728535900001
100
AcDbArc
 50
225.7358040187
 51
252.6140672075
  0
ARC
  5
BA1
330
20C
100
AcDbEntity
  8
2
  6
Continuous
390
DFF
 62
   155
420
  5075865
100
AcDbCircle
 10
281.2018105613
 20
141.1029536532
 30
0.0
 40
8.163728535900001
100
AcDbArc
 50
283.4699146634
 51
314.2641959815
  0
ARC
  5
BA2
330
20C
100
AcDbEntity
  8
2
  6
Continuous
390
DFF
 62
   155
420
  5075865
100
AcDbCircle
 10
275.1203132304
 20
147.1844509841
 30
0.0
 40
8.163728535900001
100
AcDbArc
 50
135.7358040185
 51
166.5959240771
  0
ARC
  5
BA3
330
20C
100
AcDbEntity
  8
2
  6
Continuous
390
DFF
 62
   155
420
  5075865
100
AcDbCircle
 10
292.0203132304
 20
130.0029536532
 30
0.0
 40
7.336271464099999
100
AcDbArc
 50
45.7358040185
 51
134.2641959818
  0
ARC
  5
BA4
330
20C
100
AcDbEntity
  8
2
  6
Continuous
390
DFF
 62
   155
420
  5075865
100
AcDbCircle
 10
265.0203132304
 20
136.0029536532
 30
0.0
 40
7.25
100
AcDbArc
 50
353.1992667755
 51
81.9717938854
  0
ARC
  5
BA5
330
20C
100
AcDbEntity
  8
2
  6
Continuous
390
DFF
 62
   155
420
  5075865
100
AcDbCircle
 10
292.0203132304
 20
130.0029536532
 30
0.0
 40
5.2985981061
100
AcDbArc
 50
98.1373670878
 51
134.5626525406
  0
ARC
  5
BA6
330
20C
100
AcDbEntity
  8
2
  6
Continuous
390
DFF
 62
   155
420
  5075865
100
AcDbCircle
 10
292.0203132304
 20
130.0029536532
 30
0.0
 40
5.2985981061
100
AcDbArc
 50
45.7358040188
 51
81.8626329122
  0
ARC
  5
BA7
330
20C
100
AcDbEntity
  8
2
  6
Continuous
390
DFF
 62
   155
420
  5075865
100
AcDbCircle
 10
337.0203132304
 20
130.5029536532
 30
0.0
 40
5.2968265407
100
AcDbArc
 50
60.2783831364
 51
119.7216168636
  0
ARC
  5
BA8
330
20C
100
AcDbEntity
  8
2
  6
Continuous
390
DFF
 62
   155
420
  5075865
100
AcDbCircle
 10
337.0203132304
 20
130.5029536532
 30
0.0
 40
5.1222226932
100
AcDbArc
 50
142.3313670611
 51
37.6686329389
  0
ARC
  5
BA9
330
20C
100
AcDbEntity
  8
2
  6
Continuous
390
DFF
 62
   155
420
  5075865
100
AcDbCircle
 10
264.5203132304
 20
130.5029536532
 30
0.0
 40
5.1222226932
100
AcDbArc
 50
104.3569979969
 51
65.25414418769999
  0
ARC
  5
BAA
330
20C
100
AcDbEntity
  8
2
  6
Continuous
390
DFF
 62
   155
420
  5075865
100
AcDbCircle
 10
337.0203132304
 20
130.5029536532
 30
0.0
 40
5.0523811542
100
AcDbArc
 50
114.430754028
 51
140.7011955788
  0
ARC
  5
BAB
330
20C
100
AcDbEntity
  8
2
  6
Continuous
390
DFF
 62
   155
420
  5075865
100
AcDbCircle
 10
337.0203132304
 20
130.5029536532
 30
0.0
 40
5.0523811542
100
AcDbArc
 50
39.2988044212
 51
65.569245972
  0
CIRCLE
  5
BAC
330
20C
100
AcDbEntity
  8
2
  6
Continuous
390
DFF
 62
   155
420
  5075865
100
AcDbCircle
 10
337.0203132304
 20
130.5029536532
 30
0.0
 40
5.0
  0
ARC
  5
BAD
330
20C
100
AcDbEntity
  8
2
  6
Continuous
390
DFF
 62
   155
420
  5075865
100
AcDbCircle
 10
270.1203132304
 20
146.0615982256
 30
0.0
 40
5.0
100
AcDbArc
 50
180.0
 51
213.9517848906
  0
ARC
  5
BAE
330
20C
100
AcDbEntity
  8
2
  6
Continuous
390
DFF
 62
   155
420
  5075865
100
AcDbCircle
 10
264.5203132304
 20
130.5029536532
 30
0.0
 40
5.0
100
AcDbArc
 50
104.2482346332
 51
65.3629075514
  0
ARC
  5
BAF
330
20C
100
AcDbEntity
  8
2
  6
Continuous
390
DFF
 62
   155
420
  5075865
100
AcDbCircle
 10
279.710360422
 20
133.9029536532
 30
0.0
 40
4.469841539
100
AcDbArc
 50
237.3185125703
 51
269.9999999989
  0
ARC
  5
BB0
330
20C
100
AcDbEntity
  8
2
  6
Continuous
390
DFF
 62
   155
420
  5075865
100
AcDbCircle
 10
279.710360422
 20
133.9029536532
 30
0.0
 40
4.4
100
AcDbArc
 50
237.3185125703
 51
269.9999999989
  0
ARC
  5
BB1
330
20C
100
AcDbEntity
  8
2
  6
Continuous
390
DFF
 62
   155
420
  5075865
100
AcDbCircle
 10
292.0203132304
 20
130.0029536532
 30
0.0
 40
3.5
100
AcDbArc
 50
189.0805687269
 51
354.2216517741
  0
ARC
  5
BB2
330
20C
100
AcDbEntity
  8
2
  6
Continuous
390
DFF
 62
   155
420
  5075865
100
AcDbCircle
 10
292.0203132304
 20
130.0029536532
 30
0.0
 40
3.5
100
AcDbArc
 50
355.0828996645
 51
188.2132107043
  0
ARC
  5
BB3
330
20C
100
AcDbEntity
  8
2
  6
Continuous
390
DFF
 62
   155
420
  5075865
100
AcDbCircle
 10
325.0203132304
 20
133.1029536532
 30
0.0
 40
3.469841539
100
AcDbArc
 50
270.0
 51
360.0
  0
ARC
  5
BB4
330
20C
100
AcDbEntity
  8
2
  6
Continuous
390
DFF
 62
   155
420
  5075865
100
AcDbCircle
 10
325.0203132304
 20
133.1029536532
 30
0.0
 40
3.4
100
AcDbArc
 50
270.0
 51
360.0
  0
ARC
  5
BB5
330
20C
100
AcDbEntity
  8
2
  6
Continuous
390
DFF
 62
   155
420
  5075865
100
AcDbCircle
 10
279.710360422
 20
133.9029536532
 30
0.0
 40
3.0
100
AcDbArc
 50
237.3185125703
 51
269.9999999989
  0
ARC
  5
BB6
330
20C
100
AcDbEntity
  8
2
  6
Continuous
390
DFF
 62
   155
420
  5075865
100
AcDbCircle
 10
325.0203132304
 20
133.1029536532
 30
0.0
 40
2.0
100
AcDbArc
 50
270.0
 51
360.0
  0
ARC
  5
BB7
330
20C
100
AcDbEntity
  8
2
  6
Continuous
390
DFF
 62
   155
420
  5075865
100
AcDbCircle
 10
329.0203132304
 20
133.1029536532
 30
0.0
 40
2.0
100
AcDbArc
 50
90.0
 51
180.0
  0
ARC
  5
BB8
330
20C
100
AcDbEntity
  8
2
  6
Continuous
390
DFF
 62
   155
420
  5075865
100
AcDbCircle
 10
265.0203132304
 20
136.0029536532
 30
0.0
 40
1.85
100
AcDbArc
 50
328.9151458484
 51
200.6959963361
  0
CIRCLE
  5
BB9
330
20C
100
AcDbEntity
  8
2
  6
Continuous
390
DFF
 62
   155
420
  5075865
100
AcDbCircle
 10
264.5203132304
 20
130.5029536532
 30
0.0
 40
1.55
  0
CIRCLE
  5
BBA
330
20C
100
AcDbEntity
  8
2
  6
Continuous
390
DFF
 62
   155
420
  5075865
100
AcDbCircle
 10
337.0203132304
 20
130.5029536532
 30
0.0
 40
1.55
  0
CIRCLE
  5
BBB
330
20C
100
AcDbEntity
  8
2
  6
Continuous
390
DFF
 62
   155
420
  5075865
100
AcDbCircle
 10
337.0203132304
 20
130.5029536532
 30
0.0
 40
0.9
  0
CIRCLE
  5
BBC
330
20C
100
AcDbEntity
  8
2
  6
Continuous
390
DFF
 62
   155
420
  5075865
100
AcDbCircle
 10
264.5203132304
 20
130.5029536532
 30
0.0
 40
0.9
  0
ARC
  5
BBD
330
20C
100
AcDbEntity
  8
2
  6
Continuous
390
DFF
 62
   155
420
  5075865
100
AcDbCircle
 10
329.0203132304
 20
133.1029536532
 30
0.0
 40
0.6
100
AcDbArc
 50
90.0
 51
180.0
  0
CIRCLE
  5
BBE
330
20C
100
AcDbEntity
  8
2
  6
Continuous
390
DFF
 62
   155
420
  5075865
100
AcDbCircle
 10
337.0203132304
 20
130.5029536532
 30
0.0
 40
0.55
  0
CIRCLE
  5
BBF
330
20C
100
AcDbEntity
  8
2
  6
Continuous
390
DFF
 62
   155
420
  5075865
100
AcDbCircle
 10
264.5203132304
 20
130.5029536532
 30
0.0
 40
0.55
  0
ARC
  5
BC0
330
20C
100
AcDbEntity
  8
2
  6
Continuous
390
DFF
 62
   155
420
  5075865
100
AcDbCircle
 10
329.0203132304
 20
133.1029536532
 30
0.0
 40
0.530158461
100
AcDbArc
 50
90.0
 51
180.0
  0
ARC
  5
BC1
330
20C
100
AcDbEntity
  8
2
  6
Continuous
390
DFF
 62
   155
420
  5075865
100
AcDbCircle
 10
563.3171916914
 20
99.1700012566
 30
0.0
 40
510.2004182899
100
AcDbArc
 50
184.0842344219
 51
184.3094395181
  0
ARC
  5
BC2
330
20C
100
AcDbEntity
  8
2
  6
Continuous
390
DFF
 62
   155
420
  5075865
100
AcDbCircle
 10
400.5512781062999
 20
84.2473110912
 30
0.0
 40
277.0326914446
100
AcDbArc
 50
184.4335272989
 51
184.8485280308
  0
ARC
  5
BC3
330
20C
100
AcDbEntity
  8
2
  6
Continuous
390
DFF
 62
   155
420
  5075865
100
AcDbCircle
 10
454.9027622143
 20
112.248586587
 30
0.0
 40
54.7465738343
100
AcDbArc
 50
146.5368445678
 51
146.7860932642
  0
ARC
  5
BC4
330
20C
100
AcDbEntity
  8
2
  6
Continuous
390
DFF
 62
   155
420
  5075865
100
AcDbCircle
 10
443.59656545
 20
115.8405938937
 30
0.0
 40
43.4370192146
100
AcDbArc
 50
142.577207146
 51
144.4430877743
  0
ARC
  5
BC5
330
20C
100
AcDbEntity
  8
2
  6
Continuous
390
DFF
 62
   155
420
  5075865
100
AcDbCircle
 10
372.0260940074
 20
144.279936785
 30
0.0
 40
35.2479800121
100
AcDbArc
 50
350.5669257511
 51
350.9991470894999
  0
ARC
  5
BC6
330
20C
100
AcDbEntity
  8
2
  6
Continuous
390
DFF
 62
   155
420
  5075865
100
AcDbCircle
 10
396.6888723012
 20
148.3812253497
 30
0.0
 40
15.4076172541
100
AcDbArc
 50
294.9814028364
 51
295.7443675391
  0
ARC
  5
BC7
330
20C
100
AcDbEntity
  8
2
  6
Continuous
390
DFF
 62
   155
420
  5075865
100
AcDbCircle
 10
371.2018105614
 20
141.1029536532
 30
0.0
 40
10.2014018939
100
AcDbArc
 50
268.8580514902
 51
271.1419485098
  0
ARC
  5
BC8
330
20C
100
AcDbEntity
  8
2
  6
Continuous
390
DFF
 62
   155
420
  5075865
100
AcDbCircle
 10
371.2018105614
 20
141.1029536532
 30
0.0
 40
10.2014018939
100
AcDbArc
 50
281.4039836083001
 51
314.2641959815
  0
ARC
  5
BC9
330
20C
100
AcDbEntity
  8
2
  6
Continuous
390
DFF
 62
   155
420
  5075865
100
AcDbCircle
 10
398.9203132304
 20
147.1844509841
 30
0.0
 40
10.2014018939
100
AcDbArc
 50
11.4039836083
 51
44.26419598170001
  0
ARC
  5
BCA
330
20C
100
AcDbEntity
  8
2
  6
Continuous
390
DFF
 62
   155
420
  5075865
100
AcDbCircle
 10
392.7551678644001
 20
140.9029536532
 30
0.0
 40
10.0
100
AcDbArc
 50
225.4373474594
 51
270.0000000011
  0
ARC
  5
BCB
330
20C
100
AcDbEntity
  8
2
  6
Continuous
390
DFF
 62
   155
420
  5075865
100
AcDbCircle
 10
351.8030341949
 20
126.3883536796
 30
0.0
 40
9.543289015800001
100
AcDbArc
 50
131.6864839538
 51
132.1059596116
  0
ARC
  5
BCC
330
20C
100
AcDbEntity
  8
2
  6
Continuous
390
DFF
 62
   155
420
  5075865
100
AcDbCircle
 10
392.8388158995
 20
141.1029536532
 30
0.0
 40
8.163728535900001
100
AcDbArc
 50
225.7358040184999
 51
256.5300853366001
  0
ARC
  5
BCD
330
20C
100
AcDbEntity
  8
2
  6
Continuous
390
DFF
 62
   155
420
  5075865
100
AcDbCircle
 10
371.2018105614
 20
141.1029536532
 30
0.0
 40
8.163728535900001
100
AcDbArc
 50
287.3859327925
 51
314.2641959813
  0
ARC
  5
BCE
330
20C
100
AcDbEntity
  8
2
  6
Continuous
390
DFF
 62
   155
420
  5075865
100
AcDbCircle
 10
398.9203132304
 20
147.1844509841
 30
0.0
 40
8.163728535900001
100
AcDbArc
 50
13.4040759229
 51
44.2641959815
  0
ARC
  5
BCF
330
20C
100
AcDbEntity
  8
2
  6
Continuous
390
DFF
 62
   155
420
  5075865
100
AcDbCircle
 10
382.0203132304
 20
130.0029536532
 30
0.0
 40
7.336271464099999
100
AcDbArc
 50
45.7358040182
 51
134.2641959815
  0
ARC
  5
BD0
330
20C
100
AcDbEntity
  8
2
  6
Continuous
390
DFF
 62
   155
420
  5075865
100
AcDbCircle
 10
409.0203132304
 20
136.0029536532
 30
0.0
 40
7.25
100
AcDbArc
 50
98.0282061146
 51
186.8007332245
  0
ARC
  5
BD1
330
20C
100
AcDbEntity
  8
2
  6
Continuous
390
DFF
 62
   155
420
  5075865
100
AcDbCircle
 10
382.0203132304
 20
130.0029536532
 30
0.0
 40
5.2985981061
100
AcDbArc
 50
45.43734745939999
 51
81.8626329122
  0
ARC
  5
BD2
330
20C
100
AcDbEntity
  8
2
  6
Continuous
390
DFF
 62
   155
420
  5075865
100
AcDbCircle
 10
382.0203132304
 20
130.0029536532
 30
0.0
 40
5.2985981061
100
AcDbArc
 50
98.1373670878
 51
134.2641959812
  0
ARC
  5
BD3
330
20C
100
AcDbEntity
  8
2
  6
Continuous
390
DFF
 62
   155
420
  5075865
100
AcDbCircle
 10
409.5203132304
 20
130.5029536532
 30
0.0
 40
5.1222226932
100
AcDbArc
 50
114.7458558123
 51
75.64300200310001
  0
ARC
  5
BD4
330
20C
100
AcDbEntity
  8
2
  6
Continuous
390
DFF
 62
   155
420
  5075865
100
AcDbCircle
 10
409.5203132304
 20
130.5029536532
 30
0.0
 40
5.0
100
AcDbArc
 50
114.6370924486
 51
75.7517653668
  0
ARC
  5
BD5
330
20C
100
AcDbEntity
  8
2
  6
Continuous
390
DFF
 62
   155
420
  5075865
100
AcDbCircle
 10
403.9203132304
 20
146.0615982256
 30
0.0
 40
5.0
100
AcDbArc
 50
326.0482151094
 51
360.0
  0
ARC
  5
BD6
330
20C
100
AcDbEntity
  8
2
  6
Continuous
390
DFF
 62
   155
420
  5075865
100
AcDbCircle
 10
394.3302660387999
 20
133.9029536532
 30
0.0
 40
4.469841539
100
AcDbArc
 50
270.0000000011
 51
302.6814874297
  0
ARC
  5
BD7
330
20C
100
AcDbEntity
  8
2
  6
Continuous
390
DFF
 62
   155
420
  5075865
100
AcDbCircle
 10
394.3302660387999
 20
133.9029536532
 30
0.0
 40
4.4
100
AcDbArc
 50
270.0000000011
 51
302.6814874297
  0
ARC
  5
BD8
330
20C
100
AcDbEntity
  8
2
  6
Continuous
390
DFF
 62
   155
420
  5075865
100
AcDbCircle
 10
382.0203132304
 20
130.0029536532
 30
0.0
 40
3.5
100
AcDbArc
 50
185.7783482259
 51
350.9194312730999
  0
ARC
  5
BD9
330
20C
100
AcDbEntity
  8
2
  6
Continuous
390
DFF
 62
   155
420
  5075865
100
AcDbCircle
 10
382.0203132304
 20
130.0029536532
 30
0.0
 40
3.5
100
AcDbArc
 50
351.7867892957
 51
184.9171003355
  0
ARC
  5
BDA
330
20C
100
AcDbEntity
  8
2
  6
Continuous
390
DFF
 62
   155
420
  5075865
100
AcDbCircle
 10
349.0203132304
 20
133.1029536532
 30
0.0
 40
3.469841539
100
AcDbArc
 50
180.0
 51
270.0
  0
ARC
  5
BDB
330
20C
100
AcDbEntity
  8
2
  6
Continuous
390
DFF
 62
   155
420
  5075865
100
AcDbCircle
 10
349.0203132304
 20
133.1029536532
 30
0.0
 40
3.4
100
AcDbArc
 50
180.0
 51
270.0
  0
ARC
  5
BDC
330
20C
100
AcDbEntity
  8
2
  6
Continuous
390
DFF
 62
   155
420
  5075865
100
AcDbCircle
 10
394.3302660387999
 20
133.9029536532
 30
0.0
 40
3.0
100
AcDbArc
 50
270.0000000011
 51
302.6814874297
  0
ARC
  5
BDD
330
20C
100
AcDbEntity
  8
2
  6
Continuous
390
DFF
 62
   155
420
  5075865
100
AcDbCircle
 10
349.0203132304
 20
133.1029536532
 30
0.0
 40
2.0
100
AcDbArc
 50
180.0
 51
270.0
  0
ARC
  5
BDE
330
20C
100
AcDbEntity
  8
2
  6
Continuous
390
DFF
 62
   155
420
  5075865
100
AcDbCircle
 10
345.0203132304
 20
133.1029536532
 30
0.0
 40
2.0
100
AcDbArc
 50
0.0
 51
90.0
  0
ARC
  5
BDF
330
20C
100
AcDbEntity
  8
2
  6
Continuous
390
DFF
 62
   155
420
  5075865
100
AcDbCircle
 10
409.0203132304
 20
136.0029536532
 30
0.0
 40
1.85
100
AcDbArc
 50
339.3040036639001
 51
211.0848541516
  0
CIRCLE
  5
BE0
330
20C
100
AcDbEntity
  8
2
  6
Continuous
390
DFF
 62
   155
420
  5075865
100
AcDbCircle
 10
409.5203132304
 20
130.5029536532
 30
0.0
 40
1.55
  0
ARC
  5
BE1
330
20C
100
AcDbEntity
  8
2
  6
Continuous
390
DFF
 62
   155
420
  5075865
100
AcDbCircle
 10
414.4811132304
 20
124.3229536532
 30
0.0
 40
1.0
100
AcDbArc
 50
7.295352639600001
 51
172.7046473604
  0
ARC
  5
BE2
330
20C
100
AcDbEntity
  8
2
  6
Continuous
390
DFF
 62
   155
420
  5075865
100
AcDbCircle
 10
414.4811132304
 20
124.3229536532
 30
0.0
 40
1.0
100
AcDbArc
 50
173.1078974207
 51
6.892102579299999
  0
CIRCLE
  5
BE3
330
20C
100
AcDbEntity
  8
2
  6
Continuous
390
DFF
 62
   155
420
  5075865
100
AcDbCircle
 10
409.5203132304
 20
130.5029536532
 30
0.0
 40
0.9
  0
ARC
  5
BE4
330
20C
100
AcDbEntity
  8
2
  6
Continuous
390
DFF
 62
   155
420
  5075865
100
AcDbCircle
 10
345.0203132304
 20
133.1029536532
 30
0.0
 40
0.6
100
AcDbArc
 50
0.0
 51
90.0
  0
CIRCLE
  5
BE5
330
20C
100
AcDbEntity
  8
2
  6
Continuous
390
DFF
 62
   155
420
  5075865
100
AcDbCircle
 10
409.5203132304
 20
130.5029536532
 30
0.0
 40
0.55
  0
ARC
  5
BE6
330
20C
100
AcDbEntity
  8
2
  6
Continuous
390
DFF
 62
   155
420
  5075865
100
AcDbCircle
 10
345.0203132304
 20
133.1029536532
 30
0.0
 40
0.530158461
100
AcDbArc
 50
0.0
 51
90.0
  0
CIRCLE
  5
BE7
330
20C
100
AcDbEntity
  8
2
  6
Continuous
390
DFF
 62
   155
420
  5075865
100
AcDbCircle
 10
414.4811132304
 20
124.3229536532
 30
0.0
 40
0.3
  0
ARC
  5
BE8
330
20C
100
AcDbEntity
  8
2
  6
Continuous
390
DFF
 62
   155
420
  5075865
100
AcDbCircle
 10
1493.4623207917
 20
-6.027184716900001
 30
0.0
 40
1372.9378846728
100
AcDbArc
 50
176.8326132173
 51
177.0415725899
  0
ARC
  5
BE9
330
20C
100
AcDbEntity
  8
2
  6
Continuous
390
DFF
 62
   155
420
  5075865
100
AcDbCircle
 10
178.818369511
 20
157.1375928774
 30
0.0
 40
13.3524159536
100
AcDbArc
 50
23.5787481786
 51
25.6069366899
  0
ARC
  5
BEA
330
20C
100
AcDbEntity
  8
2
  6
Continuous
390
DFF
 62
   155
420
  5075865
100
AcDbCircle
 10
192.0414299185
 20
186.1782029795
 30
0.0
 40
12.0751677329
100
AcDbArc
 50
134.0030703026
 51
135.2466766925
  0
ARC
  5
BEB
330
20C
100
AcDbEntity
  8
2
  6
Continuous
390
DFF
 62
   155
420
  5075865
100
AcDbCircle
 10
175.8063364476
 20
168.8214563222
 30
0.0
 40
10.2014018939
100
AcDbArc
 50
315.7358040185
 51
1.1419485098
  0
ARC
  5
BEC
330
20C
100
AcDbEntity
  8
2
  6
Continuous
390
DFF
 62
   155
420
  5075865
100
AcDbCircle
 10
182.38730778
 20
151.5229474287
 30
0.0
 40
9.0904737389
100
AcDbArc
 50
298.6715882874
 51
301.1984768786
  0
ARC
  5
BED
330
20C
100
AcDbEntity
  8
2
  6
Continuous
390
DFF
 62
   155
420
  5075865
100
AcDbCircle
 10
175.8063364476
 20
168.8214563222
 30
0.0
 40
8.163728535900001
100
AcDbArc
 50
315.7358040187
 51
346.5300853376
  0
ARC
  5
BEE
330
20C
100
AcDbEntity
  8
2
  6
Continuous
390
DFF
 62
   155
420
  5075865
100
AcDbCircle
 10
186.9063364476
 20
158.0029536532
 30
0.0
 40
7.336271464099999
100
AcDbArc
 50
135.7358040185
 51
224.2641959819
  0
ARC
  5
BEF
330
20C
100
AcDbEntity
  8
2
  6
Continuous
390
DFF
 62
   155
420
  5075865
100
AcDbCircle
 10
186.9063364476
 20
158.0029536532
 30
0.0
 40
5.802407779299999
100
AcDbArc
 50
50.4287680379
 51
61.8491312435
  0
ARC
  5
BF0
330
20C
100
AcDbEntity
  8
2
  6
Continuous
390
DFF
 62
   155
420
  5075865
100
AcDbCircle
 10
186.9063364476
 20
158.0029536532
 30
0.0
 40
5.540368882899999
100
AcDbArc
 50
50.4287680379
 51
61.8491312435
  0
ARC
  5
BF1
330
20C
100
AcDbEntity
  8
2
  6
Continuous
390
DFF
 62
   155
420
  5075865
100
AcDbCircle
 10
186.9063364476
 20
158.0029536532
 30
0.0
 40
5.2985981061
100
AcDbArc
 50
188.1373670878
 51
224.2641959815
  0
ARC
  5
BF2
330
20C
100
AcDbEntity
  8
2
  6
Continuous
390
DFF
 62
   155
420
  5075865
100
AcDbCircle
 10
186.9063364476
 20
158.0029536532
 30
0.0
 40
5.2985981061
100
AcDbArc
 50
135.7358040188
 51
171.8626329122
  0
ARC
  5
BF3
330
20C
100
AcDbEntity
  8
2
  6
Continuous
390
DFF
 62
   155
420
  5075865
100
AcDbCircle
 10
113.9063364476
 20
173.0029536532
 30
0.0
 40
5.2357501148
100
AcDbArc
 50
28.5213696754
 51
151.4786303246
  0
ARC
  5
BF4
330
20C
100
AcDbEntity
  8
2
  6
Continuous
390
DFF
 62
   155
420
  5075865
100
AcDbCircle
 10
113.9063364476
 20
173.0029536532
 30
0.0
 40
5.2357501148
100
AcDbArc
 50
208.5213696754
 51
331.4786303246
  0
ARC
  5
BF5
330
20C
100
AcDbEntity
  8
2
  6
Continuous
390
DFF
 62
   155
420
  5075865
100
AcDbCircle
 10
191.5063364477
 20
149.3666663452
 30
0.0
 40
4.2096311171
100
AcDbArc
 50
122.990942634
 51
180.0
  0
ARC
  5
BF6
330
20C
100
AcDbEntity
  8
2
  6
Continuous
390
DFF
 62
   155
420
  5075865
100
AcDbCircle
 10
191.5063364475
 20
166.59960998
 30
0.0
 40
4.2096311171
100
AcDbArc
 50
180.0
 51
241.8491312435
  0
CIRCLE
  5
BF7
330
20C
100
AcDbEntity
  8
2
  6
Continuous
390
DFF
 62
   155
420
  5075865
100
AcDbCircle
 10
113.9063364476
 20
173.0029536532
 30
0.0
 40
4.1833689606
  0
ARC
  5
BF8
330
20C
100
AcDbEntity
  8
2
  6
Continuous
390
DFF
 62
   155
420
  5075865
100
AcDbCircle
 10
183.5063364475
 20
190.7199534997
 30
0.0
 40
4.0524077793
100
AcDbArc
 50
0.0
 51
84.7840914282
  0
CIRCLE
  5
BF9
330
20C
100
AcDbEntity
  8
2
  6
Continuous
390
DFF
 62
   155
420
  5075865
100
AcDbCircle
 10
113.9063364476
 20
173.0029536532
 30
0.0
 40
4.0
  0
ARC
  5
BFA
330
20C
100
AcDbEntity
  8
2
  6
Continuous
390
DFF
 62
   155
420
  5075865
100
AcDbCircle
 10
191.5063364477
 20
149.3666663452
 30
0.0
 40
3.9475922207
100
AcDbArc
 50
122.990942634
 51
180.0
  0
ARC
  5
BFB
330
20C
100
AcDbEntity
  8
2
  6
Continuous
390
DFF
 62
   155
420
  5075865
100
AcDbCircle
 10
191.5063364475
 20
166.59960998
 30
0.0
 40
3.9475922207
100
AcDbArc
 50
180.0
 51
241.8491312435
  0
ARC
  5
BFC
330
20C
100
AcDbEntity
  8
2
  6
Continuous
390
DFF
 62
   155
420
  5075865
100
AcDbCircle
 10
183.5063364475
 20
190.7199534997
 30
0.0
 40
3.7903688829
100
AcDbArc
 50
0.0
 51
84.7840914282
  0
CIRCLE
  5
BFD
330
20C
100
AcDbEntity
  8
2
  6
Continuous
390
DFF
 62
   155
420
  5075865
100
AcDbCircle
 10
186.9063364476
 20
158.0029536532
 30
0.0
 40
2.8458767963
  0
ARC
  5
BFE
330
20C
100
AcDbEntity
  8
2
  6
Continuous
390
DFF
 62
   155
420
  5075865
100
AcDbCircle
 10
183.5063364475
 20
190.7199534997
 30
0.0
 40
2.5
100
AcDbArc
 50
0.0
 51
84.7840914282
  0
CIRCLE
  5
BFF
330
20C
100
AcDbEntity
  8
2
  6
Continuous
390
DFF
 62
   155
420
  5075865
100
AcDbCircle
 10
186.9063364476
 20
158.0029536532
 30
0.0
 40
2.25
  0
CIRCLE
  5
C00
330
20C
100
AcDbEntity
  8
2
  6
Continuous
390
DFF
 62
   155
420
  5075865
100
AcDbCircle
 10
113.9063364476
 20
173.0029536532
 30
0.0
 40
1.55
  0
CIRCLE
  5
C01
330
20C
100
AcDbEntity
  8
2
  6
Continuous
390
DFF
 62
   155
420
  5075865
100
AcDbCircle
 10
188.9063364476
 20
178.0029536532
 30
0.0
 40
1.5
  0
ARC
  5
C02
330
20C
100
AcDbEntity
  8
screw
  6
HIDDEN
390
DFF
 62
     8
100
AcDbCircle
 10
186.9063364476
 20
158.0029536532
 30
0.0
 40
1.5
100
AcDbArc
 50
270.0
 51
180.0
  0
CIRCLE
  5
C03
330
20C
100
AcDbEntity
  8
screw
  6
HIDDEN
390
DFF
 62
     8
100
AcDbCircle
 10
186.9063364476
 20
158.0029536532
 30
0.0
 40
1.25
  0
ARC
  5
C04
330
20C
100
AcDbEntity
  8
2
  6
Continuous
390
DFF
 62
   155
420
  5075865
100
AcDbCircle
 10
191.2063365421
 20
152.7486342868
 30
0.0
 40
1.2096311171
100
AcDbArc
 50
106.6719320081
 51
122.990942634
  0
ARC
  5
C05
330
20C
100
AcDbEntity
  8
2
  6
Continuous
390
DFF
 62
   155
420
  5075865
100
AcDbCircle
 10
191.2063364477
 20
163.2060777147
 30
0.0
 40
1.2096311171
100
AcDbArc
 50
230.4287680379
 51
253.3280726618
  0
CIRCLE
  5
C06
330
20C
100
AcDbEntity
  8
2
  6
Continuous
390
DFF
 62
   155
420
  5075865
100
AcDbCircle
 10
186.9063364476
 20
158.0029536532
 30
0.0
 40
1.15
  0
ARC
  5
C07
330
20C
100
AcDbEntity
  8
2
  6
Continuous
390
DFF
 62
   155
420
  5075865
100
AcDbCircle
 10
191.2063364477
 20
163.2060777147
 30
0.0
 40
0.9475922206999999
100
AcDbArc
 50
230.4287680379
 51
248.5169735072
  0
ARC
  5
C08
330
20C
100
AcDbEntity
  8
2
  6
Continuous
390
DFF
 62
   155
420
  5075865
100
AcDbCircle
 10
191.2063365421
 20
152.7486342868
 30
0.0
 40
0.9475922206999999
100
AcDbArc
 50
111.4830326298
 51
122.990942634
  0
CIRCLE
  5
C09
330
20C
100
AcDbEntity
  8
2
  6
Continuous
390
DFF
 62
   155
420
  5075865
100
AcDbCircle
 10
113.9063364476
 20
173.0029536532
 30
0.0
 40
0.55
  0
ARC
  5
C0A
330
20C
100
AcDbEntity
  8
2
  6
Continuous
390
DFF
 62
   155
420
  5075865
100
AcDbCircle
 10
192.0128288722
 20
219.7971684282
 30
0.0
 40
12.0333432025
100
AcDbArc
 50
224.7459503858001
 51
225.9938812238
  0
ARC
  5
C0B
330
20C
100
AcDbEntity
  8
2
  6
Continuous
390
DFF
 62
   155
420
  5075865
100
AcDbCircle
 10
175.8063364476
 20
237.1844509842
 30
0.0
 40
10.2014018939
100
AcDbArc
 50
358.8580514901999
 51
44.2641959815
  0
ARC
  5
C0C
330
20C
100
AcDbEntity
  8
2
  6
Continuous
390
DFF
 62
   155
420
  5075865
100
AcDbCircle
 10
175.8063364476
 20
237.1844509842
 30
0.0
 40
8.163728535900001
100
AcDbArc
 50
13.4699146624
 51
44.26419598130001
  0
ARC
  5
C0D
330
20C
100
AcDbEntity
  8
2
  6
Continuous
390
DFF
 62
   155
420
  5075865
100
AcDbCircle
 10
186.4063364476
 20
203.0029536532
 30
0.0
 40
5.2968265407
100
AcDbArc
 50
146.1692781699
 51
213.8307218301
  0
ARC
  5
C0E
330
20C
100
AcDbEntity
  8
2
  6
Continuous
390
DFF
 62
   155
420
  5075865
100
AcDbCircle
 10
113.9063364476
 20
233.0029536532
 30
0.0
 40
5.2357151941
100
AcDbArc
 50
28.5215773491
 51
151.4784226509
  0
ARC
  5
C0F
330
20C
100
AcDbEntity
  8
2
  6
Continuous
390
DFF
 62
   155
420
  5075865
100
AcDbCircle
 10
113.9063364476
 20
233.0029536532
 30
0.0
 40
5.2357151941
100
AcDbArc
 50
208.5215773491
 51
331.4784226509
  0
ARC
  5
C10
330
20C
100
AcDbEntity
  8
2
  6
Continuous
390
DFF
 62
   155
420
  5075865
100
AcDbCircle
 10
186.4063364476
 20
203.0029536532
 30
0.0
 40
5.0
100
AcDbArc
 50
128.4569343596
 51
151.6423634237
  0
ARC
  5
C11
330
20C
100
AcDbEntity
  8
2
  6
Continuous
390
DFF
 62
   155
420
  5075865
100
AcDbCircle
 10
186.4063364476
 20
203.0029536532
 30
0.0
 40
5.0
100
AcDbArc
 50
208.3576365763
 51
231.5430656404
  0
ARC
  5
C12
330
20C
100
AcDbEntity
  8
2
  6
Continuous
390
DFF
 62
   155
420
  5075865
100
AcDbCircle
 10
186.4063364476
 20
203.0029536532
 30
0.0
 40
4.2444453864
100
AcDbArc
 50
135.0676095537
 51
224.9323904463
  0
CIRCLE
  5
C13
330
20C
100
AcDbEntity
  8
2
  6
Continuous
390
DFF
 62
   155
420
  5075865
100
AcDbCircle
 10
113.9063364476
 20
233.0029536532
 30
0.0
 40
4.1833340398
  0
ARC
  5
C14
330
20C
100
AcDbEntity
  8
2
  6
Continuous
390
DFF
 62
   155
420
  5075865
100
AcDbCircle
 10
186.4063364476
 20
203.0029536532
 30
0.0
 40
4.139683078
100
AcDbArc
 50
226.537721515
 51
133.462278485
  0
ARC
  5
C15
330
20C
100
AcDbEntity
  8
2
  6
Continuous
390
DFF
 62
   155
420
  5075865
100
AcDbCircle
 10
183.5063364475
 20
215.2859538068
 30
0.0
 40
4.0524077793
100
AcDbArc
 50
275.2159085718
 51
360.0
  0
CIRCLE
  5
C16
330
20C
100
AcDbEntity
  8
2
  6
Continuous
390
DFF
 62
   155
420
  5075865
100
AcDbCircle
 10
186.4063364476
 20
203.0029536532
 30
0.0
 40
4.0
  0
CIRCLE
  5
C17
330
20C
100
AcDbEntity
  8
2
  6
Continuous
390
DFF
 62
   155
420
  5075865
100
AcDbCircle
 10
113.9063364476
 20
233.0029536532
 30
0.0
 40
4.0
  0
ARC
  5
C18
330
20C
100
AcDbEntity
  8
2
  6
Continuous
390
DFF
 62
   155
420
  5075865
100
AcDbCircle
 10
183.5063364475
 20
215.2859538068
 30
0.0
 40
3.7903688829
100
AcDbArc
 50
275.2159085718
 51
360.0
  0
ARC
  5
C19
330
20C
100
AcDbEntity
  8
2
  6
Continuous
390
DFF
 62
   155
420
  5075865
100
AcDbCircle
 10
183.5063364475
 20
215.2859538068
 30
0.0
 40
2.5
100
AcDbArc
 50
275.2159085718
 51
360.0
  0
ARC
  5
C1A
330
20C
100
AcDbEntity
  8
2
  6
Continuous
390
DFF
 62
   155
420
  5075865
100
AcDbCircle
 10
183.9063364476
 20
210.9041733468
 30
0.0
 40
1.9
100
AcDbArc
 50
95.2159085718
 51
180.0
  0
ARC
  5
C1B
330
20C
100
AcDbEntity
  8
2
  6
Continuous
390
DFF
 62
   155
420
  5075865
100
AcDbCircle
 10
183.9063364476
 20
195.1017339596
 30
0.0
 40
1.9
100
AcDbArc
 50
180.0
 51
264.7840914282
  0
CIRCLE
  5
C1C
330
20C
100
AcDbEntity
  8
2
  6
Continuous
390
DFF
 62
   155
420
  5075865
100
AcDbCircle
 10
113.9063364476
 20
233.0029536532
 30
0.0
 40
1.55
  0
CIRCLE
  5
C1D
330
20C
100
AcDbEntity
  8
2
  6
Continuous
390
DFF
 62
   155
420
  5075865
100
AcDbCircle
 10
186.4063364476
 20
203.0029536532
 30
0.0
 40
1.55
  0
ARC
  5
C1E
330
20C
100
AcDbEntity
  8
2
  6
Continuous
390
DFF
 62
   155
420
  5075865
100
AcDbCircle
 10
183.9063364476
 20
195.1017339596
 30
0.0
 40
0.6096311171000001
100
AcDbArc
 50
180.0
 51
264.7840914281
  0
ARC
  5
C1F
330
20C
100
AcDbEntity
  8
2
  6
Continuous
390
DFF
 62
   155
420
  5075865
100
AcDbCircle
 10
183.9063364476
 20
210.9041733468
 30
0.0
 40
0.6096311171000001
100
AcDbArc
 50
95.2159085719
 51
180.0
  0
CIRCLE
  5
C20
330
20C
100
AcDbEntity
  8
2
  6
Continuous
390
DFF
 62
   155
420
  5075865
100
AcDbCircle
 10
113.9063364476
 20
233.0029536532
 30
0.0
 40
0.55
  0
CIRCLE
  5
C21
330
20C
100
AcDbEntity
  8
2
  6
Continuous
390
DFF
 62
   155
420
  5075865
100
AcDbCircle
 10
186.4063364476
 20
203.0029536532
 30
0.0
 40
0.55
  0
ARC
  5
C22
330
20C
100
AcDbEntity
  8
2
  6
Continuous
390
DFF
 62
   155
420
  5075865
100
AcDbCircle
 10
183.9063364476
 20
195.1017339596
 30
0.0
 40
0.3475922207
100
AcDbArc
 50
180.0
 51
264.7840914281
  0
ARC
  5
C23
330
20C
100
AcDbEntity
  8
2
  6
Continuous
390
DFF
 62
   155
420
  5075865
100
AcDbCircle
 10
183.9063364476
 20
210.9041733468
 30
0.0
 40
0.3475922207
100
AcDbArc
 50
95.2159085718
 51
180.0
  0
ARC
  5
C24
330
20C
100
AcDbEntity
  8
2
  6
Continuous
390
DFF
 62
   155
420
  5075865
100
AcDbCircle
 10
275.1203132304
 20
168.8214563222
 30
0.0
 40
10.2014018939
100
AcDbArc
 50
181.0511831518999
 51
224.2641959815
  0
ARC
  5
C25
330
20C
100
AcDbEntity
  8
2
  6
Continuous
390
DFF
 62
   155
420
  5075865
100
AcDbCircle
 10
275.1203132304
 20
168.8214563222
 30
0.0
 40
8.163728535900001
100
AcDbArc
 50
193.4699146624
 51
224.2641959813
  0
ARC
  5
C26
330
20C
100
AcDbEntity
  8
2
  6
Continuous
390
DFF
 62
   155
420
  5075865
100
AcDbCircle
 10
264.0203132304
 20
158.0029536532
 30
0.0
 40
7.336271464099999
100
AcDbArc
 50
315.7358040182
 51
44.2641959815
  0
ARC
  5
C27
330
20C
100
AcDbEntity
  8
2
  6
Continuous
390
DFF
 62
   155
420
  5075865
100
AcDbCircle
 10
264.0203132304
 20
158.0029536532
 30
0.0
 40
5.2985981061
100
AcDbArc
 50
315.7358040185
 51
351.8626329122
  0
ARC
  5
C28
330
20C
100
AcDbEntity
  8
2
  6
Continuous
390
DFF
 62
   155
420
  5075865
100
AcDbCircle
 10
264.0203132304
 20
158.0029536532
 30
0.0
 40
5.2985981061
100
AcDbArc
 50
8.1373670878
 51
44.2641959812
  0
ARC
  5
C29
330
20C
100
AcDbEntity
  8
2
  6
Continuous
390
DFF
 62
   155
420
  5075865
100
AcDbCircle
 10
267.4203132305
 20
190.7199534996
 30
0.0
 40
3.969841539
100
AcDbArc
 50
95.2159085718
 51
180.0
  0
ARC
  5
C2A
330
20C
100
AcDbEntity
  8
2
  6
Continuous
390
DFF
 62
   155
420
  5075865
100
AcDbCircle
 10
267.4203132305
 20
190.7199534997
 30
0.0
 40
3.9
100
AcDbArc
 50
95.2159085718
 51
180.0
  0
ARC
  5
C2B
330
20C
100
AcDbEntity
  8
2
  6
Continuous
390
DFF
 62
   155
420
  5075865
100
AcDbCircle
 10
264.0203132304
 20
158.0029536532
 30
0.0
 40
3.5
100
AcDbArc
 50
99.08056872379998
 51
264.2216517741
  0
ARC
  5
C2C
330
20C
100
AcDbEntity
  8
2
  6
Continuous
390
DFF
 62
   155
420
  5075865
100
AcDbCircle
 10
264.0203132304
 20
158.0029536532
 30
0.0
 40
3.5
100
AcDbArc
 50
265.0828996645
 51
98.21321070010001
  0
ARC
  5
C2D
330
20C
100
AcDbEntity
  8
2
  6
Continuous
390
DFF
 62
   155
420
  5075865
100
AcDbCircle
 10
267.4203132305
 20
190.7199534997
 30
0.0
 40
2.5
100
AcDbArc
 50
95.2159085718
 51
180.0
  0
ARC
  5
C2E
330
20C
100
AcDbEntity
  8
2
  6
Continuous
390
DFF
 62
   155
420
  5075865
100
AcDbCircle
 10
218.3181075919
 20
177.5029536532
 30
0.0
 40
1.0
100
AcDbArc
 50
180.0
 51
270.0
  0
ARC
  5
C2F
330
20C
100
AcDbEntity
  8
2
  6
Continuous
390
DFF
 62
   155
420
  5075865
100
AcDbCircle
 10
218.3181075919
 20
178.5029536532
 30
0.0
 40
1.0
100
AcDbArc
 50
90.0
 51
180.0
  0
ARC
  5
C30
330
20C
100
AcDbEntity
  8
2
  6
Continuous
390
DFF
 62
   155
420
  5075865
100
AcDbCircle
 10
257.3146325048
 20
201.9155817218
 30
0.0
 40
11.4326641363
100
AcDbArc
 50
26.7883617264
 51
27.5548438939
  0
ARC
  5
C31
330
20C
100
AcDbEntity
  8
2
  6
Continuous
390
DFF
 62
   155
420
  5075865
100
AcDbCircle
 10
257.3146364842
 20
204.090323542
 30
0.0
 40
11.4326596633
100
AcDbArc
 50
332.4451559564
 51
333.2116384238
  0
ARC
  5
C32
330
20C
100
AcDbEntity
  8
2
  6
Continuous
390
DFF
 62
   155
420
  5075865
100
AcDbCircle
 10
275.1203132304
 20
237.1844509842
 30
0.0
 40
10.2014018939
100
AcDbArc
 50
135.7358040185
 51
178.9488168481
  0
ARC
  5
C33
330
20C
100
AcDbEntity
  8
2
  6
Continuous
390
DFF
 62
   155
420
  5075865
100
AcDbCircle
 10
275.1203132304
 20
237.1844509842
 30
0.0
 40
8.163728535900001
100
AcDbArc
 50
135.7358040187
 51
166.5300853376
  0
ARC
  5
C34
330
20C
100
AcDbEntity
  8
2
  6
Continuous
390
DFF
 62
   155
420
  5075865
100
AcDbCircle
 10
264.5203132304
 20
203.0029536532
 30
0.0
 40
5.2968265407
100
AcDbArc
 50
326.1692781699
 51
33.8307218301
  0
ARC
  5
C35
330
20C
100
AcDbEntity
  8
2
  6
Continuous
390
DFF
 62
   155
420
  5075865
100
AcDbCircle
 10
264.5203132304
 20
203.0029536532
 30
0.0
 40
5.1222226932
100
AcDbArc
 50
55.1068205975
 51
304.8931794025
  0
ARC
  5
C36
330
20C
100
AcDbEntity
  8
2
  6
Continuous
390
DFF
 62
   155
420
  5075865
100
AcDbCircle
 10
264.5203132304
 20
203.0029536532
 30
0.0
 40
5.0523811542
100
AcDbArc
 50
29.4393456349
 51
53.5743307673
  0
ARC
  5
C37
330
20C
100
AcDbEntity
  8
2
  6
Continuous
390
DFF
 62
   155
420
  5075865
100
AcDbCircle
 10
264.5203132304
 20
203.0029536532
 30
0.0
 40
5.0523811542
100
AcDbArc
 50
306.4256692327
 51
330.5606543650999
  0
CIRCLE
  5
C38
330
20C
100
AcDbEntity
  8
2
  6
Continuous
390
DFF
 62
   155
420
  5075865
100
AcDbCircle
 10
264.5203132304
 20
203.0029536532
 30
0.0
 40
5.0
  0
ARC
  5
C39
330
20C
100
AcDbEntity
  8
2
  6
Continuous
390
DFF
 62
   155
420
  5075865
100
AcDbCircle
 10
267.4203132305
 20
215.2859538068
 30
0.0
 40
3.969841539
100
AcDbArc
 50
180.0
 51
264.7840914282
  0
ARC
  5
C3A
330
20C
100
AcDbEntity
  8
2
  6
Continuous
390
DFF
 62
   155
420
  5075865
100
AcDbCircle
 10
267.4203132305
 20
215.2859538068
 30
0.0
 40
3.9
100
AcDbArc
 50
180.0
 51
264.7840914282
  0
ARC
  5
C3B
330
20C
100
AcDbEntity
  8
2
  6
Continuous
390
DFF
 62
   155
420
  5075865
100
AcDbCircle
 10
267.4203132305
 20
215.2859538068
 30
0.0
 40
2.5
100
AcDbArc
 50
180.0
 51
264.7840914282
  0
ARC
  5
C3C
330
20C
100
AcDbEntity
  8
2
  6
Continuous
390
DFF
 62
   155
420
  5075865
100
AcDbCircle
 10
267.0203132304
 20
210.9041733468
 30
0.0
 40
1.9
100
AcDbArc
 50
0.0
 51
84.7840914282
  0
ARC
  5
C3D
330
20C
100
AcDbEntity
  8
2
  6
Continuous
390
DFF
 62
   155
420
  5075865
100
AcDbCircle
 10
267.0203132304
 20
195.1017339596
 30
0.0
 40
1.9
100
AcDbArc
 50
275.2159085718
 51
360.0
  0
CIRCLE
  5
C3E
330
20C
100
AcDbEntity
  8
2
  6
Continuous
390
DFF
 62
   155
420
  5075865
100
AcDbCircle
 10
264.5203132304
 20
203.0029536532
 30
0.0
 40
1.55
  0
ARC
  5
C3F
330
20C
100
AcDbEntity
  8
2
  6
Continuous
390
DFF
 62
   155
420
  5075865
100
AcDbCircle
 10
218.3181075919
 20
227.5029536532
 30
0.0
 40
1.0
100
AcDbArc
 50
180.0
 51
270.0
  0
ARC
  5
C40
330
20C
100
AcDbEntity
  8
2
  6
Continuous
390
DFF
 62
   155
420
  5075865
100
AcDbCircle
 10
218.3181075919
 20
228.5029536532
 30
0.0
 40
1.0
100
AcDbArc
 50
90.0
 51
180.0
  0
CIRCLE
  5
C41
330
20C
100
AcDbEntity
  8
2
  6
Continuous
390
DFF
 62
   155
420
  5075865
100
AcDbCircle
 10
264.5203132304
 20
203.0029536532
 30
0.0
 40
0.9
  0
CIRCLE
  5
C42
330
20C
100
AcDbEntity
  8
2
  6
Continuous
390
DFF
 62
   155
420
  5075865
100
AcDbCircle
 10
264.5203132304
 20
203.0029536532
 30
0.0
 40
0.55
  0
ARC
  5
C43
330
20C
100
AcDbEntity
  8
2
  6
Continuous
390
DFF
 62
   155
420
  5075865
100
AcDbCircle
 10
267.0203132304
 20
195.1017339596
 30
0.0
 40
0.5
100
AcDbArc
 50
275.2159085718
 51
360.0
  0
ARC
  5
C44
330
20C
100
AcDbEntity
  8
2
  6
Continuous
390
DFF
 62
   155
420
  5075865
100
AcDbCircle
 10
267.0203132304
 20
210.9041733468
 30
0.0
 40
0.5
100
AcDbArc
 50
0.0
 51
84.7840914282
  0
ARC
  5
C45
330
20C
100
AcDbEntity
  8
2
  6
Continuous
390
DFF
 62
   155
420
  5075865
100
AcDbCircle
 10
267.0203132304
 20
195.1017339596
 30
0.0
 40
0.430158461
100
AcDbArc
 50
275.2159085718
 51
360.0
  0
ARC
  5
C46
330
20C
100
AcDbEntity
  8
2
  6
Continuous
390
DFF
 62
   155
420
  5075865
100
AcDbCircle
 10
267.0203132304
 20
210.9041733468
 30
0.0
 40
0.430158461
100
AcDbArc
 50
0.0
 51
84.7840914282
  0
ARC
  5
C47
330
20C
100
AcDbEntity
  8
2
  6
Continuous
390
DFF
 62
   155
420
  5075865
100
AcDbCircle
 10
130.7609409639
 20
280.7581257601
 30
0.0
 40
11.815596169
100
AcDbArc
 50
223.8373624427
 51
225.1084071966
  0
ARC
  5
C48
330
20C
100
AcDbEntity
  8
2
  6
Continuous
390
DFF
 62
   155
420
  5075865
100
AcDbCircle
 10
148.0878337786
 20
264.9029536532
 30
0.0
 40
10.2014018939
100
AcDbArc
 50
45.7358040185
 51
78.5960163917
  0
ARC
  5
C49
330
20C
100
AcDbEntity
  8
2
  6
Continuous
390
DFF
 62
   155
420
  5075865
100
AcDbCircle
 10
148.0878337787
 20
264.9029536534
 30
0.0
 40
8.163728535700001
100
AcDbArc
 50
45.7358040181
 51
72.6140672077
  0
ARC
  5
C4A
330
20C
100
AcDbEntity
  8
2
  6
Continuous
390
DFF
 62
   155
420
  5075865
100
AcDbCircle
 10
113.9063364476
 20
275.5029536532
 30
0.0
 40
5.2968265407
100
AcDbArc
 50
240.2783831364
 51
299.7216168636
  0
ARC
  5
C4B
330
20C
100
AcDbEntity
  8
2
  6
Continuous
390
DFF
 62
   155
420
  5075865
100
AcDbCircle
 10
113.9063364476
 20
275.5029536532
 30
0.0
 40
5.0
100
AcDbArc
 50
218.4569343596
 51
246.9260819344
  0
ARC
  5
C4C
330
20C
100
AcDbEntity
  8
2
  6
Continuous
390
DFF
 62
   155
420
  5075865
100
AcDbCircle
 10
113.9063364476
 20
275.5029536532
 30
0.0
 40
5.0
100
AcDbArc
 50
293.0739180656
 51
321.5430656404001
  0
ARC
  5
C4D
330
20C
100
AcDbEntity
  8
2
  6
Continuous
390
DFF
 62
   155
420
  5075865
100
AcDbCircle
 10
113.9063364476
 20
275.5029536532
 30
0.0
 40
4.2444453864
100
AcDbArc
 50
225.0676095537
 51
314.9323904463
  0
ARC
  5
C4E
330
20C
100
AcDbEntity
  8
2
  6
Continuous
390
DFF
 62
   155
420
  5075865
100
AcDbCircle
 10
113.9063364476
 20
275.5029536532
 30
0.0
 40
4.139683078
100
AcDbArc
 50
316.537721515
 51
223.462278485
  0
ARC
  5
C4F
330
20C
100
AcDbEntity
  8
2
  6
Continuous
390
DFF
 62
   155
420
  5075865
100
AcDbCircle
 10
126.4063364476
 20
272.4029536528
 30
0.0
 40
4.0524077793
100
AcDbArc
 50
90.00000000109999
 51
173.6206297863
  0
CIRCLE
  5
C50
330
20C
100
AcDbEntity
  8
2
  6
Continuous
390
DFF
 62
   155
420
  5075865
100
AcDbCircle
 10
113.9063364476
 20
275.5029536532
 30
0.0
 40
4.0
  0
ARC
  5
C51
330
20C
100
AcDbEntity
  8
2
  6
Continuous
390
DFF
 62
   155
420
  5075865
100
AcDbCircle
 10
126.4063364476
 20
272.4029536528
 30
0.0
 40
3.7903688829
100
AcDbArc
 50
90.00000000109999
 51
173.6206297863
  0
ARC
  5
C52
330
20C
100
AcDbEntity
  8
2
  6
Continuous
390
DFF
 62
   155
420
  5075865
100
AcDbCircle
 10
150.6832706116
 20
279.4029536533
 30
0.0
 40
3.2096311171
100
AcDbArc
 50
270.0000000011
 51
327.009057366
  0
ARC
  5
C53
330
20C
100
AcDbEntity
  8
2
  6
Continuous
390
DFF
 62
   155
420
  5075865
100
AcDbCircle
 10
150.6832706116
 20
279.4029536533
 30
0.0
 40
2.9475922207
100
AcDbArc
 50
270.0000000011
 51
327.009057366
  0
ARC
  5
C54
330
20C
100
AcDbEntity
  8
2
  6
Continuous
390
DFF
 62
   155
420
  5075865
100
AcDbCircle
 10
121.9063364476
 20
272.9029536532
 30
0.0
 40
2.0
100
AcDbArc
 50
270.0
 51
360.0
  0
ARC
  5
C55
330
20C
100
AcDbEntity
  8
2
  6
Continuous
390
DFF
 62
   155
420
  5075865
100
AcDbCircle
 10
125.9063364476
 20
272.9029536532
 30
0.0
 40
2.0
100
AcDbArc
 50
90.0
 51
180.0
  0
CIRCLE
  5
C56
330
20C
100
AcDbEntity
  8
2
  6
Continuous
390
DFF
 62
   155
420
  5075865
100
AcDbCircle
 10
113.9063364476
 20
275.5029536532
 30
0.0
 40
1.55
  0
CIRCLE
  5
C57
330
20C
100
AcDbEntity
  8
2
  6
Continuous
390
DFF
 62
   155
420
  5075865
100
AcDbCircle
 10
138.9063364476
 20
278.0029536532
 30
0.0
 40
1.5
  0
ARC
  5
C58
330
20C
100
AcDbEntity
  8
2
  6
Continuous
390
DFF
 62
   155
420
  5075865
100
AcDbCircle
 10
121.9342004927
 20
272.9029536532
 30
0.0
 40
0.7096311170999999
100
AcDbArc
 50
270.0
 51
353.6206297863
  0
CIRCLE
  5
C59
330
20C
100
AcDbEntity
  8
2
  6
Continuous
390
DFF
 62
   155
420
  5075865
100
AcDbCircle
 10
113.9063364476
 20
275.5029536532
 30
0.0
 40
0.55
  0
ARC
  5
C5A
330
20C
100
AcDbEntity
  8
2
  6
Continuous
390
DFF
 62
   155
420
  5075865
100
AcDbCircle
 10
121.9342004927
 20
272.9029536532
 30
0.0
 40
0.4475922207
100
AcDbArc
 50
270.0
 51
353.6206297863
  0
ARC
  5
C5B
330
20C
100
AcDbEntity
  8
2
  6
Continuous
390
DFF
 62
   155
420
  5075865
100
AcDbCircle
 10
175.8063364476
 20
258.8214563223
 30
0.0
 40
10.2014018939
100
AcDbArc
 50
315.7358040183
 51
348.5960163917
  0
ARC
  5
C5C
330
20C
100
AcDbEntity
  8
2
  6
Continuous
390
DFF
 62
   155
420
  5075865
100
AcDbCircle
 10
182.3873077803
 20
254.4829598783
 30
0.0
 40
9.0904737384
100
AcDbArc
 50
58.8015231213
 51
61.32841171259999
  0
ARC
  5
C5D
330
20C
100
AcDbEntity
  8
2
  6
Continuous
390
DFF
 62
   155
420
  5075865
100
AcDbCircle
 10
175.8063364477
 20
258.8214563223
 30
0.0
 40
8.163728535900001
100
AcDbArc
 50
315.7358040185
 51
346.5959240772
  0
ARC
  5
C5E
330
20C
100
AcDbEntity
  8
2
  6
Continuous
390
DFF
 62
   155
420
  5075865
100
AcDbCircle
 10
186.9063364476
 20
248.0029536532
 30
0.0
 40
7.336271464099999
100
AcDbArc
 50
135.7358040181
 51
224.2641959815
  0
ARC
  5
C5F
330
20C
100
AcDbEntity
  8
2
  6
Continuous
390
DFF
 62
   155
420
  5075865
100
AcDbCircle
 10
186.9063364476
 20
248.0029536532
 30
0.0
 40
5.802407779299999
100
AcDbArc
 50
298.1508687565
 51
309.5712319621
  0
ARC
  5
C60
330
20C
100
AcDbEntity
  8
2
  6
Continuous
390
DFF
 62
   155
420
  5075865
100
AcDbCircle
 10
186.9063364476
 20
248.0029536532
 30
0.0
 40
5.540368882899999
100
AcDbArc
 50
298.1508687565
 51
309.5712319621
  0
ARC
  5
C61
330
20C
100
AcDbEntity
  8
2
  6
Continuous
390
DFF
 62
   155
420
  5075865
100
AcDbCircle
 10
186.9063364476
 20
248.0029536532
 30
0.0
 40
5.2985981061
100
AcDbArc
 50
135.7358040185
 51
171.8626329122
  0
ARC
  5
C62
330
20C
100
AcDbEntity
  8
2
  6
Continuous
390
DFF
 62
   155
420
  5075865
100
AcDbCircle
 10
186.9063364476
 20
248.0029536532
 30
0.0
 40
5.2985981061
100
AcDbArc
 50
188.1373670878
 51
224.2641959812
  0
ARC
  5
C63
330
20C
100
AcDbEntity
  8
2
  6
Continuous
390
DFF
 62
   155
420
  5075865
100
AcDbCircle
 10
180.8063364476
 20
259.9443090808
 30
0.0
 40
5.0
100
AcDbArc
 50
0.0
 51
35.1654688881
  0
ARC
  5
C64
330
20C
100
AcDbEntity
  8
2
  6
Continuous
390
DFF
 62
   155
420
  5075865
100
AcDbCircle
 10
191.5063364477
 20
256.6392409613
 30
0.0
 40
4.2096311171
100
AcDbArc
 50
180.0
 51
237.009057366
  0
ARC
  5
C65
330
20C
100
AcDbEntity
  8
2
  6
Continuous
390
DFF
 62
   155
420
  5075865
100
AcDbCircle
 10
191.5063364475
 20
239.4062973264
 30
0.0
 40
4.2096311171
100
AcDbArc
 50
118.1508687565
 51
180.0
  0
ARC
  5
C66
330
20C
100
AcDbEntity
  8
2
  6
Continuous
390
DFF
 62
   155
420
  5075865
100
AcDbCircle
 10
191.5063364477
 20
256.6392409613
 30
0.0
 40
3.9475922207
100
AcDbArc
 50
180.0
 51
237.009057366
  0
ARC
  5
C67
330
20C
100
AcDbEntity
  8
2
  6
Continuous
390
DFF
 62
   155
420
  5075865
100
AcDbCircle
 10
191.5063364475
 20
239.4062973264
 30
0.0
 40
3.9475922207
100
AcDbArc
 50
118.1508687565
 51
180.0
  0
CIRCLE
  5
C68
330
20C
100
AcDbEntity
  8
2
  6
Continuous
390
DFF
 62
   155
420
  5075865
100
AcDbCircle
 10
186.9063364476
 20
248.0029536532
 30
0.0
 40
2.8458767963
  0
CIRCLE
  5
C69
330
20C
100
AcDbEntity
  8
2
  6
Continuous
390
DFF
 62
   155
420
  5075865
100
AcDbCircle
 10
186.9063364476
 20
248.0029536532
 30
0.0
 40
2.25
  0
ARC
  5
C6A
330
20C
100
AcDbEntity
  8
screw
  6
HIDDEN
390
DFF
 62
     8
100
AcDbCircle
 10
186.9063364476
 20
248.0029536532
 30
0.0
 40
1.5
100
AcDbArc
 50
270.0
 51
180.0
  0
CIRCLE
  5
C6B
330
20C
100
AcDbEntity
  8
screw
  6
HIDDEN
390
DFF
 62
     8
100
AcDbCircle
 10
186.9063364476
 20
248.0029536532
 30
0.0
 40
1.25
  0
ARC
  5
C6C
330
20C
100
AcDbEntity
  8
2
  6
Continuous
390
DFF
 62
   155
420
  5075865
100
AcDbCircle
 10
191.2063364477
 20
242.7998295917
 30
0.0
 40
1.2096311171
100
AcDbArc
 50
106.6719273382
 51
129.5712319621
  0
ARC
  5
C6D
330
20C
100
AcDbEntity
  8
2
  6
Continuous
390
DFF
 62
   155
420
  5075865
100
AcDbCircle
 10
191.2063365421
 20
253.2572730196
 30
0.0
 40
1.2096311171
100
AcDbArc
 50
237.009057366
 51
253.3280679919
  0
ARC
  5
C6E
330
20C
100
AcDbEntity
  8
2
  6
Continuous
390
DFF
 62
   155
420
  5075865
100
AcDbCircle
 10
191.2063365421
 20
253.2572730196
 30
0.0
 40
0.9475922206999999
100
AcDbArc
 50
237.009057366
 51
248.5169673702
  0
ARC
  5
C6F
330
20C
100
AcDbEntity
  8
2
  6
Continuous
390
DFF
 62
   155
420
  5075865
100
AcDbCircle
 10
191.2063364477
 20
242.7998295917
 30
0.0
 40
0.9475922206999999
100
AcDbArc
 50
111.4830264928
 51
129.5712319621
  0
ARC
  5
C70
330
20C
100
AcDbEntity
  8
2
  6
Continuous
390
DFF
 62
   155
420
  5075865
100
AcDbCircle
 10
169.7248391167
 20
264.9029536532
 30
0.0
 40
10.2014018939
100
AcDbArc
 50
88.9648006701
 51
134.2641959817
  0
ARC
  5
C71
330
20C
100
AcDbEntity
  8
2
  6
Continuous
390
DFF
 62
   155
420
  5075865
100
AcDbCircle
 10
169.724839117
 20
264.9029536527
 30
0.0
 40
8.163728536499999
100
AcDbArc
 50
103.469914663
 51
134.26419598
  0
ARC
  5
C72
330
20C
100
AcDbEntity
  8
2
  6
Continuous
390
DFF
 62
   155
420
  5075865
100
AcDbCircle
 10
158.9063364476
 20
276.0029536532
 30
0.0
 40
7.336271464099999
100
AcDbArc
 50
225.7358040184999
 51
314.2641959819
  0
ARC
  5
C73
330
20C
100
AcDbEntity
  8
2
  6
Continuous
390
DFF
 62
   155
420
  5075865
100
AcDbCircle
 10
185.9063364476
 20
270.0029536532
 30
0.0
 40
7.25
100
AcDbArc
 50
173.1992667756
 51
261.9717938854
  0
ARC
  5
C74
330
20C
100
AcDbEntity
  8
2
  6
Continuous
390
DFF
 62
   155
420
  5075865
100
AcDbCircle
 10
185.9063364476
 20
270.0029536532
 30
0.0
 40
6.0
100
AcDbArc
 50
23.4873698985
 51
33.5762994837
  0
ARC
  5
C75
330
20C
100
AcDbEntity
  8
2
  6
Continuous
390
DFF
 62
   155
420
  5075865
100
AcDbCircle
 10
185.9063364476
 20
270.0029536532
 30
0.0
 40
6.0
100
AcDbArc
 50
270.2599195404
 51
336.5126305369
  0
ARC
  5
C76
330
20C
100
AcDbEntity
  8
2
  6
Continuous
390
DFF
 62
   155
420
  5075865
100
AcDbCircle
 10
185.9063364476
 20
270.0029536532
 30
0.0
 40
6.0
100
AcDbArc
 50
136.0348427009
 51
163.42580981
  0
ARC
  5
C77
330
20C
100
AcDbEntity
  8
2
  6
Continuous
390
DFF
 62
   155
420
  5075865
100
AcDbCircle
 10
185.9063364476
 20
270.0029536532
 30
0.0
 40
6.0
100
AcDbArc
 50
342.1919574627
 51
17.8080429726
  0
ARC
  5
C78
330
20C
100
AcDbEntity
  8
2
  6
Continuous
390
DFF
 62
   155
420
  5075865
100
AcDbCircle
 10
185.9063364476
 20
270.0029536532
 30
0.0
 40
6.0
100
AcDbArc
 50
165.9612206369
 51
267.724508714
  0
ARC
  5
C79
330
20C
100
AcDbEntity
  8
2
  6
Continuous
390
DFF
 62
   155
420
  5075865
100
AcDbCircle
 10
158.9063364476
 20
276.0029536532
 30
0.0
 40
5.2985981061
100
AcDbArc
 50
278.1373670878
 51
314.2641959815
  0
ARC
  5
C7A
330
20C
100
AcDbEntity
  8
2
  6
Continuous
390
DFF
 62
   155
420
  5075865
100
AcDbCircle
 10
158.9063364476
 20
276.0029536532
 30
0.0
 40
5.2985981061
100
AcDbArc
 50
225.7358040188
 51
261.8626329122
  0
ARC
  5
C7B
330
20C
100
AcDbEntity
  8
2
  6
Continuous
390
DFF
 62
   155
420
  5075865
100
AcDbCircle
 10
186.4063364476
 20
275.5029536532
 30
0.0
 40
5.0
100
AcDbArc
 50
334.1291770320001
 51
195.4819651525
  0
ARC
  5
C7C
330
20C
100
AcDbEntity
  8
2
  6
Continuous
390
DFF
 62
   155
420
  5075865
100
AcDbCircle
 10
167.5426237557
 20
280.6029536533
 30
0.0
 40
4.2096311171
100
AcDbArc
 50
212.990942634
 51
269.9999999989
  0
CIRCLE
  5
C7D
330
20C
100
AcDbEntity
  8
2
  6
Continuous
390
DFF
 62
   155
420
  5075865
100
AcDbCircle
 10
186.4063364476
 20
275.5029536532
 30
0.0
 40
4.1746038475
  0
ARC
  5
C7E
330
20C
100
AcDbEntity
  8
2
  6
Continuous
390
DFF
 62
   155
420
  5075865
100
AcDbCircle
 10
171.3628855279
 20
272.6029536532
 30
0.0
 40
4.0524077793
100
AcDbArc
 50
57.31851257029999
 51
89.99999999890001
  0
ARC
  5
C7F
330
20C
100
AcDbEntity
  8
2
  6
Continuous
390
DFF
 62
   155
420
  5075865
100
AcDbCircle
 10
183.5063364476
 20
260.3786444024
 30
0.0
 40
4.0524077793
100
AcDbArc
 50
1.1E-09
 51
27.642167893
  0
CIRCLE
  5
C80
330
20C
100
AcDbEntity
  8
2
  6
Continuous
390
DFF
 62
   155
420
  5075865
100
AcDbCircle
 10
186.4063364476
 20
275.5029536532
 30
0.0
 40
4.0
  0
ARC
  5
C81
330
20C
100
AcDbEntity
  8
2
  6
Continuous
390
DFF
 62
   155
420
  5075865
100
AcDbCircle
 10
167.5426237557
 20
280.6029536533
 30
0.0
 40
3.9475922207
100
AcDbArc
 50
212.990942634
 51
269.9999999989
  0
ARC
  5
C82
330
20C
100
AcDbEntity
  8
2
  6
Continuous
390
DFF
 62
   155
420
  5075865
100
AcDbCircle
 10
171.3628855279
 20
272.6029536532
 30
0.0
 40
3.7903688829
100
AcDbArc
 50
57.31851257029999
 51
89.99999999890001
  0
ARC
  5
C83
330
20C
100
AcDbEntity
  8
2
  6
Continuous
390
DFF
 62
   155
420
  5075865
100
AcDbCircle
 10
183.5063364476
 20
260.3786444024
 30
0.0
 40
3.7903688829
100
AcDbArc
 50
1.1E-09
 51
32.6814874237
  0
ARC
  5
C84
330
20C
100
AcDbEntity
  8
2
  6
Continuous
390
DFF
 62
   155
420
  5075865
100
AcDbCircle
 10
171.2162892561
 20
272.1029536532
 30
0.0
 40
3.0
100
AcDbArc
 50
57.31851257029999
 51
89.99999999890001
  0
CIRCLE
  5
C85
330
20C
100
AcDbEntity
  8
2
  6
Continuous
390
DFF
 62
   155
420
  5075865
100
AcDbCircle
 10
158.9063364476
 20
276.0029536532
 30
0.0
 40
2.8458767963
  0
CIRCLE
  5
C86
330
20C
100
AcDbEntity
  8
2
  6
Continuous
390
DFF
 62
   155
420
  5075865
100
AcDbCircle
 10
158.9063364476
 20
276.0029536532
 30
0.0
 40
2.25
  0
CIRCLE
  5
C87
330
20C
100
AcDbEntity
  8
2
  6
Continuous
390
DFF
 62
   155
420
  5075865
100
AcDbCircle
 10
186.4063364476
 20
275.5029536532
 30
0.0
 40
1.55
  0
ARC
  5
C88
330
20C
100
AcDbEntity
  8
screw
  6
HIDDEN
390
DFF
 62
     8
100
AcDbCircle
 10
158.9063364476
 20
276.0029536532
 30
0.0
 40
1.5
100
AcDbArc
 50
270.0
 51
180.0
  0
CIRCLE
  5
C89
330
20C
100
AcDbEntity
  8
screw
  6
HIDDEN
390
DFF
 62
     8
100
AcDbCircle
 10
158.9063364476
 20
276.0029536532
 30
0.0
 40
1.25
  0
ARC
  5
C8A
330
20C
100
AcDbEntity
  8
2
  6
Continuous
390
DFF
 62
   155
420
  5075865
100
AcDbCircle
 10
164.160655814
 20
280.3029537477
 30
0.0
 40
1.2096311171
100
AcDbArc
 50
89.99999978229998
 51
212.990942634
  0
ARC
  5
C8B
330
20C
100
AcDbEntity
  8
2
  6
Continuous
390
DFF
 62
   155
420
  5075865
100
AcDbCircle
 10
153.6520170813
 20
280.3029537477
 30
0.0
 40
1.2096311171
100
AcDbArc
 50
327.009057366
 51
90.00000021770001
  0
ARC
  5
C8C
330
20C
100
AcDbEntity
  8
2
  6
Continuous
390
DFF
 62
   155
420
  5075865
100
AcDbCircle
 10
153.7032123861
 20
280.3029536533
 30
0.0
 40
1.2096311171
100
AcDbArc
 50
344.060600893
 51
347.5879011832001
  0
ARC
  5
C8D
330
20C
100
AcDbEntity
  8
2
  6
Continuous
390
DFF
 62
   155
420
  5075865
100
AcDbCircle
 10
164.160655814
 20
280.3029537477
 30
0.0
 40
0.9475922206999999
100
AcDbArc
 50
89.99999978229998
 51
212.990942634
  0
ARC
  5
C8E
330
20C
100
AcDbEntity
  8
2
  6
Continuous
390
DFF
 62
   155
420
  5075865
100
AcDbCircle
 10
153.6520170813
 20
280.3029537477
 30
0.0
 40
0.9475922206999999
100
AcDbArc
 50
327.009057366
 51
90.00000021770001
  0
CIRCLE
  5
C8F
330
20C
100
AcDbEntity
  8
2
  6
Continuous
390
DFF
 62
   155
420
  5075865
100
AcDbCircle
 10
185.9063364476
 20
270.0029536532
 30
0.0
 40
0.85
  0
CIRCLE
  5
C90
330
20C
100
AcDbEntity
  8
2
  6
Continuous
390
DFF
 62
   155
420
  5075865
100
AcDbCircle
 10
186.4063364476
 20
275.5029536532
 30
0.0
 40
0.55
  0
ARC
  5
C91
330
20C
100
AcDbEntity
  8
2
  6
Continuous
390
DFF
 62
   155
420
  5075865
100
AcDbCircle
 10
277.35175416
 20
257.6246819559
 30
0.0
 40
15.4076172551
100
AcDbArc
 50
114.9814028364
 51
115.7443675391
  0
ARC
  5
C92
330
20C
100
AcDbEntity
  8
2
  6
Continuous
390
DFF
 62
   155
420
  5075865
100
AcDbCircle
 10
275.1203132304
 20
258.8214563223
 30
0.0
 40
10.2014018939
100
AcDbArc
 50
191.4039836083
 51
224.2641959817
  0
ARC
  5
C93
330
20C
100
AcDbEntity
  8
2
  6
Continuous
390
DFF
 62
   155
420
  5075865
100
AcDbCircle
 10
281.2854585964
 20
265.1029536532
 30
0.0
 40
10.0
100
AcDbArc
 50
45.43734745939999
 51
90.00000000109999
  0
ARC
  5
C94
330
20C
100
AcDbEntity
  8
2
  6
Continuous
390
DFF
 62
   155
420
  5075865
100
AcDbCircle
 10
275.1203132304
 20
258.8214563223
 30
0.0
 40
8.163728535900001
100
AcDbArc
 50
193.4040759229
 51
224.2641959815
  0
ARC
  5
C95
330
20C
100
AcDbEntity
  8
2
  6
Continuous
390
DFF
 62
   155
420
  5075865
100
AcDbCircle
 10
281.2018105613
 20
264.9029536532
 30
0.0
 40
8.163728535900001
100
AcDbArc
 50
45.7358040185
 51
76.53008533660001
  0
ARC
  5
C96
330
20C
100
AcDbEntity
  8
2
  6
Continuous
390
DFF
 62
   155
420
  5075865
100
AcDbCircle
 10
264.0203132304
 20
248.0029536532
 30
0.0
 40
7.336271464099999
100
AcDbArc
 50
315.7358040185
 51
44.2641959818
  0
ARC
  5
C97
330
20C
100
AcDbEntity
  8
2
  6
Continuous
390
DFF
 62
   155
420
  5075865
100
AcDbCircle
 10
265.0203132304
 20
270.0029536532
 30
0.0
 40
7.25
100
AcDbArc
 50
278.0282061146
 51
6.800733224500001
  0
ARC
  5
C98
330
20C
100
AcDbEntity
  8
2
  6
Continuous
390
DFF
 62
   155
420
  5075865
100
AcDbCircle
 10
264.0203132304
 20
248.0029536532
 30
0.0
 40
5.2985981061
100
AcDbArc
 50
8.1373670878
 51
44.2641959815
  0
ARC
  5
C99
330
20C
100
AcDbEntity
  8
2
  6
Continuous
390
DFF
 62
   155
420
  5075865
100
AcDbCircle
 10
264.0203132304
 20
248.0029536532
 30
0.0
 40
5.2985981061
100
AcDbArc
 50
315.7358040188
 51
351.8626329122
  0
ARC
  5
C9A
330
20C
100
AcDbEntity
  8
2
  6
Continuous
390
DFF
 62
   155
420
  5075865
100
AcDbCircle
 10
264.5203132304
 20
275.5029536532
 30
0.0
 40
5.1222226932
100
AcDbArc
 50
294.7458558123
 51
255.6430020031
  0
ARC
  5
C9B
330
20C
100
AcDbEntity
  8
2
  6
Continuous
390
DFF
 62
   155
420
  5075865
100
AcDbCircle
 10
270.1203132304
 20
259.9443090808
 30
0.0
 40
5.0
100
AcDbArc
 50
146.0482151094
 51
180.0
  0
ARC
  5
C9C
330
20C
100
AcDbEntity
  8
2
  6
Continuous
390
DFF
 62
   155
420
  5075865
100
AcDbCircle
 10
264.5203132304
 20
275.5029536532
 30
0.0
 40
5.0
100
AcDbArc
 50
294.6370924486
 51
255.7517653668
  0
ARC
  5
C9D
330
20C
100
AcDbEntity
  8
2
  6
Continuous
390
DFF
 62
   155
420
  5075865
100
AcDbCircle
 10
279.710360422
 20
272.1029536532
 30
0.0
 40
4.469841539
100
AcDbArc
 50
90.00000000109999
 51
122.6814874297
  0
ARC
  5
C9E
330
20C
100
AcDbEntity
  8
2
  6
Continuous
390
DFF
 62
   155
420
  5075865
100
AcDbCircle
 10
279.710360422
 20
272.1029536532
 30
0.0
 40
4.4
100
AcDbArc
 50
90.00000000109999
 51
122.6814874297
  0
ARC
  5
C9F
330
20C
100
AcDbEntity
  8
2
  6
Continuous
390
DFF
 62
   155
420
  5075865
100
AcDbCircle
 10
264.0203132304
 20
248.0029536532
 30
0.0
 40
3.5
100
AcDbArc
 50
95.77834822590002
 51
260.9194312762
  0
ARC
  5
CA0
330
20C
100
AcDbEntity
  8
2
  6
Continuous
390
DFF
 62
   155
420
  5075865
100
AcDbCircle
 10
264.0203132304
 20
248.0029536532
 30
0.0
 40
3.5
100
AcDbArc
 50
261.7867892999
 51
94.9171003355
  0
ARC
  5
CA1
330
20C
100
AcDbEntity
  8
2
  6
Continuous
390
DFF
 62
   155
420
  5075865
100
AcDbCircle
 10
279.710360422
 20
272.1029536532
 30
0.0
 40
3.0
100
AcDbArc
 50
90.00000000109999
 51
122.6814874297
  0
ARC
  5
CA2
330
20C
100
AcDbEntity
  8
2
  6
Continuous
390
DFF
 62
   155
420
  5075865
100
AcDbCircle
 10
265.0203132304
 20
270.0029536532
 30
0.0
 40
1.85
100
AcDbArc
 50
159.3040036639
 51
31.0848541516
  0
CIRCLE
  5
CA3
330
20C
100
AcDbEntity
  8
2
  6
Continuous
390
DFF
 62
   155
420
  5075865
100
AcDbCircle
 10
264.5203132304
 20
275.5029536532
 30
0.0
 40
1.55
  0
ARC
  5
CA4
330
20C
100
AcDbEntity
  8
2
  6
Continuous
390
DFF
 62
   155
420
  5075865
100
AcDbCircle
 10
218.3181075919
 20
277.5029536532
 30
0.0
 40
1.0
100
AcDbArc
 50
180.0
 51
270.0
  0
ARC
  5
CA5
330
20C
100
AcDbEntity
  8
2
  6
Continuous
390
DFF
 62
   155
420
  5075865
100
AcDbCircle
 10
218.3181075919
 20
278.5029536532
 30
0.0
 40
1.0
100
AcDbArc
 50
90.0
 51
180.0
  0
ARC
  5
CA6
330
20C
100
AcDbEntity
  8
2
  6
Continuous
390
DFF
 62
   155
420
  5075865
100
AcDbCircle
 10
259.5157132304
 20
281.6251536532
 30
0.0
 40
1.0
100
AcDbArc
 50
356.433900544
 51
56.52091771689999
  0
ARC
  5
CA7
330
20C
100
AcDbEntity
  8
2
  6
Continuous
390
DFF
 62
   155
420
  5075865
100
AcDbCircle
 10
259.5341132304
 20
281.6759536532
 30
0.0
 40
1.0
100
AcDbArc
 50
57.775876119
 51
186.4882815162
  0
ARC
  5
CA8
330
20C
100
AcDbEntity
  8
2
  6
Continuous
390
DFF
 62
   155
420
  5075865
100
AcDbCircle
 10
259.5341132304
 20
281.6759536532
 30
0.0
 40
1.0
100
AcDbArc
 50
186.891188057
 51
302.224123881
  0
ARC
  5
CA9
330
20C
100
AcDbEntity
  8
2
  6
Continuous
390
DFF
 62
   155
420
  5075865
100
AcDbCircle
 10
259.5157132304
 20
281.6251536532
 30
0.0
 40
1.0
100
AcDbArc
 50
303.4790822831
 51
356.0328709276999
  0
CIRCLE
  5
CAA
330
20C
100
AcDbEntity
  8
2
  6
Continuous
390
DFF
 62
   155
420
  5075865
100
AcDbCircle
 10
264.5203132304
 20
275.5029536532
 30
0.0
 40
0.9
  0
CIRCLE
  5
CAB
330
20C
100
AcDbEntity
  8
2
  6
Continuous
390
DFF
 62
   155
420
  5075865
100
AcDbCircle
 10
264.5203132304
 20
275.5029536532
 30
0.0
 40
0.55
  0
ARC
  5
CAC
330
20C
100
AcDbEntity
  8
2
  6
Continuous
390
DFF
 62
   155
420
  5075865
100
AcDbCircle
 10
234.3181075919
 20
281.6759536532
 30
0.0
 40
0.3
100
AcDbArc
 50
270.0
 51
90.0
  0
CIRCLE
  5
CAD
330
20C
100
AcDbEntity
  8
2
  6
Continuous
390
DFF
 62
   155
420
  5075865
100
AcDbCircle
 10
259.5341132304
 20
281.6759536532
 30
0.0
 40
0.3
  0
ARC
  5
CAE
330
20C
100
AcDbEntity
  8
2
  6
Continuous
390
DFF
 62
   155
420
  5075865
100
AcDbCircle
 10
217.4201044953
 20
327.0935060183
 30
0.0
 40
172.1090323166
100
AcDbArc
 50
271.4642720628
 51
272.9358854948
  0
ARC
  5
CAF
330
20C
100
AcDbEntity
  8
2
  6
Continuous
390
DFF
 62
   155
420
  5075865
100
AcDbCircle
 10
219.1378641963
 20
293.7573207525
 30
0.0
 40
54.74657389430001
100
AcDbArc
 50
326.5368445679
 51
326.786093264
  0
ARC
  5
CB0
330
20C
100
AcDbEntity
  8
2
  6
Continuous
390
DFF
 62
   155
420
  5075865
100
AcDbCircle
 10
230.4440610101
 20
290.1653134132
 30
0.0
 40
43.4370192154
100
AcDbArc
 50
322.577207146
 51
324.4430877742
  0
ARC
  5
CB1
330
20C
100
AcDbEntity
  8
2
  6
Continuous
390
DFF
 62
   155
420
  5075865
100
AcDbCircle
 10
344.9961698205
 20
161.5842612119
 30
0.0
 40
16.5092277143
100
AcDbArc
 50
141.4020786277
 51
141.9812628818
  0
ARC
  5
CB2
330
20C
100
AcDbEntity
  8
2
  6
Continuous
390
DFF
 62
   155
420
  5075865
100
AcDbCircle
 10
329.0444567186
 20
161.5842612738
 30
0.0
 40
16.5092276145
100
AcDbArc
 50
38.0187371164
 51
38.597921374
  0
ARC
  5
CB3
330
20C
100
AcDbEntity
  8
2
  6
Continuous
390
DFF
 62
   155
420
  5075865
100
AcDbCircle
 10
344.6529482073
 20
184.1482205694
 30
0.0
 40
16.0704083805
100
AcDbArc
 50
218.5994380363
 51
218.8387988517
  0
ARC
  5
CB4
330
20C
100
AcDbEntity
  8
2
  6
Continuous
390
DFF
 62
   155
420
  5075865
100
AcDbCircle
 10
329.3876782834
 20
184.1482205455
 30
0.0
 40
16.0704083423
100
AcDbArc
 50
321.1612011479
 51
321.4005619639
  0
ARC
  5
CB5
330
20C
100
AcDbEntity
  8
2
  6
Continuous
390
DFF
 62
   155
420
  5075865
100
AcDbCircle
 10
330.0685992351
 20
162.1078626659
 30
0.0
 40
15.582459133
100
AcDbArc
 50
40.0462940492
 51
40.2983561025
  0
ARC
  5
CB6
330
20C
100
AcDbEntity
  8
2
  6
Continuous
390
DFF
 62
   155
420
  5075865
100
AcDbCircle
 10
343.9720272127
 20
162.1078626768
 30
0.0
 40
15.5824591161
100
AcDbArc
 50
139.7016438974
 51
139.9537059509
  0
ARC
  5
CB7
330
20C
100
AcDbEntity
  8
2
  6
Continuous
390
DFF
 62
   155
420
  5075865
100
AcDbCircle
 10
337.0203132304
 20
173.0029536532
 30
0.0
 40
5.2357501148
100
AcDbArc
 50
28.5213696754
 51
151.4786303246
  0
ARC
  5
CB8
330
20C
100
AcDbEntity
  8
2
  6
Continuous
390
DFF
 62
   155
420
  5075865
100
AcDbCircle
 10
337.0203132304
 20
173.0029536532
 30
0.0
 40
5.2357501148
100
AcDbArc
 50
208.5213696754
 51
331.4786303246
  0
ARC
  5
CB9
330
20C
100
AcDbEntity
  8
2
  6
Continuous
390
DFF
 62
   155
420
  5075865
100
AcDbCircle
 10
337.0203132304
 20
173.0029536532
 30
0.0
 40
5.1833340398
100
AcDbArc
 50
151.16328916
 51
167.527953655
  0
ARC
  5
CBA
330
20C
100
AcDbEntity
  8
2
  6
Continuous
390
DFF
 62
   155
420
  5075865
100
AcDbCircle
 10
337.0203132304
 20
173.0029536532
 30
0.0
 40
5.1833340398
100
AcDbArc
 50
193.9587761853
 51
208.83671084
  0
ARC
  5
CBB
330
20C
100
AcDbEntity
  8
2
  6
Continuous
390
DFF
 62
   155
420
  5075865
100
AcDbCircle
 10
337.0203132304
 20
173.0029536532
 30
0.0
 40
5.1833340398
100
AcDbArc
 50
331.16328916
 51
346.0412238147001
  0
ARC
  5
CBC
330
20C
100
AcDbEntity
  8
2
  6
Continuous
390
DFF
 62
   155
420
  5075865
100
AcDbCircle
 10
337.0203132304
 20
173.0029536532
 30
0.0
 40
5.1833340398
100
AcDbArc
 50
12.472046345
 51
28.83671084
  0
ARC
  5
CBD
330
20C
100
AcDbEntity
  8
2
  6
Continuous
390
DFF
 62
   155
420
  5075865
100
AcDbCircle
 10
337.0203132304
 20
173.0029536532
 30
0.0
 40
5.0523811542
100
AcDbArc
 50
189.9067513623
 51
192.8004971177
  0
ARC
  5
CBE
330
20C
100
AcDbEntity
  8
2
  6
Continuous
390
DFF
 62
   155
420
  5075865
100
AcDbCircle
 10
337.0203132304
 20
173.0029536532
 30
0.0
 40
5.0523811542
100
AcDbArc
 50
347.1995028823001
 51
350.0932486377
  0
ARC
  5
CBF
330
20C
100
AcDbEntity
  8
2
  6
Continuous
390
DFF
 62
   155
420
  5075865
100
AcDbCircle
 10
337.0203132304
 20
173.0029536532
 30
0.0
 40
5.0
100
AcDbArc
 50
189.4026348933
 51
350.5973651067
  0
ARC
  5
CC0
330
20C
100
AcDbEntity
  8
2
  6
Continuous
390
DFF
 62
   155
420
  5075865
100
AcDbCircle
 10
337.0203132304
 20
173.0029536532
 30
0.0
 40
5.0
100
AcDbArc
 50
12.321781846
 51
167.678218154
  0
ARC
  5
CC1
330
20C
100
AcDbEntity
  8
2
  6
Continuous
390
DFF
 62
   155
420
  5075865
100
AcDbCircle
 10
337.0203132304
 20
173.0029536532
 30
0.0
 40
1.55
100
AcDbArc
 50
209.5517850943
 51
330.4482149057
  0
ARC
  5
CC2
330
20C
100
AcDbEntity
  8
2
  6
Continuous
390
DFF
 62
   155
420
  5075865
100
AcDbCircle
 10
337.0203132304
 20
173.0029536532
 30
0.0
 40
1.55
100
AcDbArc
 50
40.88922373859999
 51
139.1107762614
  0
CIRCLE
  5
CC3
330
20C
100
AcDbEntity
  8
2
  6
Continuous
390
DFF
 62
   155
420
  5075865
100
AcDbCircle
 10
337.0203132304
 20
173.0029536532
 30
0.0
 40
0.9
  0
CIRCLE
  5
CC4
330
20C
100
AcDbEntity
  8
2
  6
Continuous
390
DFF
 62
   155
420
  5075865
100
AcDbCircle
 10
337.0203132304
 20
173.0029536532
 30
0.0
 40
0.55
  0
ARC
  5
CC5
330
20C
100
AcDbEntity
  8
2
  6
Continuous
390
DFF
 62
   155
420
  5075865
100
AcDbCircle
 10
329.8398140285
 20
221.9151132254
 30
0.0
 40
15.8816147895
100
AcDbArc
 50
39.4331755403
 51
40.2948802606
  0
ARC
  5
CC6
330
20C
100
AcDbEntity
  8
2
  6
Continuous
390
DFF
 62
   155
420
  5075865
100
AcDbCircle
 10
344.2008115297
 20
221.9151139791
 30
0.0
 40
15.8816136136
100
AcDbArc
 50
139.7051197074
 51
140.5668244916
  0
ARC
  5
CC7
330
20C
100
AcDbEntity
  8
2
  6
Continuous
390
DFF
 62
   155
420
  5075865
100
AcDbCircle
 10
337.0203132304
 20
233.0029536532
 30
0.0
 40
5.2357151941
100
AcDbArc
 50
28.5215773491
 51
151.4784226509
  0
ARC
  5
CC8
330
20C
100
AcDbEntity
  8
2
  6
Continuous
390
DFF
 62
   155
420
  5075865
100
AcDbCircle
 10
337.0203132304
 20
233.0029536532
 30
0.0
 40
5.2357151941
100
AcDbArc
 50
208.5215773491
 51
331.4784226509
  0
ARC
  5
CC9
330
20C
100
AcDbEntity
  8
2
  6
Continuous
390
DFF
 62
   155
420
  5075865
100
AcDbCircle
 10
337.0203132304
 20
233.0029536532
 30
0.0
 40
5.1833340398
100
AcDbArc
 50
191.1257411205
 51
208.83671084
  0
ARC
  5
CCA
330
20C
100
AcDbEntity
  8
2
  6
Continuous
390
DFF
 62
   155
420
  5075865
100
AcDbCircle
 10
337.0203132304
 20
233.0029536532
 30
0.0
 40
5.1833340398
100
AcDbArc
 50
151.16328916
 51
166.0412238147
  0
ARC
  5
CCB
330
20C
100
AcDbEntity
  8
2
  6
Continuous
390
DFF
 62
   155
420
  5075865
100
AcDbCircle
 10
337.0203132304
 20
233.0029536532
 30
0.0
 40
5.1833340398
100
AcDbArc
 50
13.9587761853
 51
28.83671084
  0
ARC
  5
CCC
330
20C
100
AcDbEntity
  8
2
  6
Continuous
390
DFF
 62
   155
420
  5075865
100
AcDbCircle
 10
337.0203132304
 20
233.0029536532
 30
0.0
 40
5.1833340398
100
AcDbArc
 50
331.16328916
 51
348.8742588795
  0
ARC
  5
CCD
330
20C
100
AcDbEntity
  8
2
  6
Continuous
390
DFF
 62
   155
420
  5075865
100
AcDbCircle
 10
337.0203132304
 20
233.0029536532
 30
0.0
 40
5.0
100
AcDbArc
 50
189.4026348933
 51
350.5973651067
  0
ARC
  5
CCE
330
20C
100
AcDbEntity
  8
2
  6
Continuous
390
DFF
 62
   155
420
  5075865
100
AcDbCircle
 10
337.0203132304
 20
233.0029536532
 30
0.0
 40
5.0
100
AcDbArc
 50
12.321781846
 51
167.678218154
  0
ARC
  5
CCF
330
20C
100
AcDbEntity
  8
2
  6
Continuous
390
DFF
 62
   155
420
  5075865
100
AcDbCircle
 10
337.0203132304
 20
233.0029536532
 30
0.0
 40
1.55
100
AcDbArc
 50
209.5517850943
 51
330.4482149057
  0
ARC
  5
CD0
330
20C
100
AcDbEntity
  8
2
  6
Continuous
390
DFF
 62
   155
420
  5075865
100
AcDbCircle
 10
337.0203132304
 20
233.0029536532
 30
0.0
 40
1.55
100
AcDbArc
 50
40.88922373859999
 51
139.1107762614
  0
CIRCLE
  5
CD1
330
20C
100
AcDbEntity
  8
2
  6
Continuous
390
DFF
 62
   155
420
  5075865
100
AcDbCircle
 10
337.0203132304
 20
233.0029536532
 30
0.0
 40
0.9
  0
CIRCLE
  5
CD2
330
20C
100
AcDbEntity
  8
2
  6
Continuous
390
DFF
 62
   155
420
  5075865
100
AcDbCircle
 10
337.0203132304
 20
233.0029536532
 30
0.0
 40
0.55
  0
ARC
  5
CD3
330
20C
100
AcDbEntity
  8
2
  6
Continuous
390
DFF
 62
   155
420
  5075865
100
AcDbCircle
 10
385.1436823603
 20
152.2136330131
 30
0.0
 40
24.198178933
100
AcDbArc
 50
325.4865532631
 51
326.2373967081
  0
ARC
  5
CD4
330
20C
100
AcDbEntity
  8
2
  6
Continuous
390
DFF
 62
   155
420
  5075865
100
AcDbCircle
 10
398.9203132304
 20
168.8214563222
 30
0.0
 40
10.2014018939
100
AcDbArc
 50
315.7358040185
 51
358.9488168481
  0
ARC
  5
CD5
330
20C
100
AcDbEntity
  8
2
  6
Continuous
390
DFF
 62
   155
420
  5075865
100
AcDbCircle
 10
398.9203132304
 20
168.8214563222
 30
0.0
 40
8.163728535900001
100
AcDbArc
 50
315.7358040187
 51
346.5300853376
  0
ARC
  5
CD6
330
20C
100
AcDbEntity
  8
2
  6
Continuous
390
DFF
 62
   155
420
  5075865
100
AcDbCircle
 10
410.0203132304
 20
158.0029536532
 30
0.0
 40
7.336271464099999
100
AcDbArc
 50
135.7358040185
 51
224.2641959818
  0
ARC
  5
CD7
330
20C
100
AcDbEntity
  8
2
  6
Continuous
390
DFF
 62
   155
420
  5075865
100
AcDbCircle
 10
410.0203132304
 20
158.0029536532
 30
0.0
 40
5.2985981061
100
AcDbArc
 50
188.1373670878
 51
224.2641959815
  0
ARC
  5
CD8
330
20C
100
AcDbEntity
  8
2
  6
Continuous
390
DFF
 62
   155
420
  5075865
100
AcDbCircle
 10
410.0203132304
 20
158.0029536532
 30
0.0
 40
5.2985981061
100
AcDbArc
 50
135.7358040188
 51
171.8626329122
  0
ARC
  5
CD9
330
20C
100
AcDbEntity
  8
2
  6
Continuous
390
DFF
 62
   155
420
  5075865
100
AcDbCircle
 10
406.6203132303
 20
190.7199534996
 30
0.0
 40
3.969841539
100
AcDbArc
 50
0.0
 51
84.7840914282
  0
ARC
  5
CDA
330
20C
100
AcDbEntity
  8
2
  6
Continuous
390
DFF
 62
   155
420
  5075865
100
AcDbCircle
 10
406.6203132303
 20
190.7199534997
 30
0.0
 40
3.9
100
AcDbArc
 50
0.0
 51
84.7840914282
  0
ARC
  5
CDB
330
20C
100
AcDbEntity
  8
2
  6
Continuous
390
DFF
 62
   155
420
  5075865
100
AcDbCircle
 10
410.0203132304
 20
158.0029536532
 30
0.0
 40
3.5
100
AcDbArc
 50
275.7783482259001
 51
80.9194312762
  0
ARC
  5
CDC
330
20C
100
AcDbEntity
  8
2
  6
Continuous
390
DFF
 62
   155
420
  5075865
100
AcDbCircle
 10
410.0203132304
 20
158.0029536532
 30
0.0
 40
3.5
100
AcDbArc
 50
81.78678929989999
 51
274.9171003355
  0
ARC
  5
CDD
330
20C
100
AcDbEntity
  8
2
  6
Continuous
390
DFF
 62
   155
420
  5075865
100
AcDbCircle
 10
406.6203132303
 20
190.7199534997
 30
0.0
 40
2.5
100
AcDbArc
 50
0.0
 51
84.7840914282
  0
ARC
  5
CDE
330
20C
100
AcDbEntity
  8
2
  6
Continuous
390
DFF
 62
   155
420
  5075865
100
AcDbCircle
 10
416.72599798
 20
201.9155796563
 30
0.0
 40
11.4326686592
100
AcDbArc
 50
152.445156258
 51
153.2116381222
  0
ARC
  5
CDF
330
20C
100
AcDbEntity
  8
2
  6
Continuous
390
DFF
 62
   155
420
  5075865
100
AcDbCircle
 10
416.725993956
 20
204.0903255847
 30
0.0
 40
11.4326641362
100
AcDbArc
 50
206.7883617264
 51
207.5548438939
  0
ARC
  5
CE0
330
20C
100
AcDbEntity
  8
2
  6
Continuous
390
DFF
 62
   155
420
  5075865
100
AcDbCircle
 10
398.9203132304
 20
237.1844509842
 30
0.0
 40
10.2014018939
100
AcDbArc
 50
1.0511831519
 51
44.2641959815
  0
ARC
  5
CE1
330
20C
100
AcDbEntity
  8
2
  6
Continuous
390
DFF
 62
   155
420
  5075865
100
AcDbCircle
 10
398.9203132304
 20
237.1844509842
 30
0.0
 40
8.163728535900001
100
AcDbArc
 50
13.4699146624
 51
44.26419598130001
  0
ARC
  5
CE2
330
20C
100
AcDbEntity
  8
2
  6
Continuous
390
DFF
 62
   155
420
  5075865
100
AcDbCircle
 10
409.5203132304
 20
203.0029536532
 30
0.0
 40
5.2968265407
100
AcDbArc
 50
146.1692781699
 51
213.8307218301
  0
ARC
  5
CE3
330
20C
100
AcDbEntity
  8
2
  6
Continuous
390
DFF
 62
   155
420
  5075865
100
AcDbCircle
 10
409.5203132304
 20
203.0029536532
 30
0.0
 40
5.1222226932
100
AcDbArc
 50
235.1068205975
 51
124.8931794025
  0
ARC
  5
CE4
330
20C
100
AcDbEntity
  8
2
  6
Continuous
390
DFF
 62
   155
420
  5075865
100
AcDbCircle
 10
409.5203132304
 20
203.0029536532
 30
0.0
 40
5.0523811542
100
AcDbArc
 50
209.4393456349
 51
233.5743307673
  0
ARC
  5
CE5
330
20C
100
AcDbEntity
  8
2
  6
Continuous
390
DFF
 62
   155
420
  5075865
100
AcDbCircle
 10
409.5203132304
 20
203.0029536532
 30
0.0
 40
5.0523811542
100
AcDbArc
 50
126.4256692327
 51
150.5606543651
  0
CIRCLE
  5
CE6
330
20C
100
AcDbEntity
  8
2
  6
Continuous
390
DFF
 62
   155
420
  5075865
100
AcDbCircle
 10
409.5203132304
 20
203.0029536532
 30
0.0
 40
5.0
  0
ARC
  5
CE7
330
20C
100
AcDbEntity
  8
2
  6
Continuous
390
DFF
 62
   155
420
  5075865
100
AcDbCircle
 10
406.6203132303
 20
215.2859538068
 30
0.0
 40
3.969841539
100
AcDbArc
 50
275.2159085718
 51
360.0
  0
ARC
  5
CE8
330
20C
100
AcDbEntity
  8
2
  6
Continuous
390
DFF
 62
   155
420
  5075865
100
AcDbCircle
 10
406.6203132303
 20
215.2859538068
 30
0.0
 40
3.9
100
AcDbArc
 50
275.2159085718
 51
360.0
  0
ARC
  5
CE9
330
20C
100
AcDbEntity
  8
2
  6
Continuous
390
DFF
 62
   155
420
  5075865
100
AcDbCircle
 10
406.6203132303
 20
215.2859538068
 30
0.0
 40
2.5
100
AcDbArc
 50
275.2159085718
 51
360.0
  0
ARC
  5
CEA
330
20C
100
AcDbEntity
  8
2
  6
Continuous
390
DFF
 62
   155
420
  5075865
100
AcDbCircle
 10
407.0203132304
 20
195.1017339596
 30
0.0
 40
1.9
100
AcDbArc
 50
180.0
 51
264.7840914282
  0
ARC
  5
CEB
330
20C
100
AcDbEntity
  8
2
  6
Continuous
390
DFF
 62
   155
420
  5075865
100
AcDbCircle
 10
407.0203132304
 20
210.9041733468
 30
0.0
 40
1.9
100
AcDbArc
 50
95.2159085718
 51
180.0
  0
CIRCLE
  5
CEC
330
20C
100
AcDbEntity
  8
2
  6
Continuous
390
DFF
 62
   155
420
  5075865
100
AcDbCircle
 10
409.5203132304
 20
203.0029536532
 30
0.0
 40
1.55
  0
CIRCLE
  5
CED
330
20C
100
AcDbEntity
  8
2
  6
Continuous
390
DFF
 62
   155
420
  5075865
100
AcDbCircle
 10
409.5203132304
 20
203.0029536532
 30
0.0
 40
0.9
  0
CIRCLE
  5
CEE
330
20C
100
AcDbEntity
  8
2
  6
Continuous
390
DFF
 62
   155
420
  5075865
100
AcDbCircle
 10
409.5203132304
 20
203.0029536532
 30
0.0
 40
0.55
  0
ARC
  5
CEF
330
20C
100
AcDbEntity
  8
2
  6
Continuous
390
DFF
 62
   155
420
  5075865
100
AcDbCircle
 10
407.0203132304
 20
210.9041733468
 30
0.0
 40
0.5
100
AcDbArc
 50
95.2159085718
 51
180.0
  0
ARC
  5
CF0
330
20C
100
AcDbEntity
  8
2
  6
Continuous
390
DFF
 62
   155
420
  5075865
100
AcDbCircle
 10
407.0203132304
 20
195.1017339596
 30
0.0
 40
0.5
100
AcDbArc
 50
180.0
 51
264.7840914282
  0
ARC
  5
CF1
330
20C
100
AcDbEntity
  8
2
  6
Continuous
390
DFF
 62
   155
420
  5075865
100
AcDbCircle
 10
407.0203132304
 20
210.9041733468
 30
0.0
 40
0.430158461
100
AcDbArc
 50
95.2159085718
 51
180.0
  0
ARC
  5
CF2
330
20C
100
AcDbEntity
  8
2
  6
Continuous
390
DFF
 62
   155
420
  5075865
100
AcDbCircle
 10
407.0203132304
 20
195.1017339596
 30
0.0
 40
0.430158461
100
AcDbArc
 50
180.0
 51
264.7840914282
  0
ARC
  5
CF3
330
20C
100
AcDbEntity
  8
2
  6
Continuous
390
DFF
 62
   155
420
  5075865
100
AcDbCircle
 10
302.014532451
 20
261.7259705218
 30
0.0
 40
35.2479800096
100
AcDbArc
 50
170.5669257511
 51
170.9991470895
  0
ARC
  5
CF4
330
20C
100
AcDbEntity
  8
2
  6
Continuous
390
DFF
 62
   155
420
  5075865
100
AcDbCircle
 10
288.8969441022
 20
253.7922742921
 30
0.0
 40
24.1981789351
100
AcDbArc
 50
145.4865532631
 51
146.237396708
  0
ARC
  5
CF5
330
20C
100
AcDbEntity
  8
2
  6
Continuous
390
DFF
 62
   155
420
  5075865
100
AcDbCircle
 10
344.8941687751999
 20
244.3412208521
 30
0.0
 40
16.379334897
100
AcDbArc
 50
218.0168643876
 51
218.8354880323
  0
ARC
  5
CF6
330
20C
100
AcDbEntity
  8
2
  6
Continuous
390
DFF
 62
   155
420
  5075865
100
AcDbCircle
 10
329.1464584862
 20
244.341220217
 30
0.0
 40
16.3793338752
100
AcDbArc
 50
321.1645119422
 51
321.9831356379
  0
ARC
  5
CF7
330
20C
100
AcDbEntity
  8
2
  6
Continuous
390
DFF
 62
   155
420
  5075865
100
AcDbCircle
 10
302.8388158994
 20
264.9029536532
 30
0.0
 40
10.2014018939
100
AcDbArc
 50
88.8580514902
 51
91.14194850979999
  0
ARC
  5
CF8
330
20C
100
AcDbEntity
  8
2
  6
Continuous
390
DFF
 62
   155
420
  5075865
100
AcDbCircle
 10
302.8388158994
 20
264.9029536532
 30
0.0
 40
10.2014018939
100
AcDbArc
 50
101.4039836083
 51
134.2641959815
  0
ARC
  5
CF9
330
20C
100
AcDbEntity
  8
2
  6
Continuous
390
DFF
 62
   155
420
  5075865
100
AcDbCircle
 10
371.2018105614
 20
264.9029536532
 30
0.0
 40
10.2014018939
100
AcDbArc
 50
45.7358040185
 51
78.5960163917
  0
ARC
  5
CFA
330
20C
100
AcDbEntity
  8
2
  6
Continuous
390
DFF
 62
   155
420
  5075865
100
AcDbCircle
 10
371.2018105614
 20
264.9029536532
 30
0.0
 40
10.2014018939
100
AcDbArc
 50
88.8580514902
 51
91.14194850979999
  0
ARC
  5
CFB
330
20C
100
AcDbEntity
  8
2
  6
Continuous
390
DFF
 62
   155
420
  5075865
100
AcDbCircle
 10
371.2018105614
 20
264.9029536532
 30
0.0
 40
8.163728535900001
100
AcDbArc
 50
45.7358040187
 51
72.6140672075
  0
ARC
  5
CFC
330
20C
100
AcDbEntity
  8
2
  6
Continuous
390
DFF
 62
   155
420
  5075865
100
AcDbCircle
 10
302.8388158994
 20
264.9029536532
 30
0.0
 40
8.163728535900001
100
AcDbArc
 50
107.3859327925
 51
134.2641959813
  0
ARC
  5
CFD
330
20C
100
AcDbEntity
  8
2
  6
Continuous
390
DFF
 62
   155
420
  5075865
100
AcDbCircle
 10
336.0949805658
 20
282.507852765
 30
0.0
 40
11.2924088492
100
AcDbArc
 50
295.3518414584
 51
296.1672374384
  0
ARC
  5
CFE
330
20C
100
AcDbEntity
  8
2
  6
Continuous
390
DFF
 62
   155
420
  5075865
100
AcDbCircle
 10
337.945645895
 20
282.507852765
 30
0.0
 40
11.2924088492
100
AcDbArc
 50
243.8327625616
 51
244.6481585417
  0
ARC
  5
CFF
330
20C
100
AcDbEntity
  8
2
  6
Continuous
390
DFF
 62
   155
420
  5075865
100
AcDbCircle
 10
351.8147287322
 20
279.6306540405
 30
0.0
 40
9.560837081499999
100
AcDbArc
 50
227.8946868915
 51
228.3134401004
  0
ARC
  5
D00
330
20C
100
AcDbEntity
  8
2
  6
Continuous
390
DFF
 62
   155
420
  5075865
100
AcDbCircle
 10
292.0203132304
 20
276.0029536532
 30
0.0
 40
7.336271464099999
100
AcDbArc
 50
225.7358040182
 51
314.2641959815
  0
ARC
  5
D01
330
20C
100
AcDbEntity
  8
2
  6
Continuous
390
DFF
 62
   155
420
  5075865
100
AcDbCircle
 10
292.0203132304
 20
276.0029536532
 30
0.0
 40
5.2985981061
100
AcDbArc
 50
278.1373670878
 51
314.2641959812
  0
ARC
  5
D02
330
20C
100
AcDbEntity
  8
2
  6
Continuous
390
DFF
 62
   155
420
  5075865
100
AcDbCircle
 10
292.0203132304
 20
276.0029536532
 30
0.0
 40
5.2985981061
100
AcDbArc
 50
225.4373474594
 51
261.8626329122
  0
ARC
  5
D03
330
20C
100
AcDbEntity
  8
2
  6
Continuous
390
DFF
 62
   155
420
  5075865
100
AcDbCircle
 10
337.0203132304
 20
275.5029536532
 30
0.0
 40
5.2968265407
100
AcDbArc
 50
240.2783831364
 51
299.7216168636
  0
ARC
  5
D04
330
20C
100
AcDbEntity
  8
2
  6
Continuous
390
DFF
 62
   155
420
  5075865
100
AcDbCircle
 10
337.0203132304
 20
275.5029536532
 30
0.0
 40
5.1222226932
100
AcDbArc
 50
322.3313670611
 51
217.6686329389
  0
ARC
  5
D05
330
20C
100
AcDbEntity
  8
2
  6
Continuous
390
DFF
 62
   155
420
  5075865
100
AcDbCircle
 10
337.0203132304
 20
275.5029536532
 30
0.0
 40
5.0523811542
100
AcDbArc
 50
219.2988044212
 51
245.569245972
  0
ARC
  5
D06
330
20C
100
AcDbEntity
  8
2
  6
Continuous
390
DFF
 62
   155
420
  5075865
100
AcDbCircle
 10
337.0203132304
 20
275.5029536532
 30
0.0
 40
5.0523811542
100
AcDbArc
 50
294.430754028
 51
320.7011955788
  0
CIRCLE
  5
D07
330
20C
100
AcDbEntity
  8
2
  6
Continuous
390
DFF
 62
   155
420
  5075865
100
AcDbCircle
 10
337.0203132304
 20
275.5029536532
 30
0.0
 40
5.0
  0
ARC
  5
D08
330
20C
100
AcDbEntity
  8
2
  6
Continuous
390
DFF
 62
   155
420
  5075865
100
AcDbCircle
 10
292.0203132304
 20
276.0029536532
 30
0.0
 40
3.5
100
AcDbArc
 50
171.7867892957
 51
4.9171003355
  0
ARC
  5
D09
330
20C
100
AcDbEntity
  8
2
  6
Continuous
390
DFF
 62
   155
420
  5075865
100
AcDbCircle
 10
292.0203132304
 20
276.0029536532
 30
0.0
 40
3.5
100
AcDbArc
 50
5.7783482259
 51
170.9194312731
  0
ARC
  5
D0A
330
20C
100
AcDbEntity
  8
2
  6
Continuous
390
DFF
 62
   155
420
  5075865
100
AcDbCircle
 10
349.0203132304
 20
272.9029536532
 30
0.0
 40
3.469841539
100
AcDbArc
 50
90.0
 51
180.0
  0
ARC
  5
D0B
330
20C
100
AcDbEntity
  8
2
  6
Continuous
390
DFF
 62
   155
420
  5075865
100
AcDbCircle
 10
325.0203132304
 20
272.9029536532
 30
0.0
 40
3.469841539
100
AcDbArc
 50
0.0
 51
90.0
  0
ARC
  5
D0C
330
20C
100
AcDbEntity
  8
2
  6
Continuous
390
DFF
 62
   155
420
  5075865
100
AcDbCircle
 10
325.0203132304
 20
272.9029536532
 30
0.0
 40
3.4
100
AcDbArc
 50
0.0
 51
90.0
  0
ARC
  5
D0D
330
20C
100
AcDbEntity
  8
2
  6
Continuous
390
DFF
 62
   155
420
  5075865
100
AcDbCircle
 10
349.0203132304
 20
272.9029536532
 30
0.0
 40
3.4
100
AcDbArc
 50
90.0
 51
180.0
  0
ARC
  5
D0E
330
20C
100
AcDbEntity
  8
2
  6
Continuous
390
DFF
 62
   155
420
  5075865
100
AcDbCircle
 10
325.0203132304
 20
272.9029536532
 30
0.0
 40
2.0
100
AcDbArc
 50
0.0
 51
90.0
  0
ARC
  5
D0F
330
20C
100
AcDbEntity
  8
2
  6
Continuous
390
DFF
 62
   155
420
  5075865
100
AcDbCircle
 10
329.0203132304
 20
272.9029536532
 30
0.0
 40
2.0
100
AcDbArc
 50
180.0
 51
270.0
  0
ARC
  5
D10
330
20C
100
AcDbEntity
  8
2
  6
Continuous
390
DFF
 62
   155
420
  5075865
100
AcDbCircle
 10
349.0203132304
 20
272.9029536532
 30
0.0
 40
2.0
100
AcDbArc
 50
90.0
 51
180.0
  0
ARC
  5
D11
330
20C
100
AcDbEntity
  8
2
  6
Continuous
390
DFF
 62
   155
420
  5075865
100
AcDbCircle
 10
345.0203132304
 20
272.9029536532
 30
0.0
 40
2.0
100
AcDbArc
 50
270.0
 51
360.0
  0
CIRCLE
  5
D12
330
20C
100
AcDbEntity
  8
2
  6
Continuous
390
DFF
 62
   155
420
  5075865
100
AcDbCircle
 10
337.0203132304
 20
275.5029536532
 30
0.0
 40
1.55
  0
CIRCLE
  5
D13
330
20C
100
AcDbEntity
  8
2
  6
Continuous
390
DFF
 62
   155
420
  5075865
100
AcDbCircle
 10
337.0203132304
 20
275.5029536532
 30
0.0
 40
0.9
  0
ARC
  5
D14
330
20C
100
AcDbEntity
  8
2
  6
Continuous
390
DFF
 62
   155
420
  5075865
100
AcDbCircle
 10
329.0203132304
 20
272.9029536532
 30
0.0
 40
0.6
100
AcDbArc
 50
180.0
 51
270.0
  0
ARC
  5
D15
330
20C
100
AcDbEntity
  8
2
  6
Continuous
390
DFF
 62
   155
420
  5075865
100
AcDbCircle
 10
345.0203132304
 20
272.9029536532
 30
0.0
 40
0.6
100
AcDbArc
 50
270.0
 51
360.0
  0
CIRCLE
  5
D16
330
20C
100
AcDbEntity
  8
2
  6
Continuous
390
DFF
 62
   155
420
  5075865
100
AcDbCircle
 10
337.0203132304
 20
275.5029536532
 30
0.0
 40
0.55
  0
ARC
  5
D17
330
20C
100
AcDbEntity
  8
2
  6
Continuous
390
DFF
 62
   155
420
  5075865
100
AcDbCircle
 10
329.0203132304
 20
272.9029536532
 30
0.0
 40
0.530158461
100
AcDbArc
 50
180.0
 51
270.0
  0
ARC
  5
D18
330
20C
100
AcDbEntity
  8
2
  6
Continuous
390
DFF
 62
   155
420
  5075865
100
AcDbCircle
 10
345.0203132304
 20
272.9029536532
 30
0.0
 40
0.530158461
100
AcDbArc
 50
270.0
 51
360.0
  0
ARC
  5
D19
330
20C
100
AcDbEntity
  8
2
  6
Continuous
390
DFF
 62
   155
420
  5075865
100
AcDbCircle
 10
398.9203132304
 20
258.8214563223
 30
0.0
 40
10.2014018939
100
AcDbArc
 50
315.7358040183
 51
348.5960163917
  0
ARC
  5
D1A
330
20C
100
AcDbEntity
  8
2
  6
Continuous
390
DFF
 62
   155
420
  5075865
100
AcDbCircle
 10
392.7551678644001
 20
265.1029536532
 30
0.0
 40
10.0
100
AcDbArc
 50
89.99999999890001
 51
134.5626525406
  0
ARC
  5
D1B
330
20C
100
AcDbEntity
  8
2
  6
Continuous
390
DFF
 62
   155
420
  5075865
100
AcDbCircle
 10
392.8388158995
 20
264.9029536532
 30
0.0
 40
8.163728535900001
100
AcDbArc
 50
103.4699146634
 51
134.2641959815
  0
ARC
  5
D1C
330
20C
100
AcDbEntity
  8
2
  6
Continuous
390
DFF
 62
   155
420
  5075865
100
AcDbCircle
 10
398.9203132304
 20
258.8214563223
 30
0.0
 40
8.163728535900001
100
AcDbArc
 50
315.7358040185
 51
346.5959240771
  0
ARC
  5
D1D
330
20C
100
AcDbEntity
  8
2
  6
Continuous
390
DFF
 62
   155
420
  5075865
100
AcDbCircle
 10
410.0203132304
 20
248.0029536532
 30
0.0
 40
7.336271464099999
100
AcDbArc
 50
135.7358040182
 51
224.2641959815
  0
ARC
  5
D1E
330
20C
100
AcDbEntity
  8
2
  6
Continuous
390
DFF
 62
   155
420
  5075865
100
AcDbCircle
 10
410.0203132304
 20
248.0029536532
 30
0.0
 40
5.2985981061
100
AcDbArc
 50
188.1373670878
 51
224.2641959812
  0
ARC
  5
D1F
330
20C
100
AcDbEntity
  8
2
  6
Continuous
390
DFF
 62
   155
420
  5075865
100
AcDbCircle
 10
410.0203132304
 20
248.0029536532
 30
0.0
 40
5.2985981061
100
AcDbArc
 50
135.7358040185
 51
171.8626329122
  0
ARC
  5
D20
330
20C
100
AcDbEntity
  8
2
  6
Continuous
390
DFF
 62
   155
420
  5075865
100
AcDbCircle
 10
403.9203132304
 20
259.9443090808
 30
0.0
 40
5.0
100
AcDbArc
 50
0.0
 51
33.9517848906
  0
ARC
  5
D21
330
20C
100
AcDbEntity
  8
2
  6
Continuous
390
DFF
 62
   155
420
  5075865
100
AcDbCircle
 10
410.0203132304
 20
248.0029536532
 30
0.0
 40
3.5
100
AcDbArc
 50
279.0805687238
 51
84.2216517741
  0
ARC
  5
D22
330
20C
100
AcDbEntity
  8
2
  6
Continuous
390
DFF
 62
   155
420
  5075865
100
AcDbCircle
 10
410.0203132304
 20
248.0029536532
 30
0.0
 40
3.5
100
AcDbArc
 50
85.0828996645
 51
278.2132107001
  0
ARC
  5
D23
330
20C
100
AcDbEntity
  8
2
  6
Continuous
390
DFF
 62
   155
420
  5075865
100
AcDbCircle
 10
454.7798952625
 20
293.676252179
 30
0.0
 40
54.5993954578
100
AcDbArc
 50
213.2133637875
 51
213.4604000159
  0
ARC
  5
D24
330
20C
100
AcDbEntity
  8
2
  6
Continuous
390
DFF
 62
   155
420
  5075865
100
AcDbCircle
 10
443.6028867373
 20
290.1691107182
 30
0.0
 40
43.4443698782
100
AcDbArc
 50
215.5561385103
 51
217.4217079373
  0
ARC
  5
D25
330
20C
100
AcDbEntity
  8
2
  6
Continuous
390
DFF
 62
   155
420
  5075865
100
AcDbCircle
 10
382.0203132304
 20
276.0029536532
 30
0.0
 40
7.336271464099999
100
AcDbArc
 50
225.7358040184999
 51
314.2641959818
  0
ARC
  5
D26
330
20C
100
AcDbEntity
  8
2
  6
Continuous
390
DFF
 62
   155
420
  5075865
100
AcDbCircle
 10
409.0203132304
 20
270.0029536532
 30
0.0
 40
7.25
100
AcDbArc
 50
173.1992667755
 51
261.9717938854
  0
ARC
  5
D27
330
20C
100
AcDbEntity
  8
2
  6
Continuous
390
DFF
 62
   155
420
  5075865
100
AcDbCircle
 10
382.0203132304
 20
276.0029536532
 30
0.0
 40
5.2985981061
100
AcDbArc
 50
278.1373670878
 51
314.5626525406
  0
ARC
  5
D28
330
20C
100
AcDbEntity
  8
2
  6
Continuous
390
DFF
 62
   155
420
  5075865
100
AcDbCircle
 10
382.0203132304
 20
276.0029536532
 30
0.0
 40
5.2985981061
100
AcDbArc
 50
225.7358040188
 51
261.8626329122
  0
ARC
  5
D29
330
20C
100
AcDbEntity
  8
2
  6
Continuous
390
DFF
 62
   155
420
  5075865
100
AcDbCircle
 10
409.5203132304
 20
275.5029536532
 30
0.0
 40
5.1222226932
100
AcDbArc
 50
284.3569979969
 51
245.2541441877
  0
ARC
  5
D2A
330
20C
100
AcDbEntity
  8
2
  6
Continuous
390
DFF
 62
   155
420
  5075865
100
AcDbCircle
 10
409.5203132304
 20
275.5029536532
 30
0.0
 40
5.0
100
AcDbArc
 50
284.2482346332
 51
245.3629075514
  0
ARC
  5
D2B
330
20C
100
AcDbEntity
  8
2
  6
Continuous
390
DFF
 62
   155
420
  5075865
100
AcDbCircle
 10
394.3302660387999
 20
272.1029536532
 30
0.0
 40
4.469841539
100
AcDbArc
 50
57.31851257029999
 51
89.99999999890001
  0
ARC
  5
D2C
330
20C
100
AcDbEntity
  8
2
  6
Continuous
390
DFF
 62
   155
420
  5075865
100
AcDbCircle
 10
394.3302660387999
 20
272.1029536532
 30
0.0
 40
4.4
100
AcDbArc
 50
57.31851257029999
 51
89.99999999890001
  0
ARC
  5
D2D
330
20C
100
AcDbEntity
  8
2
  6
Continuous
390
DFF
 62
   155
420
  5075865
100
AcDbCircle
 10
382.0203132304
 20
276.0029536532
 30
0.0
 40
3.5
100
AcDbArc
 50
9.080568726900003
 51
174.2216517741
  0
ARC
  5
D2E
330
20C
100
AcDbEntity
  8
2
  6
Continuous
390
DFF
 62
   155
420
  5075865
100
AcDbCircle
 10
382.0203132304
 20
276.0029536532
 30
0.0
 40
3.5
100
AcDbArc
 50
175.0828996645
 51
8.2132107043
  0
ARC
  5
D2F
330
20C
100
AcDbEntity
  8
2
  6
Continuous
390
DFF
 62
   155
420
  5075865
100
AcDbCircle
 10
394.3302660387999
 20
272.1029536532
 30
0.0
 40
3.0
100
AcDbArc
 50
57.31851257029999
 51
89.99999999890001
  0
ARC
  5
D30
330
20C
100
AcDbEntity
  8
2
  6
Continuous
390
DFF
 62
   155
420
  5075865
100
AcDbCircle
 10
409.0203132304
 20
270.0029536532
 30
0.0
 40
1.85
100
AcDbArc
 50
148.9151458484
 51
20.6959963361
  0
CIRCLE
  5
D31
330
20C
100
AcDbEntity
  8
2
  6
Continuous
390
DFF
 62
   155
420
  5075865
100
AcDbCircle
 10
409.5203132304
 20
275.5029536532
 30
0.0
 40
1.55
  0
ARC
  5
D32
330
20C
100
AcDbEntity
  8
2
  6
Continuous
390
DFF
 62
   155
420
  5075865
100
AcDbCircle
 10
414.5065132304
 20
281.6759536532
 30
0.0
 40
1.0
100
AcDbArc
 50
353.5117184838001
 51
186.4882815162
  0
ARC
  5
D33
330
20C
100
AcDbEntity
  8
2
  6
Continuous
390
DFF
 62
   155
420
  5075865
100
AcDbCircle
 10
414.5065132304
 20
281.6759536532
 30
0.0
 40
1.0
100
AcDbArc
 50
186.891188057
 51
353.108811943
  0
CIRCLE
  5
D34
330
20C
100
AcDbEntity
  8
2
  6
Continuous
390
DFF
 62
   155
420
  5075865
100
AcDbCircle
 10
409.5203132304
 20
275.5029536532
 30
0.0
 40
0.9
  0
CIRCLE
  5
D35
330
20C
100
AcDbEntity
  8
2
  6
Continuous
390
DFF
 62
   155
420
  5075865
100
AcDbCircle
 10
409.5203132304
 20
275.5029536532
 30
0.0
 40
0.55
  0
CIRCLE
  5
D36
330
20C
100
AcDbEntity
  8
2
  6
Continuous
390
DFF
 62
   155
420
  5075865
100
AcDbCircle
 10
414.5065132304
 20
281.6759536532
 30
0.0
 40
0.3
  0
SPLINE
  5
D37
330
20C
100
AcDbEntity
  8
2
  6
Continuous
390
DFF
 62
   155
420
  5075865
100
AcDbSpline
210
0.0
220
0.0
230
1.0
 70
     8
 71
     3
 72
     8
 73
     4
 74
     0
 42
1E-07
 43
1E-10
 40
0.0
 40
0.0
 40
0.0
 40
0.0
 40
1.0
 40
1.0
 40
1.0
 40
1.0
 10
83.422831493
 20
277.2300234046
 30
0.0
 10
83.3815100775
 20
277.2572274347
 30
0.0
 10
83.3427984356
 20
277.3003004824
 30
0.0
 10
83.3071315294
 20
277.3599982153
 30
0.0
  0
SPLINE
  5
D38
330
20C
100
AcDbEntity
  8
2
  6
Continuous
390
DFF
 62
   155
420
  5075865
100
AcDbSpline
210
0.0
220
0.0
230
1.0
 70
     8
 71
     3
 72
     8
 73
     4
 74
     0
 42
1E-07
 43
1E-10
 40
0.0
 40
0.0
 40
0.0
 40
0.0
 40
1.0
 40
1.0
 40
1.0
 40
1.0
 10
83.3071315294
 20
277.3599982153
 30
0.0
 10
83.2632003402
 20
277.4310309607
 30
0.0
 10
83.2284033585
 20
277.5277564014
 30
0.0
 10
83.2036105088
 20
277.6509302048
 30
0.0
  0
SPLINE
  5
D39
330
20C
100
AcDbEntity
  8
2
  6
Continuous
390
DFF
 62
   155
420
  5075865
100
AcDbSpline
210
0.0
220
0.0
230
1.0
 70
     8
 71
     3
 72
     8
 73
     4
 74
     0
 42
1E-07
 43
1E-10
 40
0.0
 40
0.0
 40
0.0
 40
0.0
 40
1.0
 40
1.0
 40
1.0
 40
1.0
 10
83.1670736761
 20
278.2577312122
 30
0.0
 10
83.16750863819999
 20
278.2849352424
 30
0.0
 10
83.1688135249
 20
278.3136506077
 30
0.0
 10
83.17055337390001
 20
278.3431216404
 30
0.0
  0
SPLINE
  5
D3A
330
20C
100
AcDbEntity
  8
2
  6
Continuous
390
DFF
 62
   155
420
  5075865
100
AcDbSpline
210
0.0
220
0.0
230
1.0
 70
     8
 71
     3
 72
     8
 73
     4
 74
     0
 42
1E-07
 43
1E-10
 40
0.0
 40
0.0
 40
0.0
 40
0.0
 40
1.0
 40
1.0
 40
1.0
 40
1.0
 10
83.17055337390001
 20
278.3431216404
 30
0.0
 10
83.2301432042
 20
278.3997967036
 30
0.0
 10
83.2879931856
 20
278.4413584167
 30
0.0
 10
83.3445382802
 20
278.4685624472
 30
0.0
  0
SPLINE
  5
D3B
330
20C
100
AcDbEntity
  8
2
  6
Continuous
390
DFF
 62
   155
420
  5075865
100
AcDbSpline
210
0.0
220
0.0
230
1.0
 70
     8
 71
     3
 72
     8
 73
     4
 74
     0
 42
1E-07
 43
1E-10
 40
0.0
 40
0.0
 40
0.0
 40
0.0
 40
1.0
 40
1.0
 40
1.0
 40
1.0
 10
83.6633656218
 20
278.4882098035
 30
0.0
 10
83.7068618486
 20
278.4746077886
 30
0.0
 10
83.746443415
 20
278.446648091
 30
0.0
 10
83.7816753588
 20
278.4035750433
 30
0.0
  0
SPLINE
  5
D3C
330
20C
100
AcDbEntity
  8
2
  6
Continuous
390
DFF
 62
   155
420
  5075865
100
AcDbSpline
210
0.0
220
0.0
230
1.0
 70
     8
 71
     3
 72
     8
 73
     4
 74
     0
 42
1E-07
 43
1E-10
 40
0.0
 40
0.0
 40
0.0
 40
0.0
 40
1.0
 40
1.0
 40
1.0
 40
1.0
 10
83.7816753588
 20
278.4035750433
 30
0.0
 10
83.8303911329
 20
278.343121643
 30
0.0
 10
83.86562307680001
 20
278.2720888975
 30
0.0
 10
83.8869362282
 20
278.1897211394
 30
0.0
  0
SPLINE
  5
D3D
330
20C
100
AcDbEntity
  8
2
  6
Continuous
390
DFF
 62
   155
420
  5075865
100
AcDbSpline
210
0.0
220
0.0
230
1.0
 70
     8
 71
     3
 72
     8
 73
     4
 74
     0
 42
1E-07
 43
1E-10
 40
0.0
 40
0.0
 40
0.0
 40
0.0
 40
1.0
 40
1.0
 40
1.0
 40
1.0
 10
84.1022425498
 20
278.350678319
 30
0.0
 10
84.0678805302
 20
278.476119125
 30
0.0
 10
84.01655498229999
 20
278.5796455731
 30
0.0
 10
83.9487008684
 20
278.6612576636
 30
0.0
  0
SPLINE
  5
D3E
330
20C
100
AcDbEntity
  8
2
  6
Continuous
390
DFF
 62
   155
420
  5075865
100
AcDbSpline
210
0.0
220
0.0
230
1.0
 70
     8
 71
     3
 72
     8
 73
     4
 74
     0
 42
1E-07
 43
1E-10
 40
0.0
 40
0.0
 40
0.0
 40
0.0
 40
1.0
 40
1.0
 40
1.0
 40
1.0
 10
83.1714232973
 20
278.6295196253
 30
0.0
 10
83.1879518623
 20
278.936320633
 30
0.0
 10
83.2453668806
 20
279.1804012377
 30
0.0
 10
83.34453827680001
 20
279.3610057721
 30
0.0
  0
SPLINE
  5
D3F
330
20C
100
AcDbEntity
  8
2
  6
Continuous
390
DFF
 62
   155
420
  5075865
100
AcDbSpline
210
0.0
220
0.0
230
1.0
 70
     8
 71
     3
 72
     8
 73
     4
 74
     0
 42
1E-07
 43
1E-10
 40
0.0
 40
0.0
 40
0.0
 40
0.0
 40
1.0
 40
1.0
 40
1.0
 40
1.0
 10
83.8760621662
 20
279.6050863786
 30
0.0
 10
83.91999335520001
 20
279.5869503587
 30
0.0
 10
83.9526155253
 20
279.5680586711
 30
0.0
 10
83.97392867649999
 20
279.5476556485
 30
0.0
  0
SPLINE
  5
D40
330
20C
100
AcDbEntity
  8
2
  6
Continuous
390
DFF
 62
   155
420
  5075865
100
AcDbSpline
210
0.0
220
0.0
230
1.0
 70
     8
 71
     3
 72
     8
 73
     4
 74
     0
 42
1E-07
 43
1E-10
 40
0.0
 40
0.0
 40
0.0
 40
0.0
 40
1.0
 40
1.0
 40
1.0
 40
1.0
 10
83.98567265619999
 20
279.9330460768
 30
0.0
 10
83.95392041069999
 20
279.9504264293
 30
0.0
 10
83.9226031274
 20
279.9625171093
 30
0.0
 10
83.8917208064
 20
279.9693181167
 30
0.0
  0
SPLINE
  5
D41
330
20C
100
AcDbEntity
  8
2
  6
Continuous
390
DFF
 62
   155
420
  5075865
100
AcDbSpline
210
0.0
220
0.0
230
1.0
 70
     8
 71
     3
 72
     8
 73
     4
 74
     0
 42
1E-07
 43
1E-10
 40
0.0
 40
0.0
 40
0.0
 40
0.0
 40
1.0
 40
1.0
 40
1.0
 40
1.0
 10
83.4010833697
 20
279.8514339839
 30
0.0
 10
83.29364769
 20
279.7660435553
 30
0.0
 10
83.2057853125
 20
279.6474037564
 30
0.0
 10
83.1379311995
 20
279.4955145874
 30
0.0
  0
SPLINE
  5
D42
330
20C
100
AcDbEntity
  8
2
  6
Continuous
390
DFF
 62
   155
420
  5075865
100
AcDbSpline
210
0.0
220
0.0
230
1.0
 70
     8
 71
     3
 72
     8
 73
     4
 74
     0
 42
1E-07
 43
1E-10
 40
0.0
 40
0.0
 40
0.0
 40
0.0
 40
1.0
 40
1.0
 40
1.0
 40
1.0
 10
83.1379311995
 20
279.4955145874
 30
0.0
 10
83.0657274637
 20
279.3353130758
 30
0.0
 10
83.0135319924
 20
279.1531972066
 30
0.0
 10
82.9804748609
 20
278.9476556448
 30
0.0
  0
SPLINE
  5
D43
330
20C
100
AcDbEntity
  8
2
  6
Continuous
390
DFF
 62
   155
420
  5075865
100
AcDbSpline
210
0.0
220
0.0
230
1.0
 70
     8
 71
     3
 72
     8
 73
     4
 74
     0
 42
1E-07
 43
1E-10
 40
0.0
 40
0.0
 40
0.0
 40
0.0
 40
1.0
 40
1.0
 40
1.0
 40
1.0
 10
92.2443012202
 20
279.9330461082
 30
0.0
 10
92.24125648469999
 20
279.8453886774
 30
0.0
 10
92.22907754139999
 20
279.7758672668
 30
0.0
 10
92.2086343151
 20
279.7244818763
 30
0.0
  0
SPLINE
  5
D44
330
20C
100
AcDbEntity
  8
2
  6
Continuous
390
DFF
 62
   155
420
  5075865
100
AcDbSpline
210
0.0
220
0.0
230
1.0
 70
     8
 71
     3
 72
     8
 73
     4
 74
     0
 42
1E-07
 43
1E-10
 40
0.0
 40
0.0
 40
0.0
 40
0.0
 40
1.0
 40
1.0
 40
1.0
 40
1.0
 10
92.2086343151
 20
279.7244818763
 30
0.0
 10
92.18819108870001
 20
279.6723408183
 30
0.0
 10
92.1603535038
 20
279.6300234378
 30
0.0
 10
92.124686598
 20
279.5960183999
 30
0.0
  0
SPLINE
  5
D45
330
20C
100
AcDbEntity
  8
2
  6
Continuous
390
DFF
 62
   155
420
  5075865
100
AcDbSpline
210
0.0
220
0.0
230
1.0
 70
     8
 71
     3
 72
     8
 73
     4
 74
     0
 42
1E-07
 43
1E-10
 40
0.0
 40
0.0
 40
0.0
 40
0.0
 40
1.0
 40
1.0
 40
1.0
 40
1.0
 10
88.07040331610001
 20
277.2300234223
 30
0.0
 10
88.02908190059999
 20
277.2572274524
 30
0.0
 10
87.99037025870001
 20
277.3003005001
 30
0.0
 10
87.95470335260001
 20
277.3599982329
 30
0.0
  0
SPLINE
  5
D46
330
20C
100
AcDbEntity
  8
2
  6
Continuous
390
DFF
 62
   155
420
  5075865
100
AcDbSpline
210
0.0
220
0.0
230
1.0
 70
     8
 71
     3
 72
     8
 73
     4
 74
     0
 42
1E-07
 43
1E-10
 40
0.0
 40
0.0
 40
0.0
 40
0.0
 40
1.0
 40
1.0
 40
1.0
 40
1.0
 10
87.95470335260001
 20
277.3599982329
 30
0.0
 10
87.9107721633
 20
277.4310309784
 30
0.0
 10
87.8759751816
 20
277.527756419
 30
0.0
 10
87.85118233190001
 20
277.6509302225
 30
0.0
  0
SPLINE
  5
D47
330
20C
100
AcDbEntity
  8
2
  6
Continuous
390
DFF
 62
   155
420
  5075865
100
AcDbSpline
210
0.0
220
0.0
230
1.0
 70
     8
 71
     3
 72
     8
 73
     4
 74
     0
 42
1E-07
 43
1E-10
 40
0.0
 40
0.0
 40
0.0
 40
0.0
 40
1.0
 40
1.0
 40
1.0
 40
1.0
 10
87.8146454992
 20
278.2577312299
 30
0.0
 10
87.8150804614
 20
278.2849352601
 30
0.0
 10
87.8163853481
 20
278.3136506254
 30
0.0
 10
87.818125197
 20
278.3431216581
 30
0.0
  0
SPLINE
  5
D48
330
20C
100
AcDbEntity
  8
2
  6
Continuous
390
DFF
 62
   155
420
  5075865
100
AcDbSpline
210
0.0
220
0.0
230
1.0
 70
     8
 71
     3
 72
     8
 73
     4
 74
     0
 42
1E-07
 43
1E-10
 40
0.0
 40
0.0
 40
0.0
 40
0.0
 40
1.0
 40
1.0
 40
1.0
 40
1.0
 10
87.818125197
 20
278.3431216581
 30
0.0
 10
87.8777150274
 20
278.3997967213
 30
0.0
 10
87.93556500870001
 20
278.4413584344
 30
0.0
 10
87.99211010329999
 20
278.4685624648
 30
0.0
  0
SPLINE
  5
D49
330
20C
100
AcDbEntity
  8
2
  6
Continuous
390
DFF
 62
   155
420
  5075865
100
AcDbSpline
210
0.0
220
0.0
230
1.0
 70
     8
 71
     3
 72
     8
 73
     4
 74
     0
 42
1E-07
 43
1E-10
 40
0.0
 40
0.0
 40
0.0
 40
0.0
 40
1.0
 40
1.0
 40
1.0
 40
1.0
 10
88.31093744499999
 20
278.4882098212
 30
0.0
 10
88.35443367170001
 20
278.4746078062
 30
0.0
 10
88.3940152382
 20
278.4466481087
 30
0.0
 10
88.42924718190001
 20
278.4035750609
 30
0.0
  0
SPLINE
  5
D4A
330
20C
100
AcDbEntity
  8
2
  6
Continuous
390
DFF
 62
   155
420
  5075865
100
AcDbSpline
210
0.0
220
0.0
230
1.0
 70
     8
 71
     3
 72
     8
 73
     4
 74
     0
 42
1E-07
 43
1E-10
 40
0.0
 40
0.0
 40
0.0
 40
0.0
 40
1.0
 40
1.0
 40
1.0
 40
1.0
 10
88.42924718190001
 20
278.4035750609
 30
0.0
 10
88.4779629561
 20
278.3431216606
 30
0.0
 10
88.5131949
 20
278.2720889152
 30
0.0
 10
88.5345080514
 20
278.189721157
 30
0.0
  0
SPLINE
  5
D4B
330
20C
100
AcDbEntity
  8
2
  6
Continuous
390
DFF
 62
   155
420
  5075865
100
AcDbSpline
210
0.0
220
0.0
230
1.0
 70
     8
 71
     3
 72
     8
 73
     4
 74
     0
 42
1E-07
 43
1E-10
 40
0.0
 40
0.0
 40
0.0
 40
0.0
 40
1.0
 40
1.0
 40
1.0
 40
1.0
 10
88.7498143729
 20
278.3506783367
 30
0.0
 10
88.7154523534
 20
278.4761191426
 30
0.0
 10
88.66412680549999
 20
278.5796455908
 30
0.0
 10
88.59627269149999
 20
278.6612576812
 30
0.0
  0
SPLINE
  5
D4C
330
20C
100
AcDbEntity
  8
2
  6
Continuous
390
DFF
 62
   155
420
  5075865
100
AcDbSpline
210
0.0
220
0.0
230
1.0
 70
     8
 71
     3
 72
     8
 73
     4
 74
     0
 42
1E-07
 43
1E-10
 40
0.0
 40
0.0
 40
0.0
 40
0.0
 40
1.0
 40
1.0
 40
1.0
 40
1.0
 10
87.81899512049999
 20
278.629519643
 30
0.0
 10
87.83552368540001
 20
278.9363206506
 30
0.0
 10
87.89293870379998
 20
279.1804012554
 30
0.0
 10
87.9921100999
 20
279.3610057897
 30
0.0
  0
SPLINE
  5
D4D
330
20C
100
AcDbEntity
  8
2
  6
Continuous
390
DFF
 62
   155
420
  5075865
100
AcDbSpline
210
0.0
220
0.0
230
1.0
 70
     8
 71
     3
 72
     8
 73
     4
 74
     0
 42
1E-07
 43
1E-10
 40
0.0
 40
0.0
 40
0.0
 40
0.0
 40
1.0
 40
1.0
 40
1.0
 40
1.0
 10
88.52363398930001
 20
279.6050863963
 30
0.0
 10
88.5675651784
 20
279.5869503763
 30
0.0
 10
88.6001873485
 20
279.5680586888
 30
0.0
 10
88.62150049959999
 20
279.5476556662
 30
0.0
  0
SPLINE
  5
D4E
330
20C
100
AcDbEntity
  8
2
  6
Continuous
390
DFF
 62
   155
420
  5075865
100
AcDbSpline
210
0.0
220
0.0
230
1.0
 70
     8
 71
     3
 72
     8
 73
     4
 74
     0
 42
1E-07
 43
1E-10
 40
0.0
 40
0.0
 40
0.0
 40
0.0
 40
1.0
 40
1.0
 40
1.0
 40
1.0
 10
88.63324447940001
 20
279.9330460945
 30
0.0
 10
88.60149223379999
 20
279.950426447
 30
0.0
 10
88.57017495049999
 20
279.962517127
 30
0.0
 10
88.53929262959998
 20
279.9693181344
 30
0.0
  0
SPLINE
  5
D4F
330
20C
100
AcDbEntity
  8
2
  6
Continuous
390
DFF
 62
   155
420
  5075865
100
AcDbSpline
210
0.0
220
0.0
230
1.0
 70
     8
 71
     3
 72
     8
 73
     4
 74
     0
 42
1E-07
 43
1E-10
 40
0.0
 40
0.0
 40
0.0
 40
0.0
 40
1.0
 40
1.0
 40
1.0
 40
1.0
 10
88.04865519280001
 20
279.8514340015
 30
0.0
 10
87.9412195132
 20
279.7660435729
 30
0.0
 10
87.85335713569999
 20
279.6474037741
 30
0.0
 10
87.7855030226
 20
279.4955146051
 30
0.0
  0
SPLINE
  5
D50
330
20C
100
AcDbEntity
  8
2
  6
Continuous
390
DFF
 62
   155
420
  5075865
100
AcDbSpline
210
0.0
220
0.0
230
1.0
 70
     8
 71
     3
 72
     8
 73
     4
 74
     0
 42
1E-07
 43
1E-10
 40
0.0
 40
0.0
 40
0.0
 40
0.0
 40
1.0
 40
1.0
 40
1.0
 40
1.0
 10
87.7855030226
 20
279.4955146051
 30
0.0
 10
87.71329928690001
 20
279.3353130935
 30
0.0
 10
87.6611038155
 20
279.1531972243
 30
0.0
 10
87.628046684
 20
278.9476556624
 30
0.0
  0
SPLINE
  5
D51
330
20C
100
AcDbEntity
  8
2
  6
Continuous
390
DFF
 62
   155
420
  5075865
100
AcDbSpline
210
0.0
220
0.0
230
1.0
 70
     8
 71
     3
 72
     8
 73
     4
 74
     0
 42
1E-07
 43
1E-10
 40
0.0
 40
0.0
 40
0.0
 40
0.0
 40
1.0
 40
1.0
 40
1.0
 40
1.0
 10
78.73915779859999
 20
278.0446329586
 30
0.0
 10
78.797442742
 20
278.1428697347
 30
0.0
 10
78.8465934778
 20
278.2320385006
 30
0.0
 10
78.8870449683
 20
278.3128949239
 30
0.0
  0
SPLINE
  5
D52
330
20C
100
AcDbEntity
  8
2
  6
Continuous
390
DFF
 62
   155
420
  5075865
100
AcDbSpline
210
0.0
220
0.0
230
1.0
 70
     8
 71
     3
 72
     8
 73
     4
 74
     0
 42
1E-07
 43
1E-10
 40
0.0
 40
0.0
 40
0.0
 40
0.0
 40
1.0
 40
1.0
 40
1.0
 40
1.0
 10
78.99317576060001
 20
278.5584868639
 30
0.0
 10
79.0257979302
 20
278.6468999622
 30
0.0
 10
79.0501558168
 20
278.7406027331
 30
0.0
 10
79.06711934489999
 20
278.8395951765
 30
0.0
  0
SPLINE
  5
D53
330
20C
100
AcDbEntity
  8
2
  6
Continuous
390
DFF
 62
   155
420
  5075865
100
AcDbSpline
210
0.0
220
0.0
230
1.0
 70
     8
 71
     3
 72
     8
 73
     4
 74
     0
 42
1E-07
 43
1E-10
 40
0.0
 40
0.0
 40
0.0
 40
0.0
 40
1.0
 40
1.0
 40
1.0
 40
1.0
 10
78.25852448640001
 20
279.927000715
 30
0.0
 10
78.1671824104
 20
279.8877060043
 30
0.0
 10
78.09367378749999
 20
279.8446329562
 30
0.0
 10
78.038868542
 20
279.7977815706
 30
0.0
  0
SPLINE
  5
D54
330
20C
100
AcDbEntity
  8
2
  6
Continuous
390
DFF
 62
   155
420
  5075865
100
AcDbSpline
210
0.0
220
0.0
230
1.0
 70
     8
 71
     3
 72
     8
 73
     4
 74
     0
 42
1E-07
 43
1E-10
 40
0.0
 40
0.0
 40
0.0
 40
0.0
 40
1.0
 40
1.0
 40
1.0
 40
1.0
 10
78.0506125248
 20
279.3746077671
 30
0.0
 10
78.1284707703
 20
279.4630208656
 30
0.0
 10
78.2085038272
 20
279.528763939
 30
0.0
 10
78.29071169550001
 20
279.5718369871
 30
0.0
  0
SPLINE
  5
D55
330
20C
100
AcDbEntity
  8
2
  6
Continuous
390
DFF
 62
   155
420
  5075865
100
AcDbSpline
210
0.0
220
0.0
230
1.0
 70
     8
 71
     3
 72
     8
 73
     4
 74
     0
 42
1E-07
 43
1E-10
 40
0.0
 40
0.0
 40
0.0
 40
0.0
 40
1.0
 40
1.0
 40
1.0
 40
1.0
 10
78.773084853
 20
278.6627689789
 30
0.0
 10
78.7178446457
 20
278.515413815
 30
0.0
 10
78.6164984382
 20
278.3166732604
 30
0.0
 10
78.4677413439
 20
278.0673029828
 30
0.0
  0
SPLINE
  5
D56
330
20C
100
AcDbEntity
  8
2
  6
Continuous
390
DFF
 62
   155
420
  5075865
100
AcDbSpline
210
0.0
220
0.0
230
1.0
 70
     8
 71
     3
 72
     8
 73
     4
 74
     0
 42
1E-07
 43
1E-10
 40
0.0
 40
0.0
 40
0.0
 40
0.0
 40
1.0
 40
1.0
 40
1.0
 40
1.0
 10
78.4677413439
 20
278.0673029828
 30
0.0
 10
78.39771241930001
 20
277.947151849
 30
0.0
 10
78.321594023
 20
277.8270007152
 30
0.0
 10
78.2398211173
 20
277.7060939139
 30
0.0
  0
SPLINE
  5
D57
330
20C
100
AcDbEntity
  8
2
  6
Continuous
390
DFF
 62
   155
420
  5075865
100
AcDbSpline
210
0.0
220
0.0
230
1.0
 70
     8
 71
     3
 72
     8
 73
     4
 74
     0
 42
1E-07
 43
1E-10
 40
0.0
 40
0.0
 40
0.0
 40
0.0
 40
1.0
 40
1.0
 40
1.0
 40
1.0
 10
81.4746354948
 20
278.3144062688
 30
0.0
 10
81.44070843760001
 20
278.4315347321
 30
0.0
 10
81.39242762560001
 20
278.5267488377
 30
0.0
 10
81.3306629834
 20
278.6008042531
 30
0.0
  0
SPLINE
  5
D58
330
20C
100
AcDbEntity
  8
2
  6
Continuous
390
DFF
 62
   155
420
  5075865
100
AcDbSpline
210
0.0
220
0.0
230
1.0
 70
     8
 71
     3
 72
     8
 73
     4
 74
     0
 42
1E-07
 43
1E-10
 40
0.0
 40
0.0
 40
0.0
 40
0.0
 40
1.0
 40
1.0
 40
1.0
 40
1.0
 10
81.3306629834
 20
278.6008042531
 30
0.0
 10
81.2719430771
 20
278.6703256635
 30
0.0
 10
81.2075686614
 20
278.7194440511
 30
0.0
 10
81.13710477399999
 20
278.7466480811
 30
0.0
  0
SPLINE
  5
D59
330
20C
100
AcDbEntity
  8
2
  6
Continuous
390
DFF
 62
   155
420
  5075865
100
AcDbSpline
210
0.0
220
0.0
230
1.0
 70
     8
 71
     3
 72
     8
 73
     4
 74
     0
 42
1E-07
 43
1E-10
 40
0.0
 40
0.0
 40
0.0
 40
0.0
 40
1.0
 40
1.0
 40
1.0
 40
1.0
 10
80.80131390370001
 20
278.7844314551
 30
0.0
 10
80.7665169224
 20
278.781408785
 30
0.0
 10
80.7321549033
 20
278.7776304473
 30
0.0
 10
80.699097771
 20
278.7723407746
 30
0.0
  0
SPLINE
  5
D5A
330
20C
100
AcDbEntity
  8
2
  6
Continuous
390
DFF
 62
   155
420
  5075865
100
AcDbSpline
210
0.0
220
0.0
230
1.0
 70
     8
 71
     3
 72
     8
 73
     4
 74
     0
 42
1E-07
 43
1E-10
 40
0.0
 40
0.0
 40
0.0
 40
0.0
 40
1.0
 40
1.0
 40
1.0
 40
1.0
 10
80.475092205
 20
278.377126668
 30
0.0
 10
80.520763243
 20
278.3929956858
 30
0.0
 10
80.57513352630001
 20
278.4096203711
 30
0.0
 10
80.6382030549
 20
278.425489389
 30
0.0
  0
SPLINE
  5
D5B
330
20C
100
AcDbEntity
  8
2
  6
Continuous
390
DFF
 62
   155
420
  5075865
100
AcDbSpline
210
0.0
220
0.0
230
1.0
 70
     8
 71
     3
 72
     8
 73
     4
 74
     0
 42
1E-07
 43
1E-10
 40
0.0
 40
0.0
 40
0.0
 40
0.0
 40
1.0
 40
1.0
 40
1.0
 40
1.0
 10
81.027494284
 20
278.4186883829
 30
0.0
 10
81.0853442655
 20
278.397529693
 30
0.0
 10
81.1340600396
 20
278.3612576529
 30
0.0
 10
81.17407656829999
 20
278.3106279301
 30
0.0
  0
SPLINE
  5
D5C
330
20C
100
AcDbEntity
  8
2
  6
Continuous
390
DFF
 62
   155
420
  5075865
100
AcDbSpline
210
0.0
220
0.0
230
1.0
 70
     8
 71
     3
 72
     8
 73
     4
 74
     0
 42
1E-07
 43
1E-10
 40
0.0
 40
0.0
 40
0.0
 40
0.0
 40
1.0
 40
1.0
 40
1.0
 40
1.0
 10
81.17407656829999
 20
278.3106279301
 30
0.0
 10
81.21061339890001
 20
278.2675548824
 30
0.0
 10
81.23888594649999
 20
278.210124152
 30
0.0
 10
81.2593291733
 20
278.1390914065
 30
0.0
  0
SPLINE
  5
D5D
330
20C
100
AcDbEntity
  8
2
  6
Continuous
390
DFF
 62
   155
420
  5075865
100
AcDbSpline
210
0.0
220
0.0
230
1.0
 70
     8
 71
     3
 72
     8
 73
     4
 74
     0
 42
1E-07
 43
1E-10
 40
0.0
 40
0.0
 40
0.0
 40
0.0
 40
1.0
 40
1.0
 40
1.0
 40
1.0
 10
81.26411376029999
 20
277.5972778045
 30
0.0
 10
81.24671527
 20
277.5164213812
 30
0.0
 10
81.22105249649999
 20
277.4468999706
 30
0.0
 10
81.1871254399
 20
277.38946924
 30
0.0
  0
SPLINE
  5
D5E
330
20C
100
AcDbEntity
  8
2
  6
Continuous
390
DFF
 62
   155
420
  5075865
100
AcDbSpline
210
0.0
220
0.0
230
1.0
 70
     8
 71
     3
 72
     8
 73
     4
 74
     0
 42
1E-07
 43
1E-10
 40
0.0
 40
0.0
 40
0.0
 40
0.0
 40
1.0
 40
1.0
 40
1.0
 40
1.0
 10
81.1871254399
 20
277.38946924
 30
0.0
 10
81.14667394930001
 20
277.3222148317
 30
0.0
 10
81.1010029114
 20
277.2753634462
 30
0.0
 10
81.04967736399999
 20
277.2481594158
 30
0.0
  0
SPLINE
  5
D5F
330
20C
100
AcDbEntity
  8
2
  6
Continuous
390
DFF
 62
   155
420
  5075865
100
AcDbSpline
210
0.0
220
0.0
230
1.0
 70
     8
 71
     3
 72
     8
 73
     4
 74
     0
 42
1E-07
 43
1E-10
 40
0.0
 40
0.0
 40
0.0
 40
0.0
 40
1.0
 40
1.0
 40
1.0
 40
1.0
 10
80.6395079461
 20
277.2814087845
 30
0.0
 10
80.5546903038
 20
277.3305271721
 30
0.0
 10
80.4803117559
 20
277.3902249048
 30
0.0
 10
80.4168072647
 20
277.4605019826
 30
0.0
  0
SPLINE
  5
D60
330
20C
100
AcDbEntity
  8
2
  6
Continuous
390
DFF
 62
   155
420
  5075865
100
AcDbSpline
210
0.0
220
0.0
230
1.0
 70
     8
 71
     3
 72
     8
 73
     4
 74
     0
 42
1E-07
 43
1E-10
 40
0.0
 40
0.0
 40
0.0
 40
0.0
 40
1.0
 40
1.0
 40
1.0
 40
1.0
 10
81.3606753853
 20
277.1521896436
 30
0.0
 10
81.41200093250001
 20
277.2390914071
 30
0.0
 10
81.4520174606
 20
277.3463961931
 30
0.0
 10
81.4815948943
 20
277.4741040018
 30
0.0
  0
SPLINE
  5
D61
330
20C
100
AcDbEntity
  8
2
  6
Continuous
390
DFF
 62
   155
420
  5075865
100
AcDbSpline
210
0.0
220
0.0
230
1.0
 70
     8
 71
     3
 72
     8
 73
     4
 74
     0
 42
1E-07
 43
1E-10
 40
0.0
 40
0.0
 40
0.0
 40
0.0
 40
1.0
 40
1.0
 40
1.0
 40
1.0
 10
77.3999089764
 20
278.5630208629
 30
0.0
 10
77.36337214619999
 20
278.4995447922
 30
0.0
 10
77.3163962216
 20
278.4534490741
 30
0.0
 10
77.2581112779
 20
278.4247337087
 30
0.0
  0
SPLINE
  5
D62
330
20C
100
AcDbEntity
  8
2
  6
Continuous
390
DFF
 62
   155
420
  5075865
100
AcDbSpline
210
0.0
220
0.0
230
1.0
 70
     8
 71
     3
 72
     8
 73
     4
 74
     0
 42
1E-07
 43
1E-10
 40
0.0
 40
0.0
 40
0.0
 40
0.0
 40
1.0
 40
1.0
 40
1.0
 40
1.0
 10
77.2459323301
 20
279.5529452955
 30
0.0
 10
77.2937781796
 20
279.5348092755
 30
0.0
 10
77.3359695196
 20
279.5045825755
 30
0.0
 10
77.3729413125
 20
279.4630208628
 30
0.0
  0
SPLINE
  5
D63
330
20C
100
AcDbEntity
  8
2
  6
Continuous
390
DFF
 62
   155
420
  5075865
100
AcDbSpline
210
0.0
220
0.0
230
1.0
 70
     8
 71
     3
 72
     8
 73
     4
 74
     0
 42
1E-07
 43
1E-10
 40
0.0
 40
0.0
 40
0.0
 40
0.0
 40
1.0
 40
1.0
 40
1.0
 40
1.0
 10
77.3729413125
 20
279.4630208628
 30
0.0
 10
77.4155676148
 20
279.4146581425
 30
0.0
 10
77.4473198605
 20
279.3526934071
 30
0.0
 10
77.46819804960001
 20
279.2756153216
 30
0.0
  0
SPLINE
  5
D64
330
20C
100
AcDbEntity
  8
2
  6
Continuous
390
DFF
 62
   155
420
  5075865
100
AcDbSpline
210
0.0
220
0.0
230
1.0
 70
     8
 71
     3
 72
     8
 73
     4
 74
     0
 42
1E-07
 43
1E-10
 40
0.0
 40
0.0
 40
0.0
 40
0.0
 40
1.0
 40
1.0
 40
1.0
 40
1.0
 10
93.6796767116
 20
277.2300234436
 30
0.0
 10
93.6383552962
 20
277.2572274737
 30
0.0
 10
93.59964365419999
 20
277.3003005214
 30
0.0
 10
93.56397674809999
 20
277.3599982542
 30
0.0
  0
SPLINE
  5
D65
330
20C
100
AcDbEntity
  8
2
  6
Continuous
390
DFF
 62
   155
420
  5075865
100
AcDbSpline
210
0.0
220
0.0
230
1.0
 70
     8
 71
     3
 72
     8
 73
     4
 74
     0
 42
1E-07
 43
1E-10
 40
0.0
 40
0.0
 40
0.0
 40
0.0
 40
1.0
 40
1.0
 40
1.0
 40
1.0
 10
93.56397674809999
 20
277.3599982542
 30
0.0
 10
93.52004555889999
 20
277.4310309997
 30
0.0
 10
93.4852485772
 20
277.5277564403
 30
0.0
 10
93.4604557275
 20
277.6509302438
 30
0.0
  0
SPLINE
  5
D66
330
20C
100
AcDbEntity
  8
2
  6
Continuous
390
DFF
 62
   155
420
  5075865
100
AcDbSpline
210
0.0
220
0.0
230
1.0
 70
     8
 71
     3
 72
     8
 73
     4
 74
     0
 42
1E-07
 43
1E-10
 40
0.0
 40
0.0
 40
0.0
 40
0.0
 40
1.0
 40
1.0
 40
1.0
 40
1.0
 10
93.42391889469999
 20
278.2577312512
 30
0.0
 10
93.42435385690001
 20
278.2849352814
 30
0.0
 10
93.42565874360001
 20
278.3136506467
 30
0.0
 10
93.4273985925
 20
278.3431216794
 30
0.0
  0
SPLINE
  5
D67
330
20C
100
AcDbEntity
  8
2
  6
Continuous
390
DFF
 62
   155
420
  5075865
100
AcDbSpline
210
0.0
220
0.0
230
1.0
 70
     8
 71
     3
 72
     8
 73
     4
 74
     0
 42
1E-07
 43
1E-10
 40
0.0
 40
0.0
 40
0.0
 40
0.0
 40
1.0
 40
1.0
 40
1.0
 40
1.0
 10
93.4273985925
 20
278.3431216794
 30
0.0
 10
93.48698842290001
 20
278.3997967426
 30
0.0
 10
93.54483840430001
 20
278.4413584557
 30
0.0
 10
93.60138349889999
 20
278.4685624861
 30
0.0
  0
SPLINE
  5
D68
330
20C
100
AcDbEntity
  8
2
  6
Continuous
390
DFF
 62
   155
420
  5075865
100
AcDbSpline
210
0.0
220
0.0
230
1.0
 70
     8
 71
     3
 72
     8
 73
     4
 74
     0
 42
1E-07
 43
1E-10
 40
0.0
 40
0.0
 40
0.0
 40
0.0
 40
1.0
 40
1.0
 40
1.0
 40
1.0
 10
93.92021084049999
 20
278.4882098425
 30
0.0
 10
93.96370706729999
 20
278.4746078276
 30
0.0
 10
94.00328863370001
 20
278.44664813
 30
0.0
 10
94.03852057749999
 20
278.4035750822
 30
0.0
  0
SPLINE
  5
D69
330
20C
100
AcDbEntity
  8
2
  6
Continuous
390
DFF
 62
   155
420
  5075865
100
AcDbSpline
210
0.0
220
0.0
230
1.0
 70
     8
 71
     3
 72
     8
 73
     4
 74
     0
 42
1E-07
 43
1E-10
 40
0.0
 40
0.0
 40
0.0
 40
0.0
 40
1.0
 40
1.0
 40
1.0
 40
1.0
 10
94.03852057749999
 20
278.4035750822
 30
0.0
 10
94.0872363516
 20
278.3431216819
 30
0.0
 10
94.1224682955
 20
278.2720889365
 30
0.0
 10
94.14378144690001
 20
278.1897211784
 30
0.0
  0
SPLINE
  5
D6A
330
20C
100
AcDbEntity
  8
2
  6
Continuous
390
DFF
 62
   155
420
  5075865
100
AcDbSpline
210
0.0
220
0.0
230
1.0
 70
     8
 71
     3
 72
     8
 73
     4
 74
     0
 42
1E-07
 43
1E-10
 40
0.0
 40
0.0
 40
0.0
 40
0.0
 40
1.0
 40
1.0
 40
1.0
 40
1.0
 10
94.3590877685
 20
278.350678358
 30
0.0
 10
94.32472574889999
 20
278.4761191639
 30
0.0
 10
94.273400201
 20
278.5796456121
 30
0.0
 10
94.205546087
 20
278.6612577025
 30
0.0
  0
SPLINE
  5
D6B
330
20C
100
AcDbEntity
  8
2
  6
Continuous
390
DFF
 62
   155
420
  5075865
100
AcDbSpline
210
0.0
220
0.0
230
1.0
 70
     8
 71
     3
 72
     8
 73
     4
 74
     0
 42
1E-07
 43
1E-10
 40
0.0
 40
0.0
 40
0.0
 40
0.0
 40
1.0
 40
1.0
 40
1.0
 40
1.0
 10
93.428268516
 20
278.6295196643
 30
0.0
 10
93.444797081
 20
278.9363206719
 30
0.0
 10
93.50221209930001
 20
279.1804012767
 30
0.0
 10
93.60138349549999
 20
279.3610058111
 30
0.0
  0
SPLINE
  5
D6C
330
20C
100
AcDbEntity
  8
2
  6
Continuous
390
DFF
 62
   155
420
  5075865
100
AcDbSpline
210
0.0
220
0.0
230
1.0
 70
     8
 71
     3
 72
     8
 73
     4
 74
     0
 42
1E-07
 43
1E-10
 40
0.0
 40
0.0
 40
0.0
 40
0.0
 40
1.0
 40
1.0
 40
1.0
 40
1.0
 10
94.13290738489999
 20
279.6050864176
 30
0.0
 10
94.1768385739
 20
279.5869503976
 30
0.0
 10
94.209460744
 20
279.5680587101
 30
0.0
 10
94.2307738952
 20
279.5476556875
 30
0.0
  0
SPLINE
  5
D6D
330
20C
100
AcDbEntity
  8
2
  6
Continuous
390
DFF
 62
   155
420
  5075865
100
AcDbSpline
210
0.0
220
0.0
230
1.0
 70
     8
 71
     3
 72
     8
 73
     4
 74
     0
 42
1E-07
 43
1E-10
 40
0.0
 40
0.0
 40
0.0
 40
0.0
 40
1.0
 40
1.0
 40
1.0
 40
1.0
 10
94.2425178749
 20
279.9330461158
 30
0.0
 10
94.2107656293
 20
279.9504264683
 30
0.0
 10
94.1794483461
 20
279.9625171483
 30
0.0
 10
94.1485660251
 20
279.9693181557
 30
0.0
  0
SPLINE
  5
D6E
330
20C
100
AcDbEntity
  8
2
  6
Continuous
390
DFF
 62
   155
420
  5075865
100
AcDbSpline
210
0.0
220
0.0
230
1.0
 70
     8
 71
     3
 72
     8
 73
     4
 74
     0
 42
1E-07
 43
1E-10
 40
0.0
 40
0.0
 40
0.0
 40
0.0
 40
1.0
 40
1.0
 40
1.0
 40
1.0
 10
93.6579285883
 20
279.8514340229
 30
0.0
 10
93.55049290870001
 20
279.7660435942
 30
0.0
 10
93.46263053120001
 20
279.6474037954
 30
0.0
 10
93.39477641809999
 20
279.4955146264
 30
0.0
  0
SPLINE
  5
D6F
330
20C
100
AcDbEntity
  8
2
  6
Continuous
390
DFF
 62
   155
420
  5075865
100
AcDbSpline
210
0.0
220
0.0
230
1.0
 70
     8
 71
     3
 72
     8
 73
     4
 74
     0
 42
1E-07
 43
1E-10
 40
0.0
 40
0.0
 40
0.0
 40
0.0
 40
1.0
 40
1.0
 40
1.0
 40
1.0
 10
93.39477641809999
 20
279.4955146264
 30
0.0
 10
93.32257268239999
 20
279.3353131148
 30
0.0
 10
93.27037721110001
 20
279.1531972456
 30
0.0
 10
93.2373200796
 20
278.9476556837
 30
0.0
  0
SPLINE
  5
D70
330
20C
100
AcDbEntity
  8
2
  6
Continuous
390
DFF
 62
   155
420
  5075865
100
AcDbSpline
210
0.0
220
0.0
230
1.0
 70
     8
 71
     3
 72
     8
 73
     4
 74
     0
 42
1E-07
 43
1E-10
 40
0.0
 40
0.0
 40
0.0
 40
0.0
 40
1.0
 40
1.0
 40
1.0
 40
1.0
 10
193.1429234235
 20
250.7955360124
 30
0.0
 10
193.0141817362
 20
250.8726515771
 30
0.0
 10
192.8853430692
 20
250.9259336894
 30
0.0
 10
192.7564724853
 20
250.9652320516
 30
0.0
  0
SPLINE
  5
D71
330
20C
100
AcDbEntity
  8
2
  6
Continuous
390
DFF
 62
   155
420
  5075865
100
AcDbSpline
210
0.0
220
0.0
230
1.0
 70
     8
 71
     3
 72
     8
 73
     4
 74
     0
 42
1E-07
 43
1E-10
 40
0.0
 40
0.0
 40
0.0
 40
0.0
 40
1.0
 40
1.0
 40
1.0
 40
1.0
 10
34.6697494718
 20
155.210371294
 30
0.0
 10
34.7984911591
 20
155.1332557293
 30
0.0
 10
34.9273298261
 20
155.0799736171
 30
0.0
 10
35.0562004099
 20
155.0406752548
 30
0.0
  0
SPLINE
  5
D72
330
20C
100
AcDbEntity
  8
2
  6
Continuous
390
DFF
 62
   155
420
  5075865
100
AcDbSpline
210
0.0
220
0.0
230
1.0
 70
     8
 71
     3
 72
     8
 73
     4
 74
     0
 42
1E-07
 43
1E-10
 40
0.0
 40
0.0
 40
0.0
 40
0.0
 40
1.0
 40
1.0
 40
1.0
 40
1.0
 10
34.6697494718
 20
250.7955360124
 30
0.0
 10
34.7984911591
 20
250.8726515771
 30
0.0
 10
34.9273298261
 20
250.9259336894
 30
0.0
 10
35.0562004099
 20
250.9652320516
 30
0.0
  0
SPLINE
  5
D73
330
20C
100
AcDbEntity
  8
2
  6
Continuous
390
DFF
 62
   155
420
  5075865
100
AcDbSpline
210
0.0
220
0.0
230
1.0
 70
     8
 71
     3
 72
     8
 73
     4
 74
     0
 42
1E-07
 43
1E-10
 40
0.0
 40
0.0
 40
0.0
 40
0.0
 40
1.0
 40
1.0
 40
1.0
 40
1.0
 10
193.1429234235
 20
155.210371294
 30
0.0
 10
193.0141817362
 20
155.1332557293
 30
0.0
 10
192.8853430692
 20
155.0799736171
 30
0.0
 10
192.7564724853
 20
155.0406752548
 30
0.0
  0
SPLINE
  5
D74
330
20C
100
AcDbEntity
  8
2
  6
Continuous
390
DFF
 62
   155
420
  5075865
100
AcDbSpline
210
0.0
220
0.0
230
1.0
 70
     8
 71
     3
 72
     8
 73
     4
 74
     0
 42
1E-07
 43
1E-10
 40
0.0
 40
0.0
 40
0.0
 40
0.0
 40
1.0
 40
1.0
 40
1.0
 40
1.0
 10
408.2588866266
 20
141.0997129128
 30
0.0
 10
407.7832965123
 20
140.3194889114
 30
0.0
 10
407.3236979594
 20
139.532690264
 30
0.0
 10
406.8400308091
 20
138.7654196438
 30
0.0
  0
SPLINE
  5
D75
330
20C
100
AcDbEntity
  8
2
  6
Continuous
390
DFF
 62
   155
420
  5075865
100
AcDbSpline
210
0.0
220
0.0
230
1.0
 70
     8
 71
     3
 72
     8
 73
     4
 74
     0
 42
1E-07
 43
1E-10
 40
0.0
 40
0.0
 40
0.0
 40
0.0
 40
1.0
 40
1.0
 40
1.0
 40
1.0
 10
406.7974408439
 20
138.5029536532
 30
0.0
 10
405.8419443031
 20
137.0105312127
 30
0.0
 10
404.7604546338
 20
135.5911103331
 30
0.0
 10
403.3812742741001
 20
134.5029536532
 30
0.0
  0
SPLINE
  5
D76
330
20C
100
AcDbEntity
  8
2
  6
Continuous
390
DFF
 62
   155
420
  5075865
100
AcDbSpline
210
0.0
220
0.0
230
1.0
 70
     8
 71
     3
 72
     8
 73
     4
 74
     0
 42
1E-07
 43
1E-10
 40
0.0
 40
0.0
 40
0.0
 40
0.0
 40
1.0
 40
1.0
 40
1.0
 40
1.0
 10
268.7798513453
 20
267.2404876639
 30
0.0
 10
268.0725250256
 20
266.1827237107
 30
0.0
 10
267.4285953767
 20
265.0506567002
 30
0.0
 10
266.7455575601
 20
263.9423766702
 30
0.0
  0
SPLINE
  5
D77
330
20C
100
AcDbEntity
  8
2
  6
Continuous
390
DFF
 62
   155
420
  5075865
100
AcDbSpline
210
0.0
220
0.0
230
1.0
 70
     8
 71
     3
 72
     8
 73
     4
 74
     0
 42
1E-07
 43
1E-10
 40
0.0
 40
0.0
 40
0.0
 40
0.0
 40
1.0
 40
1.0
 40
1.0
 40
1.0
 10
270.7949592851
 20
269.727185827
 30
0.0
 10
271.2336800091
 20
270.1505634378
 30
0.0
 10
271.7057761984
 20
270.53203099
 30
0.0
 10
272.2193021781
 20
270.8614745503
 30
0.0
  0
SPLINE
  5
D78
330
20C
100
AcDbEntity
  8
2
  6
Continuous
390
DFF
 62
   155
420
  5075865
100
AcDbSpline
210
0.0
220
0.0
230
1.0
 70
     8
 71
     3
 72
     8
 73
     4
 74
     0
 42
1E-07
 43
1E-10
 40
0.0
 40
0.0
 40
0.0
 40
0.0
 40
1.0
 40
1.0
 40
1.0
 40
1.0
 10
268.9578083316
 20
267.5029536516
 30
0.0
 10
269.5117882158
 20
268.3083575419
 30
0.0
 10
270.1085163818
 20
269.064749483
 30
0.0
 10
270.7949592851
 20
269.727185827
 30
0.0
  0
SPLINE
  5
D79
330
20C
100
AcDbEntity
  8
2
  6
Continuous
390
DFF
 62
   155
420
  5075865
100
AcDbSpline
210
0.0
220
0.0
230
1.0
 70
     8
 71
     3
 72
     8
 73
     4
 74
     0
 42
1E-07
 43
1E-10
 40
0.0
 40
0.0
 40
0.0
 40
0.0
 40
1.0
 40
1.0
 40
1.0
 40
1.0
 10
407.2950689007
 20
263.9423766702
 30
0.0
 10
406.6120310841
 20
265.0506567002
 30
0.0
 10
405.9681014351
 20
266.1827237107
 30
0.0
 10
405.2607751155001
 20
267.2404876639
 30
0.0
  0
SPLINE
  5
D7A
330
20C
100
AcDbEntity
  8
2
  6
Continuous
390
DFF
 62
   155
420
  5075865
100
AcDbSpline
210
0.0
220
0.0
230
1.0
 70
     8
 71
     3
 72
     8
 73
     4
 74
     0
 42
1E-07
 43
1E-10
 40
0.0
 40
0.0
 40
0.0
 40
0.0
 40
1.0
 40
1.0
 40
1.0
 40
1.0
 10
266.7455575601
 20
142.0635306362
 30
0.0
 10
267.4285953767
 20
140.9552506062
 30
0.0
 10
268.0725250256
 20
139.8231835957
 30
0.0
 10
268.7798513453
 20
138.7654196425
 30
0.0
  0
SPLINE
  5
D7B
330
20C
100
AcDbEntity
  8
2
  6
Continuous
390
DFF
 62
   155
420
  5075865
100
AcDbSpline
210
0.0
220
0.0
230
1.0
 70
     8
 71
     3
 72
     8
 73
     4
 74
     0
 42
1E-07
 43
1E-10
 40
0.0
 40
0.0
 40
0.0
 40
0.0
 40
1.0
 40
1.0
 40
1.0
 40
1.0
 10
405.2607751155001
 20
138.7654196425
 30
0.0
 10
405.9681014351
 20
139.8231835957
 30
0.0
 10
406.6120310841
 20
140.9552506062
 30
0.0
 10
407.2950689007
 20
142.0635306362
 30
0.0
  0
SPLINE
  5
D7C
330
20C
100
AcDbEntity
  8
2
  6
Continuous
390
DFF
 62
   155
420
  5075865
100
AcDbSpline
210
0.0
220
0.0
230
1.0
 70
     8
 71
     3
 72
     8
 73
     4
 74
     0
 42
1E-07
 43
1E-10
 40
0.0
 40
0.0
 40
0.0
 40
0.0
 40
1.0
 40
1.0
 40
1.0
 40
1.0
 10
403.2456671756
 20
136.2787214794
 30
0.0
 10
402.8069464517
 20
135.8553438686
 30
0.0
 10
402.3348502623001
 20
135.4738763164
 30
0.0
 10
401.8213242826999
 20
135.1444327562
 30
0.0
  0
SPLINE
  5
D7D
330
20C
100
AcDbEntity
  8
2
  6
Continuous
390
DFF
 62
   155
420
  5075865
100
AcDbSpline
210
0.0
220
0.0
230
1.0
 70
     8
 71
     3
 72
     8
 73
     4
 74
     0
 42
1E-07
 43
1E-10
 40
0.0
 40
0.0
 40
0.0
 40
0.0
 40
1.0
 40
1.0
 40
1.0
 40
1.0
 10
405.0828181292
 20
138.5029536548
 30
0.0
 10
404.528838245
 20
137.6975497646
 30
0.0
 10
403.932110079
 20
136.9411578234
 30
0.0
 10
403.2456671756
 20
136.2787214794
 30
0.0
  0
SPLINE
  5
D7E
330
20C
100
AcDbEntity
  8
2
  6
Continuous
390
DFF
 62
   155
420
  5075865
100
AcDbSpline
210
0.0
220
0.0
230
1.0
 70
     8
 71
     3
 72
     8
 73
     4
 74
     0
 42
1E-07
 43
1E-10
 40
0.0
 40
0.0
 40
0.0
 40
0.0
 40
1.0
 40
1.0
 40
1.0
 40
1.0
 10
408.067852464
 20
143.2691229248
 30
0.0
 10
407.802279296
 20
142.8746789233
 30
0.0
 10
407.5463551446
 20
142.4712613932
 30
0.0
 10
407.2950689008
 20
142.0635306365
 30
0.0
  0
SPLINE
  5
D7F
330
20C
100
AcDbEntity
  8
2
  6
Continuous
390
DFF
 62
   155
420
  5075865
100
AcDbSpline
210
0.0
220
0.0
230
1.0
 70
     8
 71
     3
 72
     8
 73
     4
 74
     0
 42
1E-07
 43
1E-10
 40
0.0
 40
0.0
 40
0.0
 40
0.0
 40
1.0
 40
1.0
 40
1.0
 40
1.0
 10
267.2431856169
 20
267.5029536532
 30
0.0
 10
268.1986821577
 20
268.9953760937
 30
0.0
 10
269.280171827
 20
270.4147969733
 30
0.0
 10
270.6593521867
 20
271.5029536532
 30
0.0
  0
SPLINE
  5
D80
330
20C
100
AcDbEntity
  8
2
  6
Continuous
390
DFF
 62
   155
420
  5075865
100
AcDbSpline
210
0.0
220
0.0
230
1.0
 70
     8
 71
     3
 72
     8
 73
     4
 74
     0
 42
1E-07
 43
1E-10
 40
0.0
 40
0.0
 40
0.0
 40
0.0
 40
1.0
 40
1.0
 40
1.0
 40
1.0
 10
265.7817398342
 20
264.9061943936
 30
0.0
 10
266.2573299485
 20
265.686418395
 30
0.0
 10
266.7169285014
 20
266.4732170424
 30
0.0
 10
267.2005956517
 20
267.2404876626
 30
0.0
  0
SPLINE
  5
D81
330
20C
100
AcDbEntity
  8
2
  6
Continuous
390
DFF
 62
   155
420
  5075865
100
AcDbSpline
210
0.0
220
0.0
230
1.0
 70
     8
 71
     3
 72
     8
 73
     4
 74
     0
 42
1E-07
 43
1E-10
 40
0.0
 40
0.0
 40
0.0
 40
0.0
 40
1.0
 40
1.0
 40
1.0
 40
1.0
 10
265.9727739968
 20
262.7367843816
 30
0.0
 10
266.2383471648
 20
263.1312283831
 30
0.0
 10
266.4942713162
 20
263.5346459132
 30
0.0
 10
266.74555756
 20
263.94237667
 30
0.0
  0
SPLINE
  5
D82
330
20C
100
AcDbEntity
  8
2
  6
Continuous
390
DFF
 62
   155
420
  5075865
100
AcDbSpline
210
0.0
220
0.0
230
1.0
 70
     8
 71
     3
 72
     8
 73
     4
 74
     0
 42
1E-07
 43
1E-10
 40
0.0
 40
0.0
 40
0.0
 40
0.0
 40
1.0
 40
1.0
 40
1.0
 40
1.0
 10
408.067852464
 20
262.7367843816
 30
0.0
 10
407.802279296
 20
263.1312283831
 30
0.0
 10
407.5463551446
 20
263.5346459132
 30
0.0
 10
407.2950689008
 20
263.94237667
 30
0.0
  0
SPLINE
  5
D83
330
20C
100
AcDbEntity
  8
2
  6
Continuous
390
DFF
 62
   155
420
  5075865
100
AcDbSpline
210
0.0
220
0.0
230
1.0
 70
     8
 71
     3
 72
     8
 73
     4
 74
     0
 42
1E-07
 43
1E-10
 40
0.0
 40
0.0
 40
0.0
 40
0.0
 40
1.0
 40
1.0
 40
1.0
 40
1.0
 10
265.9727739968
 20
143.2691229248
 30
0.0
 10
266.2383471648
 20
142.8746789233
 30
0.0
 10
266.4942713162
 20
142.4712613932
 30
0.0
 10
266.74555756
 20
142.0635306365
 30
0.0
  0
ELLIPSE
  5
D84
330
20C
100
AcDbEntity
  8
2
  6
Continuous
390
DFF
 62
   155
420
  5075865
100
AcDbEllipse
 10
37.452246844
 20
152.1413045096
 30
0.0
 11
0.4777086880999999
 21
-0.8796641348999999
 31
0.0
210
0.0
220
0.0
230
1.0
 40
0.9940241084
 41
2.0708119756
 42
4.2123733316
  0
ELLIPSE
  5
D85
330
20C
100
AcDbEntity
  8
2
  6
Continuous
390
DFF
 62
   155
420
  5075865
100
AcDbEllipse
 10
37.1902079457
 20
152.6238291664
 30
0.0
 11
-0.4777086880999999
 21
0.8796641348999999
 31
0.0
210
0.0
220
0.0
230
1.0
 40
0.9940241084
 41
-1.070780678
 42
1.070780678
  0
ELLIPSE
  5
D86
330
20C
100
AcDbEntity
  8
2
  6
Continuous
390
DFF
 62
   155
420
  5075865
100
AcDbEllipse
 10
34.9340238464
 20
160.030641052
 30
0.0
 11
0.7055186501999998
 21
0.7055186501999998
 31
0.0
210
0.0
220
0.0
230
0.9999999999999998
 40
0.9972646885999999
 41
-0.7840286355
 42
0.6638391504
  0
ELLIPSE
  5
D87
330
20C
100
AcDbEntity
  8
2
  6
Continuous
390
DFF
 62
   155
420
  5075865
100
AcDbEllipse
 10
34.67198495
 20
159.7686021556
 30
0.0
 11
0.7055186501999998
 21
0.7055186501999998
 31
0.0
210
0.0
220
0.0
230
0.9999999999999998
 40
0.9972646885999999
 41
5.4991566717
 42
7.0672139427
  0
ELLIPSE
  5
D88
330
20C
100
AcDbEntity
  8
2
  6
Continuous
390
DFF
 62
   155
420
  5075865
100
AcDbEllipse
 10
37.1902079457
 20
253.3820781401
 30
0.0
 11
0.4777086880999999
 21
0.8796641348999999
 31
0.0
210
0.0
220
0.0
230
1.0
 40
0.9940241084
 41
-4.2123733316
 42
-2.0708119756
  0
ELLIPSE
  5
D89
330
20C
100
AcDbEntity
  8
2
  6
Continuous
390
DFF
 62
   155
420
  5075865
100
AcDbEllipse
 10
37.452246844
 20
253.8646027968
 30
0.0
 11
0.4777086880999999
 21
0.8796641348999999
 31
0.0
210
0.0
220
0.0
230
1.0
 40
0.9940241084
 41
2.0708119756
 42
4.2123733316
  0
ELLIPSE
  5
D8A
330
20C
100
AcDbEntity
  8
2
  6
Continuous
390
DFF
 62
   155
420
  5075865
100
AcDbEllipse
 10
34.67198495
 20
246.2373051508
 30
0.0
 11
-0.7055186501999998
 21
0.7055186501999998
 31
0.0
210
0.0
220
0.0
230
0.9999999999999998
 40
0.9972646885999999
 41
-3.9256212891
 42
-2.3575640181
  0
ELLIPSE
  5
D8B
330
20C
100
AcDbEntity
  8
2
  6
Continuous
390
DFF
 62
   155
420
  5075865
100
AcDbEllipse
 10
34.9340238464
 20
245.9752662544
 30
0.0
 11
0.7055186501999998
 21
-0.7055186501999998
 31
0.0
210
0.0
220
0.0
230
0.9999999999999998
 40
0.9972646885999999
 41
5.6193461567
 42
7.0672139427
  0
ELLIPSE
  5
D8C
330
20C
100
AcDbEntity
  8
2
  6
Continuous
390
DFF
 62
   155
420
  5075865
100
AcDbEllipse
 10
192.8786490489
 20
245.9752662544
 30
0.0
 11
0.7055186501999998
 21
0.7055186501999998
 31
0.0
210
0.0
220
0.0
230
0.9999999999999998
 40
0.9972646885999999
 41
-3.9256212891
 42
-2.4777535032
  0
ELLIPSE
  5
D8D
330
20C
100
AcDbEntity
  8
2
  6
Continuous
390
DFF
 62
   155
420
  5075865
100
AcDbEllipse
 10
193.1406879453
 20
246.2373051508
 30
0.0
 11
-0.7055186501999998
 21
-0.7055186501999998
 31
0.0
210
0.0
220
0.0
230
0.9999999999999998
 40
0.9972646885999999
 41
5.4991566717
 42
7.0672139427
  0
ELLIPSE
  5
D8E
330
20C
100
AcDbEntity
  8
2
  6
Continuous
390
DFF
 62
   155
420
  5075865
100
AcDbEllipse
 10
193.1406879453
 20
159.7686021556
 30
0.0
 11
0.7055186501999998
 21
-0.7055186501999998
 31
0.0
210
0.0
220
0.0
230
0.9999999999999998
 40
0.9972646885999999
 41
2.3575640181
 42
3.9256212891
  0
ELLIPSE
  5
D8F
330
20C
100
AcDbEntity
  8
2
  6
Continuous
390
DFF
 62
   155
420
  5075865
100
AcDbEllipse
 10
192.8786490489
 20
160.030641052
 30
0.0
 11
-0.7055186501999998
 21
0.7055186501999998
 31
0.0
210
0.0
220
0.0
230
0.9999999999999998
 40
0.9972646885999999
 41
5.6193461567
 42
7.0672139427
  0
ELLIPSE
  5
D90
330
20C
100
AcDbEntity
  8
2
  6
Continuous
390
DFF
 62
   155
420
  5075865
100
AcDbEllipse
 10
113.9063363741
 20
133.1901062272
 30
0.0
 11
9.699999999999999E-09
 21
4.0327775995
 31
0.0
210
0.0
220
0.0
230
1.0
 40
0.7456587792
 41
1.4919443709
 42
1.5310019199
  0
ELLIPSE
  5
D91
330
20C
100
AcDbEntity
  8
2
  6
Continuous
390
DFF
 62
   155
420
  5075865
100
AcDbEllipse
 10
113.9063364493
 20
133.1901062214
 30
0.0
 11
0.0
 21
4.032777648
 31
0.0
210
0.0
220
0.0
230
1.0
 40
0.7456587881
 41
4.75218339
 42
4.791240938600001
  0
ELLIPSE
  5
D92
330
20C
100
AcDbEntity
  8
2
  6
Continuous
390
DFF
 62
   155
420
  5075865
100
AcDbEllipse
 10
113.9063368624
 20
130.5029533346
 30
0.0
 11
-3.9653083857
 21
3.045707575699999
 31
0.0
210
0.0
220
0.0
230
1.0
 40
0.9999999477000001
 41
6.2669627486
 42
6.2934573293
  0
ELLIPSE
  5
D93
330
20C
100
AcDbEntity
  8
2
  6
Continuous
390
DFF
 62
   155
420
  5075865
100
AcDbEllipse
 10
113.906336034
 20
130.5029533365
 30
0.0
 11
3.9700589444
 21
3.0395126562
 31
0.0
210
0.0
220
0.0
230
1.0
 40
0.9999999479
 41
6.2744746285
 42
6.3009692092
  0
ELLIPSE
  5
D94
330
20C
100
AcDbEntity
  8
2
  6
Continuous
390
DFF
 62
   155
420
  5075865
100
AcDbEllipse
 10
41.9063364605
 20
136.0029543996
 30
0.0
 11
-5.999112677799999
 21
0.1031629784
 31
0.0
210
0.0
220
0.0
230
0.9999999999999997
 40
0.9999999378
 41
4.689868842
 42
4.7341201116
  0
ELLIPSE
  5
D95
330
20C
100
AcDbEntity
  8
2
  6
Continuous
390
DFF
 62
   155
420
  5075865
100
AcDbEllipse
 10
41.9063362667
 20
136.0029537006
 30
0.0
 11
-5.8045390928
 21
1.5189891918
 31
0.0
210
0.0
220
0.0
230
0.9999999999999999
 40
0.9999999843999999
 41
3.1082687566
 42
3.1525200227
  0
ELLIPSE
  5
D96
330
20C
100
AcDbEntity
  8
2
  6
Continuous
390
DFF
 62
   155
420
  5075865
100
AcDbEllipse
 10
185.9063364565
 20
136.0029536537
 30
0.0
 11
0.0
 21
5.999999995099999
 31
0.0
210
0.0
220
0.0
230
0.9999999999999998
 40
0.9999999993000001
 41
5.0231979562
 42
5.1223209104
  0
ELLIPSE
  5
D97
330
20C
100
AcDbEntity
  8
2
  6
Continuous
390
DFF
 62
   155
420
  5075865
100
AcDbEllipse
 10
185.9063364348
 20
136.0029543996
 30
0.0
 11
5.999112677799999
 21
0.1031629784
 31
0.0
210
0.0
220
0.0
230
0.9999999999999997
 40
0.9999999378
 41
1.5490651956
 42
1.5933164652
  0
ELLIPSE
  5
D98
330
20C
100
AcDbEntity
  8
2
  6
Continuous
390
DFF
 62
   155
420
  5075865
100
AcDbEllipse
 10
190.6224649495
 20
152.6238291664
 30
0.0
 11
-0.4777086880999999
 21
-0.8796641348999999
 31
0.0
210
0.0
220
0.0
230
1.0
 40
0.9940241084
 41
2.0708119756
 42
3.4016141197
  0
ELLIPSE
  5
D99
330
20C
100
AcDbEntity
  8
2
  6
Continuous
390
DFF
 62
   155
420
  5075865
100
AcDbEllipse
 10
190.3604260513
 20
253.8646027968
 30
0.0
 11
-0.4777086880999999
 21
0.8796641348999999
 31
0.0
210
0.0
220
0.0
230
1.0
 40
0.9940241084
 41
-3.1172181933
 42
-2.0708119756
  0
ELLIPSE
  5
D9A
330
20C
100
AcDbEntity
  8
2
  6
Continuous
390
DFF
 62
   155
420
  5075865
100
AcDbEllipse
 10
190.6224649495
 20
253.3820781401
 30
0.0
 11
-0.4777086880999999
 21
0.8796641348999999
 31
0.0
210
0.0
220
0.0
230
1.0
 40
0.9940241084
 41
2.8815711875
 42
4.2123733316
  0
ELLIPSE
  5
D9B
330
20C
100
AcDbEntity
  8
2
  6
Continuous
390
DFF
 62
   155
420
  5075865
100
AcDbEllipse
 10
185.9063364348
 20
270.0029529068
 30
0.0
 11
-5.999112677799999
 21
0.1031629784
 31
0.0
210
0.0
220
0.0
230
0.9999999999999997
 40
0.9999999378
 41
1.5482761884
 42
1.592527458
  0
ELLIPSE
  5
D9C
330
20C
100
AcDbEntity
  8
2
  6
Continuous
390
DFF
 62
   155
420
  5075865
100
AcDbEllipse
 10
185.9063366286
 20
270.0029536059
 30
0.0
 11
-5.8045390928
 21
1.5189891918
 31
0.0
210
0.0
220
0.0
230
0.9999999999999999
 40
0.9999999843999999
 41
6.249861410199999
 42
6.2941126763
  0
ELLIPSE
  5
D9D
330
20C
100
AcDbEntity
  8
2
  6
Continuous
390
DFF
 62
   155
420
  5075865
100
AcDbEllipse
 10
183.7191838737
 20
203.0029537267
 30
0.0
 11
4.0327775995
 21
9.699999999999999E-09
 31
0.0
210
0.0
220
0.0
230
1.0
 40
0.7456587792
 41
1.6105907337
 42
1.6496482827
  0
ELLIPSE
  5
D9E
330
20C
100
AcDbEntity
  8
2
  6
Continuous
390
DFF
 62
   155
420
  5075865
100
AcDbEllipse
 10
183.7191838794
 20
203.0029536516
 30
0.0
 11
4.032777648
 21
0.0
 31
0.0
210
0.0
220
0.0
230
1.0
 40
0.7456587881
 41
4.633537022200001
 42
4.672594570799999
  0
ELLIPSE
  5
D9F
330
20C
100
AcDbEntity
  8
2
  6
Continuous
390
DFF
 62
   155
420
  5075865
100
AcDbEllipse
 10
44.0934890216
 20
203.0029537267
 30
0.0
 11
-4.0327775995
 21
9.699999999999999E-09
 31
0.0
210
0.0
220
0.0
230
1.0
 40
0.7456587792
 41
4.6335370245
 42
4.672594573500001
  0
ELLIPSE
  5
DA0
330
20C
100
AcDbEntity
  8
2
  6
Continuous
390
DFF
 62
   155
420
  5075865
100
AcDbEllipse
 10
41.406336129
 20
203.0029532384
 30
0.0
 11
3.045707575699999
 21
3.9653083857
 31
0.0
210
0.0
220
0.0
230
1.0
 40
0.9999999477000001
 41
6.2669627486
 42
6.2934573293
  0
ELLIPSE
  5
DA1
330
20C
100
AcDbEntity
  8
2
  6
Continuous
390
DFF
 62
   155
420
  5075865
100
AcDbEllipse
 10
86.1580518801
 20
211.5029536532
 30
0.0
 11
-1.001372346
 21
0.0
 31
0.0
210
0.0
220
0.0
230
1.0
 40
0.9986295348000001
 41
0.0
 42
1.5707963268
  0
ELLIPSE
  5
DA2
330
20C
100
AcDbEntity
  8
2
  6
Continuous
390
DFF
 62
   155
420
  5075865
100
AcDbEllipse
 10
86.1580518801
 20
218.5029536532
 30
0.0
 11
-1.001372346
 21
0.0
 31
0.0
210
0.0
220
0.0
230
1.0
 40
0.9986295348000001
 41
4.7123889804
 42
6.2831853072
  0
ELLIPSE
  5
DA3
330
20C
100
AcDbEntity
  8
2
  6
Continuous
390
DFF
 62
   155
420
  5075865
100
AcDbEllipse
 10
86.2366635491
 20
211.5029536532
 30
0.0
 11
1.001372346
 21
0.0
 31
0.0
210
0.0
220
0.0
230
1.0
 40
0.9986295348000001
 41
-3.1415926536
 42
-1.5707963268
  0
ELLIPSE
  5
DA4
330
20C
100
AcDbEntity
  8
2
  6
Continuous
390
DFF
 62
   155
420
  5075865
100
AcDbEllipse
 10
86.2366635491
 20
218.5029536532
 30
0.0
 11
1.001372346
 21
0.0
 31
0.0
210
0.0
220
0.0
230
1.0
 40
0.9986295348000001
 41
1.5707963268
 42
3.1415926536
  0
ELLIPSE
  5
DA5
330
20C
100
AcDbEntity
  8
2
  6
Continuous
390
DFF
 62
   155
420
  5075865
100
AcDbEllipse
 10
86.1580518801
 20
194.5029536532
 30
0.0
 11
-1.001372346
 21
0.0
 31
0.0
210
0.0
220
0.0
230
1.0
 40
0.9986295348000001
 41
4.7123889804
 42
6.2831853072
  0
ELLIPSE
  5
DA6
330
20C
100
AcDbEntity
  8
2
  6
Continuous
390
DFF
 62
   155
420
  5075865
100
AcDbEllipse
 10
86.1580518801
 20
187.5029536532
 30
0.0
 11
-1.001372346
 21
0.0
 31
0.0
210
0.0
220
0.0
230
1.0
 40
0.9986295348000001
 41
0.0
 42
1.5707963268
  0
ELLIPSE
  5
DA7
330
20C
100
AcDbEntity
  8
2
  6
Continuous
390
DFF
 62
   155
420
  5075865
100
AcDbEllipse
 10
86.2366635491
 20
194.5029536532
 30
0.0
 11
-1.001372346
 21
0.0
 31
0.0
210
0.0
220
0.0
230
1.0
 40
0.9986295348000001
 41
4.7123889804
 42
6.2831853072
  0
ELLIPSE
  5
DA8
330
20C
100
AcDbEntity
  8
2
  6
Continuous
390
DFF
 62
   155
420
  5075865
100
AcDbEllipse
 10
86.2366635491
 20
187.5029536532
 30
0.0
 11
-1.001372346
 21
0.0
 31
0.0
210
0.0
220
0.0
230
1.0
 40
0.9986295348000001
 41
0.0
 42
1.5707963268
  0
ELLIPSE
  5
DA9
330
20C
100
AcDbEntity
  8
2
  6
Continuous
390
DFF
 62
   155
420
  5075865
100
AcDbEllipse
 10
141.6546210151
 20
211.5029536532
 30
0.0
 11
1.001372346
 21
0.0
 31
0.0
210
0.0
220
0.0
230
1.0
 40
0.9986295348000001
 41
4.7123889804
 42
6.2831853072
  0
ELLIPSE
  5
DAA
330
20C
100
AcDbEntity
  8
2
  6
Continuous
390
DFF
 62
   155
420
  5075865
100
AcDbEllipse
 10
141.6546210151
 20
218.5029536532
 30
0.0
 11
1.001372346
 21
0.0
 31
0.0
210
0.0
220
0.0
230
1.0
 40
0.9986295348000001
 41
0.0
 42
1.5707963268
  0
ELLIPSE
  5
DAB
330
20C
100
AcDbEntity
  8
2
  6
Continuous
390
DFF
 62
   155
420
  5075865
100
AcDbEllipse
 10
141.5760093462
 20
211.5029536532
 30
0.0
 11
1.001372346
 21
0.0
 31
0.0
210
0.0
220
0.0
230
1.0
 40
0.9986295348000001
 41
4.7123889804
 42
6.2831853072
  0
ELLIPSE
  5
DAC
330
20C
100
AcDbEntity
  8
2
  6
Continuous
390
DFF
 62
   155
420
  5075865
100
AcDbEllipse
 10
141.5760093462
 20
218.5029536532
 30
0.0
 11
1.001372346
 21
0.0
 31
0.0
210
0.0
220
0.0
230
1.0
 40
0.9986295348000001
 41
0.0
 42
1.5707963268
  0
ELLIPSE
  5
DAD
330
20C
100
AcDbEntity
  8
2
  6
Continuous
390
DFF
 62
   155
420
  5075865
100
AcDbEllipse
 10
141.6546210151
 20
194.5029536532
 30
0.0
 11
1.001372346
 21
0.0
 31
0.0
210
0.0
220
0.0
230
1.0
 40
0.9986295348000001
 41
0.0
 42
1.5707963268
  0
ELLIPSE
  5
DAE
330
20C
100
AcDbEntity
  8
2
  6
Continuous
390
DFF
 62
   155
420
  5075865
100
AcDbEllipse
 10
141.6546210151
 20
187.5029536532
 30
0.0
 11
1.001372346
 21
0.0
 31
0.0
210
0.0
220
0.0
230
1.0
 40
0.9986295348000001
 41
4.7123889804
 42
6.2831853072
  0
ELLIPSE
  5
DAF
330
20C
100
AcDbEntity
  8
2
  6
Continuous
390
DFF
 62
   155
420
  5075865
100
AcDbEllipse
 10
141.5760093462
 20
194.5029536532
 30
0.0
 11
1.001372346
 21
0.0
 31
0.0
210
0.0
220
0.0
230
1.0
 40
0.9986295348000001
 41
0.0
 42
1.5707963268
  0
ELLIPSE
  5
DB0
330
20C
100
AcDbEntity
  8
2
  6
Continuous
390
DFF
 62
   155
420
  5075865
100
AcDbEllipse
 10
141.5760093462
 20
187.5029536532
 30
0.0
 11
1.001372346
 21
0.0
 31
0.0
210
0.0
220
0.0
230
1.0
 40
0.9986295348000001
 41
-1.5707963268
 42
0.0
  0
ELLIPSE
  5
DB1
330
20C
100
AcDbEntity
  8
2
  6
Continuous
390
DFF
 62
   155
420
  5075865
100
AcDbEllipse
 10
34.7515027253
 20
159.8481199399
 30
0.0
 11
2.4398167161
 21
1.6531464785
 31
0.0
210
0.0
220
0.0
230
1.0
 40
0.2850617258
 41
1.2570680723
 42
1.377257558
  0
ELLIPSE
  5
DB2
330
20C
100
AcDbEntity
  8
2
  6
Continuous
390
DFF
 62
   155
420
  5075865
100
AcDbEllipse
 10
190.3604260513
 20
152.1413045096
 30
0.0
 11
0.4777086880999999
 21
0.8796641348999999
 31
0.0
210
0.0
220
0.0
230
1.0
 40
0.9940241084
 41
-1.070780678
 42
-0.0243744603
  0
ELLIPSE
  5
DB3
330
20C
100
AcDbEntity
  8
2
  6
Continuous
390
DFF
 62
   155
420
  5075865
100
AcDbEllipse
 10
44.0934890158
 20
203.0029536516
 30
0.0
 11
4.032777648
 21
0.0
 31
0.0
210
0.0
220
0.0
230
1.0
 40
0.7456587881
 41
4.75218339
 42
4.791240938600001
  0
ELLIPSE
  5
DB4
330
20C
100
AcDbEntity
  8
2
  6
Continuous
390
DFF
 62
   155
420
  5075865
100
AcDbEllipse
 10
41.4063361309
 20
203.0029540669
 30
0.0
 11
-3.0395126562
 21
3.9700589444
 31
0.0
210
0.0
220
0.0
230
1.0
 40
0.9999999479
 41
3.1328819749
 42
3.1593765556
  0
ELLIPSE
  5
DB5
330
20C
100
AcDbEntity
  8
2
  6
Continuous
390
DFF
 62
   155
420
  5075865
100
AcDbEllipse
 10
185.9063366286
 20
136.0029537006
 30
0.0
 11
5.8045390928
 21
1.5189891918
 31
0.0
210
0.0
220
0.0
230
0.9999999999999999
 40
0.9999999843999999
 41
3.1306652845
 42
3.1749165506
  0
ELLIPSE
  5
DB6
330
20C
100
AcDbEntity
  8
2
  6
Continuous
390
DFF
 62
   155
420
  5075865
100
AcDbEllipse
 10
113.9063368624
 20
275.5029539718
 30
0.0
 11
3.9653083857
 21
3.045707575699999
 31
0.0
210
0.0
220
0.0
230
1.0
 40
0.9999999477000001
 41
3.1313206315
 42
3.1578152122
  0
ELLIPSE
  5
DB7
330
20C
100
AcDbEntity
  8
2
  6
Continuous
390
DFF
 62
   155
420
  5075865
100
AcDbEllipse
 10
113.906336034
 20
275.5029539699
 30
0.0
 11
-3.9700589444
 21
3.0395126562
 31
0.0
210
0.0
220
0.0
230
1.0
 40
0.9999999479
 41
3.1238087516
 42
3.1503033323
  0
ELLIPSE
  5
DB8
330
20C
100
AcDbEntity
  8
2
  6
Continuous
390
DFF
 62
   155
420
  5075865
100
AcDbEllipse
 10
113.9063363741
 20
272.8158010793
 30
0.0
 11
-9.699999999999999E-09
 21
4.0327775995
 31
0.0
210
0.0
220
0.0
230
1.0
 40
0.7456587792
 41
1.6105907337
 42
1.6496482827
  0
ELLIPSE
  5
DB9
330
20C
100
AcDbEntity
  8
2
  6
Continuous
390
DFF
 62
   155
420
  5075865
100
AcDbEllipse
 10
113.9063364493
 20
272.815801085
 30
0.0
 11
0.0
 21
4.032777648
 31
0.0
210
0.0
220
0.0
230
1.0
 40
0.7456587881
 41
4.633537022200001
 42
4.672594570799999
  0
ELLIPSE
  5
DBA
330
20C
100
AcDbEntity
  8
2
  6
Continuous
390
DFF
 62
   155
420
  5075865
100
AcDbEllipse
 10
186.4063367662
 20
203.0029532384
 30
0.0
 11
-3.045707575699999
 21
3.9653083857
 31
0.0
210
0.0
220
0.0
230
1.0
 40
0.9999999477000001
 41
6.2729132851
 42
6.2994078658
  0
ELLIPSE
  5
DBB
330
20C
100
AcDbEntity
  8
2
  6
Continuous
390
DFF
 62
   155
420
  5075865
100
AcDbEllipse
 10
186.4063367643
 20
203.0029540669
 30
0.0
 11
3.0395126562
 21
3.9700589444
 31
0.0
210
0.0
220
0.0
230
1.0
 40
0.9999999479
 41
3.1238087516
 42
3.1503033323
  0
ELLIPSE
  5
DBC
330
20C
100
AcDbEntity
  8
2
  6
Continuous
390
DFF
 62
   155
420
  5075865
100
AcDbEllipse
 10
34.7515027253
 20
246.1577873665
 30
0.0
 11
-2.4398167161
 21
1.6531464785
 31
0.0
210
0.0
220
0.0
230
1.0
 40
0.2850617258
 41
1.7643350956
 42
1.8845245812
  0
ELLIPSE
  5
DBD
330
20C
100
AcDbEntity
  8
2
  6
Continuous
390
DFF
 62
   155
420
  5075865
100
AcDbEllipse
 10
193.06117017
 20
159.8481199399
 30
0.0
 11
-2.4398167161
 21
1.6531464785
 31
0.0
210
0.0
220
0.0
230
1.0
 40
0.2850617258
 41
4.9059277492
 42
5.0261172348
  0
ELLIPSE
  5
DBE
330
20C
100
AcDbEntity
  8
2
  6
Continuous
390
DFF
 62
   155
420
  5075865
100
AcDbEllipse
 10
193.06117017
 20
246.1577873665
 30
0.0
 11
2.4398167161
 21
1.6531464785
 31
0.0
210
0.0
220
0.0
230
1.0
 40
0.2850617258
 41
4.3986607259
 42
4.5188502116
  0
ELLIPSE
  5
DBF
330
20C
100
AcDbEntity
  8
2
  6
Continuous
390
DFF
 62
   155
420
  5075865
100
AcDbEllipse
 10
41.9063364387
 20
270.0029536528
 30
0.0
 11
0.0
 21
5.999999995099999
 31
0.0
210
0.0
220
0.0
230
0.9999999999999998
 40
0.9999999993000001
 41
1.8816053026
 42
1.9807282568
  0
ELLIPSE
  5
DC0
330
20C
100
AcDbEntity
  8
2
  6
Continuous
390
DFF
 62
   155
420
  5075865
100
AcDbEllipse
 10
41.9063364605
 20
270.0029529068
 30
0.0
 11
5.999112677799999
 21
0.1031629784
 31
0.0
210
0.0
220
0.0
230
0.9999999999999997
 40
0.9999999378
 41
4.6906578492
 42
4.7349091187
  0
ELLIPSE
  5
DC1
330
20C
100
AcDbEntity
  8
2
  6
Continuous
390
DFF
 62
   155
420
  5075865
100
AcDbEllipse
 10
41.9063364387
 20
136.0029536537
 30
0.0
 11
0.0
 21
5.999999995099999
 31
0.0
210
0.0
220
0.0
230
0.9999999999999998
 40
0.9999999993000001
 41
1.1608643968
 42
1.259987351
  0
ELLIPSE
  5
DC2
330
20C
100
AcDbEntity
  8
2
  6
Continuous
390
DFF
 62
   155
420
  5075865
100
AcDbEllipse
 10
41.9063362667
 20
270.0029536059
 30
0.0
 11
5.8045390928
 21
1.5189891918
 31
0.0
210
0.0
220
0.0
230
0.9999999999999999
 40
0.9999999843999999
 41
6.272257938099999
 42
6.3165092042
  0
ELLIPSE
  5
DC3
330
20C
100
AcDbEntity
  8
2
  6
Continuous
390
DFF
 62
   155
420
  5075865
100
AcDbEllipse
 10
185.9063364064
 20
270.0029536377
 30
0.0
 11
5.6174444463
 21
2.1081552175
 31
0.0
210
0.0
220
0.0
230
1.0
 40
0.9999999962999999
 41
6.2349718179
 42
6.334094771699999
  0
ELLIPSE
  5
DC4
330
20C
100
AcDbEntity
  8
2
  6
Continuous
390
DFF
 62
   155
420
  5075865
100
AcDbEllipse
 10
41.9063364888
 20
270.0029536377
 30
0.0
 11
-5.6174444463
 21
2.1081552175
 31
0.0
210
0.0
220
0.0
230
1.0
 40
0.9999999962999999
 41
6.2322758426
 42
6.3313987964
  0
ELLIPSE
  5
DC5
330
20C
100
AcDbEntity
  8
2
  6
Continuous
390
DFF
 62
   155
420
  5075865
100
AcDbEllipse
 10
185.9063364064
 20
136.0029536687
 30
0.0
 11
-5.6174444463
 21
2.1081552175
 31
0.0
210
0.0
220
0.0
230
1.0
 40
0.9999999962999999
 41
3.090683189
 42
3.1898061428
  0
ELLIPSE
  5
DC6
330
20C
100
AcDbEntity
  8
2
  6
Continuous
390
DFF
 62
   155
420
  5075865
100
AcDbEllipse
 10
41.9063364888
 20
136.0029536687
 30
0.0
 11
5.6174444463
 21
2.1081552175
 31
0.0
210
0.0
220
0.0
230
1.0
 40
0.9999999962999999
 41
3.0933791644
 42
3.1925021181
  0
ELLIPSE
  5
DC7
330
20C
100
AcDbEntity
  8
2
  6
Continuous
390
DFF
 62
   155
420
  5075865
100
AcDbEllipse
 10
185.9063364565
 20
270.0029536528
 30
0.0
 11
0.0
 21
5.999999995099999
 31
0.0
210
0.0
220
0.0
230
0.9999999999999998
 40
0.9999999993000001
 41
4.3024570504
 42
4.4015800046
  0
ELLIPSE
  5
DC8
330
20C
100
AcDbEntity
  8
2
  6
Continuous
390
DFF
 62
   155
420
  5075865
100
AcDbEllipse
 10
225.3008180598
 20
159.8481199431
 30
0.0
 11
-28.4026108307
 21
1.4930793338
 31
0.0
210
0.0
220
0.0
230
1.0
 40
0.0349841945
 41
4.716967095899999
 42
4.8371565817
  0
ELLIPSE
  5
DC9
330
20C
100
AcDbEntity
  8
2
  6
Continuous
390
DFF
 62
   155
420
  5075865
100
AcDbEllipse
 10
225.3008180598
 20
246.1577873634
 30
0.0
 11
-28.4026108307
 21
-1.4930793338
 31
0.0
210
0.0
220
0.0
230
1.0
 40
0.0349841945
 41
1.4460287255
 42
1.5662182113
  0
ELLIPSE
  5
DCA
330
20C
100
AcDbEntity
  8
2
  6
Continuous
390
DFF
 62
   155
420
  5075865
100
AcDbEllipse
 10
414.5054797711
 20
281.6760753751
 30
0.0
 11
0.9941686184
 21
-0.1170941795
 31
0.0
210
0.0
220
0.0
230
0.9999999999999999
 40
0.9994801025
 41
-0.0030314836
 42
0.0039969062
  0
ELLIPSE
  5
DCB
330
20C
100
AcDbEntity
  8
2
  6
Continuous
390
DFF
 62
   155
420
  5075865
100
AcDbEllipse
 10
259.5351466897
 20
281.6760753751
 30
0.0
 11
0.9941686184
 21
0.1170941795
 31
0.0
210
0.0
220
0.0
230
0.9999999999999999
 40
0.9994801025
 41
3.1375957474
 42
3.1446241372
  0
ELLIPSE
  5
DCC
330
20C
100
AcDbEntity
  8
2
  6
Continuous
390
DFF
 62
   155
420
  5075865
100
AcDbEllipse
 10
414.5074357198
 20
281.6760622558
 30
0.0
 11
0.9940637871
 21
0.1170289297
 31
0.0
210
0.0
220
0.0
230
0.9999999999999997
 40
0.9995358917999999
 41
3.1376479906
 42
3.1446767727
  0
ELLIPSE
  5
DCD
330
20C
100
AcDbEntity
  8
2
  6
Continuous
390
DFF
 62
   155
420
  5075865
100
AcDbEllipse
 10
259.5155205243
 20
281.6251654672
 30
0.0
 11
0.9983187767
 21
-0.06120288559999999
 31
0.0
210
0.0
220
0.0
230
0.9999999999999998
 40
0.9999034763000001
 41
-0.0080093682
 42
-0.0010107565
  0
ELLIPSE
  5
DCE
330
20C
100
AcDbEntity
  8
2
  6
Continuous
390
DFF
 62
   155
420
  5075865
100
AcDbEllipse
 10
259.4922874861
 20
124.3044949193
 30
0.0
 11
-0.1421031001
 21
0.9886394997
 31
0.0
210
0.0
220
0.0
230
0.9999999999999999
 40
0.9987999478
 41
-1.5743092012
 42
-1.5672447578
  0
ELLIPSE
  5
DCF
330
20C
100
AcDbEntity
  8
2
  6
Continuous
390
DFF
 62
   155
420
  5075865
100
AcDbEllipse
 10
410.0203127515
 20
248.0029483842
 30
0.0
 11
0.3168011733
 21
3.485638256
 31
0.0
210
0.0
220
0.0
230
1.0
 40
0.9999992442
 41
-0.0102126565
 42
0.0048189435
  0
ELLIPSE
  5
DD0
330
20C
100
AcDbEntity
  8
2
  6
Continuous
390
DFF
 62
   155
420
  5075865
100
AcDbEllipse
 10
382.0203184994
 20
276.0029531743
 30
0.0
 11
3.4856383303
 21
-0.3168003563
 31
0.0
210
0.0
220
0.0
230
0.9999999999999999
 40
0.9999992442
 41
3.1313797627
 42
3.1464113627
  0
ELLIPSE
  5
DD1
330
20C
100
AcDbEntity
  8
2
  6
Continuous
390
DFF
 62
   155
420
  5075865
100
AcDbEllipse
 10
410.0203136204
 20
248.0029512055
 30
0.0
 11
3.4563937522
 21
0.550757257
 31
0.0
210
0.0
220
0.0
230
1.0
 40
0.9999996459
 41
-1.5854648001
 42
-1.5703265415
  0
ELLIPSE
  5
DD2
330
20C
100
AcDbEntity
  8
2
  6
Continuous
390
DFF
 62
   155
420
  5075865
100
AcDbEllipse
 10
364.689986129
 20
211.5029536532
 30
0.0
 11
1.001372346
 21
0.0
 31
0.0
210
0.0
220
0.0
230
1.0
 40
0.9986295348000001
 41
4.7123889804
 42
6.2831853072
  0
ELLIPSE
  5
DD3
330
20C
100
AcDbEntity
  8
2
  6
Continuous
390
DFF
 62
   155
420
  5075865
100
AcDbEllipse
 10
364.689986129
 20
218.5029536532
 30
0.0
 11
1.001372346
 21
0.0
 31
0.0
210
0.0
220
0.0
230
1.0
 40
0.9986295348000001
 41
0.0
 42
1.5707963268
  0
ELLIPSE
  5
DD4
330
20C
100
AcDbEntity
  8
2
  6
Continuous
390
DFF
 62
   155
420
  5075865
100
AcDbEllipse
 10
364.689986129
 20
194.5029536532
 30
0.0
 11
1.001372346
 21
0.0
 31
0.0
210
0.0
220
0.0
230
1.0
 40
0.9986295348000001
 41
0.0
 42
1.5707963268
  0
ELLIPSE
  5
DD5
330
20C
100
AcDbEntity
  8
2
  6
Continuous
390
DFF
 62
   155
420
  5075865
100
AcDbEllipse
 10
364.689986129
 20
187.5029536532
 30
0.0
 11
1.001372346
 21
0.0
 31
0.0
210
0.0
220
0.0
230
1.0
 40
0.9986295348000001
 41
-1.5707963268
 42
0.0
  0
ELLIPSE
  5
DD6
330
20C
100
AcDbEntity
  8
2
  6
Continuous
390
DFF
 62
   155
420
  5075865
100
AcDbEllipse
 10
309.3506403318
 20
211.5029536532
 30
0.0
 11
1.001372346
 21
0.0
 31
0.0
210
0.0
220
0.0
230
1.0
 40
0.9986295348000001
 41
-3.1415926536
 42
-1.5707963268
  0
ELLIPSE
  5
DD7
330
20C
100
AcDbEntity
  8
2
  6
Continuous
390
DFF
 62
   155
420
  5075865
100
AcDbEllipse
 10
309.3506403318
 20
218.5029536532
 30
0.0
 11
1.001372346
 21
0.0
 31
0.0
210
0.0
220
0.0
230
1.0
 40
0.9986295348000001
 41
1.5707963268
 42
3.1415926536
  0
ELLIPSE
  5
DD8
330
20C
100
AcDbEntity
  8
2
  6
Continuous
390
DFF
 62
   155
420
  5075865
100
AcDbEllipse
 10
309.3506403318
 20
194.5029536532
 30
0.0
 11
-1.001372346
 21
0.0
 31
0.0
210
0.0
220
0.0
230
1.0
 40
0.9986295348000001
 41
4.7123889804
 42
6.2831853072
  0
ELLIPSE
  5
DD9
330
20C
100
AcDbEntity
  8
2
  6
Continuous
390
DFF
 62
   155
420
  5075865
100
AcDbEllipse
 10
309.3506403318
 20
187.5029536532
 30
0.0
 11
-1.001372346
 21
0.0
 31
0.0
210
0.0
220
0.0
230
1.0
 40
0.9986295348000001
 41
0.0
 42
1.5707963268
  0
ELLIPSE
  5
DDA
330
20C
100
AcDbEntity
  8
2
  6
Continuous
390
DFF
 62
   155
420
  5075865
100
AcDbEllipse
 10
264.0203137093
 20
158.0029589222
 30
0.0
 11
0.3168011733
 21
3.485638256
 31
0.0
210
0.0
220
0.0
230
1.0
 40
0.9999992442
 41
-3.1518053101
 42
-3.1367737101
  0
ELLIPSE
  5
DDB
330
20C
100
AcDbEntity
  8
2
  6
Continuous
390
DFF
 62
   155
420
  5075865
100
AcDbEllipse
 10
410.0203136204
 20
158.0029561009
 30
0.0
 11
3.4563937522
 21
-0.550757257
 31
0.0
210
0.0
220
0.0
230
1.0
 40
0.9999996459
 41
1.5703265415
 42
1.5854648001
  0
ELLIPSE
  5
DDC
330
20C
100
AcDbEntity
  8
2
  6
Continuous
390
DFF
 62
   155
420
  5075865
100
AcDbEllipse
 10
264.0203128404
 20
158.0029561009
 30
0.0
 11
3.4563937522
 21
0.550757257
 31
0.0
210
0.0
220
0.0
230
1.0
 40
0.9999996459
 41
1.5561278534
 42
1.5712661121
  0
ELLIPSE
  5
DDD
330
20C
100
AcDbEntity
  8
2
  6
Continuous
390
DFF
 62
   155
420
  5075865
100
AcDbEllipse
 10
292.0203107808
 20
276.0029540437
 30
0.0
 11
0.5509755435
 21
3.4563589613
 31
0.0
210
0.0
220
0.0
230
0.9999999999999999
 40
0.9999996456
 41
1.5703896962
 42
1.5855279549
  0
ELLIPSE
  5
DDE
330
20C
100
AcDbEntity
  8
2
  6
Continuous
390
DFF
 62
   155
420
  5075865
100
AcDbEllipse
 10
264.0203137093
 20
248.0029483842
 30
0.0
 11
-0.3168011733
 21
3.485638256
 31
0.0
210
0.0
220
0.0
230
1.0
 40
0.9999992442
 41
-0.0048189435
 42
0.0102126565
  0
ELLIPSE
  5
DDF
330
20C
100
AcDbEntity
  8
2
  6
Continuous
390
DFF
 62
   155
420
  5075865
100
AcDbEllipse
 10
264.0203128404
 20
248.0029512055
 30
0.0
 11
3.4563937522
 21
-0.550757257
 31
0.0
210
0.0
220
0.0
230
1.0
 40
0.9999996459
 41
-1.5712661121
 42
-1.5561278534
  0
ELLIPSE
  5
DE0
330
20C
100
AcDbEntity
  8
2
  6
Continuous
390
DFF
 62
   155
420
  5075865
100
AcDbEllipse
 10
410.0203127515
 20
158.0029589222
 30
0.0
 11
-0.3168011733
 21
3.485638256
 31
0.0
210
0.0
220
0.0
230
1.0
 40
0.9999992442
 41
-3.1464115971
 42
-3.1313799971
  0
ELLIPSE
  5
DE1
330
20C
100
AcDbEntity
  8
2
  6
Continuous
390
DFF
 62
   155
420
  5075865
100
AcDbEllipse
 10
382.0203184994
 20
130.0029541321
 30
0.0
 11
3.4856383303
 21
0.3168003563
 31
0.0
210
0.0
220
0.0
230
0.9999999999999999
 40
0.9999992442
 41
3.1367739445
 42
3.1518055445
  0
ELLIPSE
  5
DE2
330
20C
100
AcDbEntity
  8
2
  6
Continuous
390
DFF
 62
   155
420
  5075865
100
AcDbEllipse
 10
382.0203156799
 20
130.0029532627
 30
0.0
 11
0.5509755435
 21
3.4563589613
 31
0.0
210
0.0
220
0.0
230
0.9999999999999999
 40
0.9999996456
 41
-1.5712029574
 42
-1.5560646987
  0
ELLIPSE
  5
DE3
330
20C
100
AcDbEntity
  8
2
  6
Continuous
390
DFF
 62
   155
420
  5075865
100
AcDbEllipse
 10
382.0203156799
 20
276.0029540437
 30
0.0
 11
-0.5509755435
 21
3.4563589613
 31
0.0
210
0.0
220
0.0
230
0.9999999999999999
 40
0.9999996456
 41
-1.5855279549
 42
-1.5703896962
  0
ELLIPSE
  5
DE4
330
20C
100
AcDbEntity
  8
2
  6
Continuous
390
DFF
 62
   155
420
  5075865
100
AcDbEllipse
 10
292.0203079614
 20
130.0029541321
 30
0.0
 11
3.4856383303
 21
-0.3168003563
 31
0.0
210
0.0
220
0.0
230
0.9999999999999999
 40
0.9999992442
 41
-0.0102128909
 42
0.0048187091
  0
ELLIPSE
  5
DE5
330
20C
100
AcDbEntity
  8
2
  6
Continuous
390
DFF
 62
   155
420
  5075865
100
AcDbEllipse
 10
414.4811865006
 20
124.322944651
 30
0.0
 11
0.9926100139
 21
-0.1219549423
 31
0.0
210
0.0
220
0.0
230
0.9999999999999999
 40
0.9999630922
 41
3.1365151373
 42
3.1435529188
  0
ELLIPSE
  5
DE6
330
20C
100
AcDbEntity
  8
2
  6
Continuous
390
DFF
 62
   155
420
  5075865
100
AcDbEllipse
 10
292.0203107808
 20
130.0029532627
 30
0.0
 11
-0.5509755435
 21
3.4563589613
 31
0.0
210
0.0
220
0.0
230
0.9999999999999999
 40
0.9999996456
 41
1.5560646987
 42
1.5712029574
  0
ELLIPSE
  5
DE7
330
20C
100
AcDbEntity
  8
2
  6
Continuous
390
DFF
 62
   155
420
  5075865
100
AcDbEllipse
 10
292.0203079614
 20
276.0029531743
 30
0.0
 11
3.4856383303
 21
0.3168003563
 31
0.0
210
0.0
220
0.0
230
0.9999999999999999
 40
0.9999992442
 41
-0.0048187091
 42
0.0102128909
  0
ELLIPSE
  5
DE8
330
20C
100
AcDbEntity
  8
2
  6
Continuous
390
DFF
 62
   155
420
  5075865
100
AcDbEllipse
 10
414.4818220719
 20
124.3230421429
 30
0.0
 11
-0.1238313129
 21
0.9919432767
 31
0.0
210
0.0
220
0.0
230
1.0
 40
0.9996427634999999
 41
-1.5747024282
 42
-1.5676618718
  0
ELLIPSE
  5
DE9
330
20C
100
AcDbEntity
  8
2
  6
Continuous
390
DFF
 62
   155
420
  5075865
100
AcDbEllipse
 10
259.5588043889
 20
124.3230421429
 30
0.0
 11
0.1238313129
 21
0.9919432767
 31
0.0
210
0.0
220
0.0
230
1.0
 40
0.9996427634999999
 41
1.5676618718
 42
1.5747024282
  0
ELLIPSE
  5
DEA
330
20C
100
AcDbEntity
  8
2
  6
Continuous
390
DFF
 62
   155
420
  5075865
100
AcDbEllipse
 10
41.9062951325
 20
34.0689042442
 30
0.0
 11
3.2461408602
 21
114.4871725315
 31
0.0
210
0.0
220
0.0
230
1.0
 40
0.0440756288
 41
4.9856852161
 42
4.9947649332
  0
ELLIPSE
  5
DEB
330
20C
100
AcDbEntity
  8
2
  6
Continuous
390
DFF
 62
   155
420
  5075865
100
AcDbEllipse
 10
113.9063364364
 20
61.7706337915
 30
0.0
 11
0.0
 21
76.949981409
 31
0.0
210
0.0
220
0.0
230
1.0
 40
0.0390783211
 41
1.4919443685
 42
1.5310019171
  0
ELLIPSE
  5
DEC
330
20C
100
AcDbEntity
  8
2
  6
Continuous
390
DFF
 62
   155
420
  5075865
100
AcDbEllipse
 10
113.9063365393
 20
61.7706337919
 30
0.0
 11
0.0
 21
76.94998037800001
 31
0.0
210
0.0
220
0.0
230
1.0
 40
0.0390783206
 41
4.7521833906
 42
4.7912409398
  0
ELLIPSE
  5
DED
330
20C
100
AcDbEntity
  8
2
  6
Continuous
390
DFF
 62
   155
420
  5075865
100
AcDbEllipse
 10
113.9063360294
 20
10.496714499
 30
0.0
 11
2.563E-07
 21
95.40567651439999
 31
0.0
210
0.0
220
0.0
230
0.9999999999999998
 40
0.0524077786
 41
0.8995962270000001
 42
0.9260908105
  0
ELLIPSE
  5
DEE
330
20C
100
AcDbEntity
  8
2
  6
Continuous
390
DFF
 62
   155
420
  5075865
100
AcDbEllipse
 10
113.9063364782
 20
10.4967086162
 30
0.0
 11
0.0
 21
95.4056828944
 31
0.0
210
0.0
220
0.0
230
1.0
 40
0.0524077792
 41
5.3570945237
 42
5.383589106000001
  0
ELLIPSE
  5
DEF
330
20C
100
AcDbEntity
  8
2
  6
Continuous
390
DFF
 62
   155
420
  5075865
100
AcDbEllipse
 10
41.9063364421
 20
-2.4005278891
 30
0.0
 11
4.8064320538
 21
114.4867258854
 31
0.0
210
0.0
220
0.0
230
0.9999999999999998
 40
0.03136964759999999
 41
0.8893691762
 42
0.9336204416
  0
ELLIPSE
  5
DF0
330
20C
100
AcDbEntity
  8
2
  6
Continuous
390
DFF
 62
   155
420
  5075865
100
AcDbEllipse
 10
41.9063362682
 20
-2.4005256072
 30
0.0
 11
4.8064321111
 21
114.4867232987
 31
0.0
210
0.0
220
0.0
230
0.9999999999999998
 40
0.0313696475
 41
5.3521988047
 42
5.3964500709
  0
ELLIPSE
  5
DF1
330
20C
100
AcDbEntity
  8
2
  6
Continuous
390
DFF
 62
   155
420
  5075865
100
AcDbEllipse
 10
185.9063364532
 20
-2.4005278891
 30
0.0
 11
-4.8064320538
 21
114.4867258854
 31
0.0
210
0.0
220
0.0
230
0.9999999999999998
 40
0.03136964759999999
 41
5.3495648656
 42
5.393816131
  0
ELLIPSE
  5
DF2
330
20C
100
AcDbEntity
  8
2
  6
Continuous
390
DFF
 62
   155
420
  5075865
100
AcDbEllipse
 10
36.4211540111
 20
54.592677388
 30
0.0
 11
-0.0001191876
 21
28.6511203912
 31
0.0
210
0.0
220
0.0
230
1.0
 40
0.0349381653
 41
1.4504643607
 42
1.4574928066
  0
ELLIPSE
  5
DF3
330
20C
100
AcDbEntity
  8
2
  6
Continuous
390
DFF
 62
   155
420
  5075865
100
AcDbEllipse
 10
191.3915188841
 20
54.592677388
 30
0.0
 11
0.0001191876
 21
28.6511203912
 31
0.0
210
0.0
220
0.0
230
1.0
 40
0.0349381653
 41
4.8256925005
 42
4.832720946499999
  0
ELLIPSE
  5
DF4
330
20C
100
AcDbEntity
  8
2
  6
Continuous
390
DFF
 62
   155
420
  5075865
100
AcDbEllipse
 10
36.4201364458
 20
54.5961081099
 30
0.0
 11
0.0
 21
28.6362533104
 31
0.0
210
0.0
220
0.0
230
1.0
 40
0.0349207695
 41
4.8326629013
 42
4.878533853
  0
ELLIPSE
  5
DF5
330
20C
100
AcDbEntity
  8
2
  6
Continuous
390
DFF
 62
   155
420
  5075865
100
AcDbEllipse
 10
36.420136483
 20
54.5961079461
 30
0.0
 11
-5.7E-09
 21
28.6362538086
 31
0.0
210
0.0
220
0.0
230
0.9999999999999998
 40
0.0349207701
 41
1.360394437
 42
1.4505224023
  0
ELLIPSE
  5
DF6
330
20C
100
AcDbEntity
  8
2
  6
Continuous
390
DFF
 62
   155
420
  5075865
100
AcDbEllipse
 10
191.3925364123
 20
54.5961079461
 30
0.0
 11
5.7E-09
 21
28.6362538086
 31
0.0
210
0.0
220
0.0
230
0.9999999999999998
 40
0.0349207701
 41
4.8326629049
 42
4.9227908702
  0
ELLIPSE
  5
DF7
330
20C
100
AcDbEntity
  8
2
  6
Continuous
390
DFF
 62
   155
420
  5075865
100
AcDbEllipse
 10
191.4109364446
 20
56.0508297775
 30
0.0
 11
0.0
 21
28.6362532384
 31
0.0
210
0.0
220
0.0
230
0.9999999999999998
 40
0.0349207694
 41
1.4559613833
 42
1.5015568625
  0
ELLIPSE
  5
DF8
330
20C
100
AcDbEntity
  8
2
  6
Continuous
390
DFF
 62
   155
420
  5075865
100
AcDbEllipse
 10
36.4191191359
 20
54.5926782304
 30
0.0
 11
0.0001191584
 21
28.6511167146
 31
0.0
210
0.0
220
0.0
230
1.0
 40
0.034938161
 41
4.8256924855
 42
4.8327209324
  0
ELLIPSE
  5
DF9
330
20C
100
AcDbEntity
  8
2
  6
Continuous
390
DFF
 62
   155
420
  5075865
100
AcDbEllipse
 10
191.411147037
 20
56.0504575192
 30
0.0
 11
-1.29925E-05
 21
28.6392854782
 31
0.0
210
0.0
220
0.0
230
0.9999999999999998
 40
0.0349244254
 41
1.5015511599
 42
1.5085497088
  0
ENDSEC
  0
SECTION
  2
OBJECTS
  0
DICTIONARY
  5
C
330
0
100
AcDbDictionary
281
     1
  3
ACAD_COLOR
350
E30
  3
ACAD_DETAILVIEWSTYLE
350
E49
  3
ACAD_GROUP
350
D
  3
ACAD_LAYOUT
350
1A
  3
ACAD_MATERIAL
350
DFE
  3
ACAD_MLEADERSTYLE
350
E45
  3
ACAD_MLINESTYLE
350
17
  3
ACAD_PLOTSETTINGS
350
19
  3
ACAD_PLOTSTYLENAME
350
E
  3
ACAD_SCALELIST
350
E33
  3
ACAD_SECTIONVIEWSTYLE
350
E47
  3
ACAD_TABLESTYLE
350
E31
  3
ACAD_VISUALSTYLE
350
E17
  3
AcDbVariableDictionary
350
E4B
  0
DICTIONARY
  5
D
102
{ACAD_REACTORS
330
C
102
}
330
C
100
AcDbDictionary
281
     1
  0
ACDBDICTIONARYWDFLT
  5
E
102
{ACAD_REACTORS
330
C
102
}
330
C
100
AcDbDictionary
281
     1
  3
Normal
350
F
100
AcDbDictionaryWithDefault
340
F
  0
ACDBPLACEHOLDER
  5
F
102
{ACAD_REACTORS
330
E
102
}
330
E
  0
DICTIONARY
  5
17
102
{ACAD_REACTORS
330
C
102
}
330
C
100
AcDbDictionary
281
     1
  3
Standard
350
18
  0
MLINESTYLE
  5
18
102
{ACAD_REACTORS
330
17
102
}
330
17
100
AcDbMlineStyle
  2
STANDARD
 70
     0
  3

 62
     0
 51
90.0
 52
90.0
 71
     2
 49
0.5
 62
     0
  6
ByLayer
 49
-0.5
 62
     0
  6
ByLayer
  0
DICTIONARY
  5
19
102
{ACAD_REACTORS
330
C
102
}
330
C
100
AcDbDictionary
281
     1
  0
DICTIONARY
  5
1A
102
{ACAD_REACTORS
330
C
102
}
330
C
100
AcDbDictionary
281
     1
  3
Layout1
350
DFB
  3
Model
350
DFA
  0
LAYOUT
  5
DFA
102
{ACAD_REACTORS
330
1A
102
}
330
1A
100
AcDbPlotSettings
  1

  2
none_device
  4

  6

 40
0.0
 41
0.0
 42
0.0
 43
0.0
 44
471.7309911169
 45
333.1845525841
 46
0.0
 47
0.0
 48
0.0
 49
0.0
140
0.0
141
0.0
142
1.0
143
1.0
 70
  1024
 72
     1
 73
     0
 74
     0
  7

 75
     0
147
1.0
148
0.0
149
0.0
 76
     0
 77
     2
 78
   300
333
0
100
AcDbLayout
  1
Model
 70
     0
 71
     0
 10
0.0
 20
0.0
 11
471.7309911169
 21
333.1845525841
 12
0.0
 22
0.0
 32
0.0
 14
0.0
 24
0.0
 34
0.0
 15
0.0
 25
0.0
 35
0.0
146
0.0
 13
0.0
 23
0.0
 33
0.0
 16
1.0
 26
0.0
 36
0.0
 17
0.0
 27
1.0
 37
0.0
 76
     0
330
20C
  0
LAYOUT
  5
DFB
102
{ACAD_REACTORS
330
1A
102
}
330
1A
100
AcDbPlotSettings
  1

  2
none_device
  4

  6

 40
0.0
 41
0.0
 42
0.0
 43
0.0
 44
471.7309911169
 45
333.1845525841
 46
0.0
 47
0.0
 48
0.0
 49
0.0
140
0.0
141
0.0
142
1.0
143
1.0
 70
     0
 72
     1
 73
     0
 74
     0
  7

 75
     0
147
1.0
148
0.0
149
0.0
 76
     0
 77
     2
 78
   300
333
0
100
AcDbLayout
  1
Layout1
 70
     0
 71
     1
 10
0.0
 20
0.0
 11
471.7309911169
 21
333.1845525841
 12
0.0
 22
0.0
 32
0.0
 14
0.0
 24
0.0
 34
0.0
 15
0.0
 25
0.0
 35
0.0
146
0.0
 13
0.0
 23
0.0
 33
0.0
 16
1.0
 26
0.0
 36
0.0
 17
0.0
 27
1.0
 37
0.0
 76
     0
330
20D
  0
DICTIONARY
  5
DFE
102
{ACAD_REACTORS
330
C
102
}
330
C
100
AcDbDictionary
281
     1
  3
ByBlock
350
E07
  3
ByLayer
350
DFF
  3
Global
350
E0F
  0
MATERIAL
  5
DFF
102
{ACAD_XDICTIONARY
360
E00
102
}
102
{ACAD_REACTORS
330
DFE
102
}
330
DFE
100
AcDbMaterial
  1
ByLayer
  2

 70
     0
 40
1.0
 71
     0
 41
1.0
 42
1.0
 73
     2
 74
     1
 75
     1
 43
0.0008202099737532809
 43
0.0
 43
0.0
 43
0.0
 43
0.0
 43
0.0008202099737532809
 43
0.0
 43
0.0
 43
0.0
 43
0.0
 43
1.0
 43
0.0
 43
0.0
 43
0.0
 43
0.0
 43
1.0
 72
     0
277
     0
278
     0
460
0.0
279
     0
461
0.0
 76
     0
 45
1.0
 44
0.5
 46
1.0
 78
     2
 79
     1
170
     1
 47
0.0008202099737532809
 47
0.0
 47
0.0
 47
0.0
 47
0.0
 47
0.0008202099737532809
 47
0.0
 47
0.0
 47
0.0
 47
0.0
 47
1.0
 47
0.0
 47
0.0
 47
0.0
 47
0.0
 47
1.0
 77
     0
 48
1.0
172
     2
173
     1
174
     1
 49
0.0008202099737532809
 49
0.0
 49
0.0
 49
0.0
 49
0.0
 49
0.0008202099737532809
 49
0.0
 49
0.0
 49
0.0
 49
0.0
 49
1.0
 49
0.0
 49
0.0
 49
0.0
 49
0.0
 49
1.0
171
     0
140
1.0
141
1.0
176
     2
177
     1
178
     1
142
0.0008202099737532809
142
0.0
142
0.0
142
0.0
142
0.0
142
0.0008202099737532809
142
0.0
142
0.0
142
0.0
142
0.0
142
1.0
142
0.0
142
0.0
142
0.0
142
0.0
142
1.0
175
     0
143
1.0
270
     2
271
     1
272
     1
144
0.0008202099737532809
144
0.0
144
0.0
144
0.0
144
0.0
144
0.0008202099737532809
144
0.0
144
0.0
144
0.0
144
0.0
144
1.0
144
0.0
144
0.0
144
0.0
144
0.0
144
1.0
179
     0
145
1.0
146
1.0
274
     2
275
     1
276
     1
147
0.0008202099737532809
147
0.0
147
0.0
147
0.0
147
0.0
147
0.0008202099737532809
147
0.0
147
0.0
147
0.0
147
0.0
147
1.0
147
0.0
147
0.0
147
0.0
147
0.0
147
1.0
273
     0
 94
      127
  0
DICTIONARY
  5
E00
330
DFF
100
AcDbDictionary
280
     1
281
     1
  3
BUMPTILE
360
E02
  3
DIFFUSETILE
360
E01
  3
OPACITYTILE
360
E05
  3
REFLECTIONTILE
360
E04
  3
REFRACTIONTILE
360
E06
  3
SPECULARTILE
360
E03
  0
XRECORD
  5
E01
102
{ACAD_REACTORS
330
E00
102
}
330
E00
100
AcDbXrecord
280
     1
270
     1
271
     1
  0
XRECORD
  5
E02
102
{ACAD_REACTORS
330
E00
102
}
330
E00
100
AcDbXrecord
280
     1
270
     1
271
     1
  0
XRECORD
  5
E03
102
{ACAD_REACTORS
330
E00
102
}
330
E00
100
AcDbXrecord
280
     1
270
     1
271
     1
  0
XRECORD
  5
E04
102
{ACAD_REACTORS
330
E00
102
}
330
E00
100
AcDbXrecord
280
     1
270
     1
271
     1
  0
XRECORD
  5
E05
102
{ACAD_REACTORS
330
E00
102
}
330
E00
100
AcDbXrecord
280
     1
270
     1
271
     1
  0
XRECORD
  5
E06
102
{ACAD_REACTORS
330
E00
102
}
330
E00
100
AcDbXrecord
280
     1
270
     1
271
     1
  0
MATERIAL
  5
E07
102
{ACAD_XDICTIONARY
360
E08
102
}
102
{ACAD_REACTORS
330
DFE
102
}
330
DFE
100
AcDbMaterial
  1
ByBlock
  2

 70
     0
 40
1.0
 71
     0
 41
1.0
 42
1.0
 73
     2
 74
     1
 75
     1
 43
0.0008202099737532809
 43
0.0
 43
0.0
 43
0.0
 43
0.0
 43
0.0008202099737532809
 43
0.0
 43
0.0
 43
0.0
 43
0.0
 43
1.0
 43
0.0
 43
0.0
 43
0.0
 43
0.0
 43
1.0
 72
     0
277
     0
278
     0
460
0.0
279
     0
461
0.0
 76
     0
 45
1.0
 44
0.5
 46
1.0
 78
     2
 79
     1
170
     1
 47
0.0008202099737532809
 47
0.0
 47
0.0
 47
0.0
 47
0.0
 47
0.0008202099737532809
 47
0.0
 47
0.0
 47
0.0
 47
0.0
 47
1.0
 47
0.0
 47
0.0
 47
0.0
 47
0.0
 47
1.0
 77
     0
 48
1.0
172
     2
173
     1
174
     1
 49
0.0008202099737532809
 49
0.0
 49
0.0
 49
0.0
 49
0.0
 49
0.0008202099737532809
 49
0.0
 49
0.0
 49
0.0
 49
0.0
 49
1.0
 49
0.0
 49
0.0
 49
0.0
 49
0.0
 49
1.0
171
     0
140
1.0
141
1.0
176
     2
177
     1
178
     1
142
0.0008202099737532809
142
0.0
142
0.0
142
0.0
142
0.0
142
0.0008202099737532809
142
0.0
142
0.0
142
0.0
142
0.0
142
1.0
142
0.0
142
0.0
142
0.0
142
0.0
142
1.0
175
     0
143
1.0
270
     2
271
     1
272
     1
144
0.0008202099737532809
144
0.0
144
0.0
144
0.0
144
0.0
144
0.0008202099737532809
144
0.0
144
0.0
144
0.0
144
0.0
144
1.0
144
0.0
144
0.0
144
0.0
144
0.0
144
1.0
179
     0
145
1.0
146
1.0
274
     2
275
     1
276
     1
147
0.0008202099737532809
147
0.0
147
0.0
147
0.0
147
0.0
147
0.0008202099737532809
147
0.0
147
0.0
147
0.0
147
0.0
147
1.0
147
0.0
147
0.0
147
0.0
147
0.0
147
1.0
273
     0
 94
      127
  0
DICTIONARY
  5
E08
330
E07
100
AcDbDictionary
280
     1
281
     1
  3
BUMPTILE
360
E0A
  3
DIFFUSETILE
360
E09
  3
OPACITYTILE
360
E0D
  3
REFLECTIONTILE
360
E0C
  3
REFRACTIONTILE
360
E0E
  3
SPECULARTILE
360
E0B
  0
XRECORD
  5
E09
102
{ACAD_REACTORS
330
E08
102
}
330
E08
100
AcDbXrecord
280
     1
270
     1
271
     1
  0
XRECORD
  5
E0A
102
{ACAD_REACTORS
330
E08
102
}
330
E08
100
AcDbXrecord
280
     1
270
     1
271
     1
  0
XRECORD
  5
E0B
102
{ACAD_REACTORS
330
E08
102
}
330
E08
100
AcDbXrecord
280
     1
270
     1
271
     1
  0
XRECORD
  5
E0C
102
{ACAD_REACTORS
330
E08
102
}
330
E08
100
AcDbXrecord
280
     1
270
     1
271
     1
  0
XRECORD
  5
E0D
102
{ACAD_REACTORS
330
E08
102
}
330
E08
100
AcDbXrecord
280
     1
270
     1
271
     1
  0
XRECORD
  5
E0E
102
{ACAD_REACTORS
330
E08
102
}
330
E08
100
AcDbXrecord
280
     1
270
     1
271
     1
  0
MATERIAL
  5
E0F
102
{ACAD_XDICTIONARY
360
E10
102
}
102
{ACAD_REACTORS
330
DFE
102
}
330
DFE
100
AcDbMaterial
  1
Global
  2

 70
     0
 40
1.0
 71
     0
 41
1.0
 42
1.0
 73
     2
 74
     1
 75
     1
 43
0.0008202099737532809
 43
0.0
 43
0.0
 43
0.0
 43
0.0
 43
0.0008202099737532809
 43
0.0
 43
0.0
 43
0.0
 43
0.0
 43
1.0
 43
0.0
 43
0.0
 43
0.0
 43
0.0
 43
1.0
 72
     0
277
     0
278
     0
460
0.0
279
     0
461
0.0
 76
     0
 45
1.0
 44
0.5
 46
1.0
 78
     2
 79
     1
170
     1
 47
0.0008202099737532809
 47
0.0
 47
0.0
 47
0.0
 47
0.0
 47
0.0008202099737532809
 47
0.0
 47
0.0
 47
0.0
 47
0.0
 47
1.0
 47
0.0
 47
0.0
 47
0.0
 47
0.0
 47
1.0
 77
     0
 48
1.0
172
     2
173
     1
174
     1
 49
0.0008202099737532809
 49
0.0
 49
0.0
 49
0.0
 49
0.0
 49
0.0008202099737532809
 49
0.0
 49
0.0
 49
0.0
 49
0.0
 49
1.0
 49
0.0
 49
0.0
 49
0.0
 49
0.0
 49
1.0
171
     0
140
1.0
141
1.0
176
     2
177
     1
178
     1
142
0.0008202099737532809
142
0.0
142
0.0
142
0.0
142
0.0
142
0.0008202099737532809
142
0.0
142
0.0
142
0.0
142
0.0
142
1.0
142
0.0
142
0.0
142
0.0
142
0.0
142
1.0
175
     0
143
1.0
270
     2
271
     1
272
     1
144
0.0008202099737532809
144
0.0
144
0.0
144
0.0
144
0.0
144
0.0008202099737532809
144
0.0
144
0.0
144
0.0
144
0.0
144
1.0
144
0.0
144
0.0
144
0.0
144
0.0
144
1.0
179
     0
145
1.0
146
1.0
274
     2
275
     1
276
     1
147
0.0008202099737532809
147
0.0
147
0.0
147
0.0
147
0.0
147
0.0008202099737532809
147
0.0
147
0.0
147
0.0
147
0.0
147
1.0
147
0.0
147
0.0
147
0.0
147
0.0
147
1.0
273
     0
 94
      127
  0
DICTIONARY
  5
E10
330
E0F
100
AcDbDictionary
280
     1
281
     1
  3
BUMPTILE
360
E12
  3
DIFFUSETILE
360
E11
  3
OPACITYTILE
360
E15
  3
REFLECTIONTILE
360
E14
  3
REFRACTIONTILE
360
E16
  3
SPECULARTILE
360
E13
  0
XRECORD
  5
E11
102
{ACAD_REACTORS
330
E10
102
}
330
E10
100
AcDbXrecord
280
     1
270
     1
271
     1
  0
XRECORD
  5
E12
102
{ACAD_REACTORS
330
E10
102
}
330
E10
100
AcDbXrecord
280
     1
270
     1
271
     1
  0
XRECORD
  5
E13
102
{ACAD_REACTORS
330
E10
102
}
330
E10
100
AcDbXrecord
280
     1
270
     1
271
     1
  0
XRECORD
  5
E14
102
{ACAD_REACTORS
330
E10
102
}
330
E10
100
AcDbXrecord
280
     1
270
     1
271
     1
  0
XRECORD
  5
E15
102
{ACAD_REACTORS
330
E10
102
}
330
E10
100
AcDbXrecord
280
     1
270
     1
271
     1
  0
XRECORD
  5
E16
102
{ACAD_REACTORS
330
E10
102
}
330
E10
100
AcDbXrecord
280
     1
270
     1
271
     1
  0
DICTIONARY
  5
E17
102
{ACAD_REACTORS
330
C
102
}
330
C
100
AcDbDictionary
281
     1
  3
2dWireframe
350
E1D
  3
Basic
350
E1C
  3
Brighten
350
E23
  3
ColorChange
350
E27
  3
Conceptual
350
E20
  3
Dim
350
E22
  3
EdgeColorOff
350
E2F
  3
Facepattern
350
E26
  3
Flat
350
E18
  3
FlatWithEdges
350
E19
  3
Gouraud
350
E1A
  3
GouraudWithEdges
350
E1B
  3
Hidden
350
E1F
  3
JitterOff
350
E2D
  3
Linepattern
350
E25
  3
OverhangOff
350
E2E
  3
Realistic
350
E21
  3
Shaded
350
E2C
  3
Shaded with edges
350
E2B
  3
Shades of Gray
350
E28
  3
Sketchy
350
E29
  3
Thicken
350
E24
  3
Wireframe
350
E1E
  3
X-Ray
350
E2A
  0
VISUALSTYLE
  5
E18
102
{ACAD_REACTORS
330
E17
102
}
330
E17
100
AcDbVisualStyle
  2
Flat
 70
     0
177
     2
291
     1
 70
    58
 90
        2
176
     1
 90
        1
176
     1
 90
        1
176
     1
 90
        2
176
     1
 40
0.6
176
     1
 40
30.0
176
     1
 62
     7
420
3271557119
176
     1
 90
        0
176
     1
 90
        0
176
     1
 62
     7
176
     1
 62
   257
176
     1
 90
        1
176
     1
 90
        1
176
     1
 40
1.0
176
     1
 90
        8
176
     1
 62
     7
176
     1
 40
1.0
176
     1
 90
        1
176
     1
 90
        6
176
     1
 90
        2
176
     1
 62
     7
176
     1
 90
        5
176
     1
 90
        0
176
     1
 90
        0
176
     1
290
     0
176
     1
 90
       13
176
     1
 40
0.0
176
     1
 90
        0
176
     1
290
     0
176
     1
290
     1
176
     1
290
     1
176
     1
290
     0
290
     0
176
     1
290
     0
290
     0
176
     1
290
     0
176
     1
290
     0
176
     1
 90
       50
176
     1
 40
0.0
176
     1
 40
1.0
176
     1
 90
        0
176
     1
 62
     0
420
3254779904
176
     1
 90
       50
176
     1
 90
        3
176
     1
 62
     5
420
3254780159
176
     1
290
     0
176
     1
 90
       50
176
     1
 90
       50
176
     1
 90
       50
176
     1
290
     0
176
     1
 90
       50
176
     1
 62
     0
176
     0
 40
1.0
176
     0
 90
        2
176
     1
  1
strokes_ogs.tif
176
     1
290
     0
176
     1
 40
1.0
176
     1
 40
1.0
176
     1
  0
VISUALSTYLE
  5
E19
102
{ACAD_REACTORS
330
E17
102
}
330
E17
100
AcDbVisualStyle
  2
FlatWithEdges
 70
     1
177
     2
291
     1
 70
    58
 90
        2
176
     1
 90
        1
176
     1
 90
        1
176
     1
 90
        2
176
     1
 40
0.6
176
     1
 40
30.0
176
     1
 62
     7
420
3271557119
176
     1
 90
        1
176
     1
 90
        0
176
     1
 62
     7
176
     1
 62
   257
176
     1
 90
        1
176
     1
 90
        1
176
     1
 40
1.0
176
     1
 90
        0
176
     1
 62
   257
176
     1
 40
1.0
176
     1
 90
        1
176
     1
 90
        6
176
     1
 90
        2
176
     1
 62
     7
176
     1
 90
        5
176
     1
 90
        0
176
     1
 90
        0
176
     1
290
     0
176
     1
 90
       13
176
     1
 40
0.0
176
     1
 90
        0
176
     1
290
     0
176
     1
290
     1
176
     1
290
     1
176
     1
290
     0
290
     0
176
     1
290
     0
290
     0
176
     1
290
     0
176
     1
290
     0
176
     1
 90
       50
176
     1
 40
0.0
176
     1
 40
1.0
176
     1
 90
        0
176
     1
 62
     0
420
3254779904
176
     1
 90
       50
176
     1
 90
        3
176
     1
 62
     5
420
3254780159
176
     1
290
     0
176
     1
 90
       50
176
     1
 90
       50
176
     1
 90
       50
176
     1
290
     0
176
     1
 90
       50
176
     1
 62
     0
176
     0
 40
1.0
176
     0
 90
        2
176
     1
  1
strokes_ogs.tif
176
     1
290
     0
176
     1
 40
1.0
176
     1
 40
1.0
176
     1
  0
VISUALSTYLE
  5
E1A
102
{ACAD_REACTORS
330
E17
102
}
330
E17
100
AcDbVisualStyle
  2
Gouraud
 70
     2
177
     2
291
     1
 70
    58
 90
        2
176
     1
 90
        2
176
     1
 90
        1
176
     1
 90
        2
176
     1
 40
0.6
176
     1
 40
30.0
176
     1
 62
     7
420
3271557119
176
     1
 90
        0
176
     1
 90
        0
176
     1
 62
     7
176
     1
 62
   257
176
     1
 90
        1
176
     1
 90
        1
176
     1
 40
1.0
176
     1
 90
        0
176
     1
 62
     7
176
     1
 40
1.0
176
     1
 90
        1
176
     1
 90
        6
176
     1
 90
        2
176
     1
 62
     7
176
     1
 90
        5
176
     1
 90
        0
176
     1
 90
        0
176
     1
290
     0
176
     1
 90
       13
176
     1
 40
0.0
176
     1
 90
        0
176
     1
290
     0
176
     1
290
     1
176
     1
290
     1
176
     1
290
     0
290
     0
176
     1
290
     0
290
     0
176
     1
290
     0
176
     1
290
     0
176
     1
 90
       50
176
     1
 40
0.0
176
     1
 40
1.0
176
     1
 90
        0
176
     1
 62
     0
420
3254779904
176
     1
 90
       50
176
     1
 90
        3
176
     1
 62
     5
420
3254780159
176
     1
290
     0
176
     1
 90
       50
176
     1
 90
       50
176
     1
 90
       50
176
     1
290
     0
176
     1
 90
       50
176
     1
 62
     0
176
     0
 40
1.0
176
     0
 90
        2
176
     1
  1
strokes_ogs.tif
176
     1
290
     0
176
     1
 40
1.0
176
     1
 40
1.0
176
     1
  0
VISUALSTYLE
  5
E1B
102
{ACAD_REACTORS
330
E17
102
}
330
E17
100
AcDbVisualStyle
  2
GouraudWithEdges
 70
     3
177
     2
291
     1
 70
    58
 90
        2
176
     1
 90
        2
176
     1
 90
        1
176
     1
 90
        2
176
     1
 40
0.6
176
     1
 40
30.0
176
     1
 62
     7
420
3271557119
176
     1
 90
        1
176
     1
 90
        0
176
     1
 62
     7
176
     1
 62
   257
176
     1
 90
        1
176
     1
 90
        1
176
     1
 40
1.0
176
     1
 90
        0
176
     1
 62
   257
176
     1
 40
1.0
176
     1
 90
        1
176
     1
 90
        6
176
     1
 90
        2
176
     1
 62
     7
176
     1
 90
        5
176
     1
 90
        0
176
     1
 90
        0
176
     1
290
     0
176
     1
 90
       13
176
     1
 40
0.0
176
     1
 90
        0
176
     1
290
     0
176
     1
290
     1
176
     1
290
     1
176
     1
290
     0
290
     0
176
     1
290
     0
290
     0
176
     1
290
     0
176
     1
290
     0
176
     1
 90
       50
176
     1
 40
0.0
176
     1
 40
1.0
176
     1
 90
        0
176
     1
 62
     0
420
3254779904
176
     1
 90
       50
176
     1
 90
        3
176
     1
 62
     5
420
3254780159
176
     1
290
     0
176
     1
 90
       50
176
     1
 90
       50
176
     1
 90
       50
176
     1
290
     0
176
     1
 90
       50
176
     1
 62
     0
176
     0
 40
1.0
176
     0
 90
        2
176
     1
  1
strokes_ogs.tif
176
     1
290
     0
176
     1
 40
1.0
176
     1
 40
1.0
176
     1
  0
VISUALSTYLE
  5
E1C
102
{ACAD_REACTORS
330
E17
102
}
330
E17
100
AcDbVisualStyle
  2
Basic
 70
     7
177
     2
291
     1
 70
    58
 90
        1
176
     1
 90
        0
176
     1
 90
        1
176
     1
 90
        0
176
     1
 40
0.6
176
     1
 40
30.0
176
     1
 62
     7
420
3271557119
176
     1
 90
        0
176
     1
 90
        4
176
     1
 62
     7
176
     1
 62
   257
176
     1
 90
        1
176
     1
 90
        1
176
     1
 40
1.0
176
     1
 90
        8
176
     1
 62
     7
176
     1
 40
1.0
176
     1
 90
        1
176
     1
 90
        6
176
     1
 90
        2
176
     1
 62
     7
176
     1
 90
        5
176
     1
 90
        0
176
     1
 90
        0
176
     1
290
     0
176
     1
 90
        1
176
     1
 40
0.0
176
     1
 90
        0
176
     1
290
     0
176
     1
290
     1
176
     1
290
     1
176
     1
290
     0
290
     0
176
     1
290
     0
290
     0
176
     1
290
     0
176
     1
290
     0
176
     1
 90
       50
176
     1
 40
0.0
176
     1
 40
1.0
176
     1
 90
        0
176
     1
 62
     0
420
3254779904
176
     1
 90
       50
176
     1
 90
        3
176
     1
 62
     5
420
3254780159
176
     1
290
     0
176
     1
 90
       50
176
     1
 90
       50
176
     1
 90
       50
176
     1
290
     0
176
     1
 90
       50
176
     1
 62
     0
176
     0
 40
1.0
176
     0
 90
        2
176
     1
  1
strokes_ogs.tif
176
     1
290
     0
176
     1
 40
1.0
176
     1
 40
1.0
176
     1
  0
VISUALSTYLE
  5
E1D
102
{ACAD_REACTORS
330
E17
102
}
330
E17
100
AcDbVisualStyle
  2
2dWireframe
 70
     4
177
     2
291
     0
 70
    58
 90
        0
176
     1
 90
        2
176
     1
 90
        0
176
     1
 90
        0
176
     1
 40
0.6
176
     1
 40
30.0
176
     1
 62
     7
420
3271557119
176
     1
 90
        1
176
     1
 90
        4
176
     1
 62
     7
176
     1
 62
   257
176
     1
 90
        1
176
     1
 90
        1
176
     1
 40
1.0
176
     1
 90
        0
176
     1
 62
   257
176
     1
 40
1.0
176
     1
 90
        1
176
     1
 90
        6
176
     1
 90
        2
176
     1
 62
     7
176
     1
 90
        5
176
     1
 90
        0
176
     1
 90
        0
176
     1
290
     0
176
     1
 90
        1
176
     1
 40
0.0
176
     1
 90
        0
176
     1
290
     1
176
     1
290
     1
176
     1
290
     0
176
     1
290
     0
290
     0
176
     1
290
     0
290
     0
176
     1
290
     0
176
     1
290
     0
176
     1
 90
       50
176
     1
 40
0.0
176
     1
 40
1.0
176
     1
 90
        0
176
     1
 62
     0
420
3254779904
176
     1
 90
       50
176
     1
 90
        3
176
     1
 62
     5
420
3254780159
176
     1
290
     0
176
     1
 90
       50
176
     1
 90
       50
176
     1
 90
       50
176
     1
290
     0
176
     1
 90
       50
176
     1
 62
     0
176
     0
 40
1.0
176
     0
 90
        2
176
     1
  1
strokes_ogs.tif
176
     1
290
     0
176
     1
 40
1.0
176
     1
 40
1.0
176
     1
  0
VISUALSTYLE
  5
E1E
102
{ACAD_REACTORS
330
E17
102
}
330
E17
100
AcDbVisualStyle
  2
Wireframe
 70
     5
177
     2
291
     0
 70
    58
 90
        0
176
     1
 90
        2
176
     1
 90
        0
176
     1
 90
        0
176
     1
 40
0.6
176
     1
 40
30.0
176
     1
 62
     7
420
3271557119
176
     1
 90
        1
176
     1
 90
        4
176
     1
 62
     7
176
     1
 62
   257
176
     1
 90
        1
176
     1
 90
        1
176
     1
 40
1.0
176
     1
 90
        0
176
     1
 62
   257
176
     1
 40
1.0
176
     1
 90
        1
176
     1
 90
        6
176
     1
 90
        2
176
     1
 62
     7
176
     1
 90
        3
176
     1
 90
        0
176
     1
 90
        0
176
     1
290
     0
176
     1
 90
        1
176
     1
 40
0.0
176
     1
 90
        0
176
     1
290
     0
176
     1
290
     1
176
     1
290
     1
176
     1
290
     0
290
     0
176
     1
290
     0
290
     0
176
     1
290
     0
176
     1
290
     0
176
     1
 90
       50
176
     1
 40
0.0
176
     1
 40
1.0
176
     1
 90
        0
176
     1
 62
     0
420
3254779904
176
     1
 90
       50
176
     1
 90
        3
176
     1
 62
     5
420
3254780159
176
     1
290
     0
176
     1
 90
       50
176
     1
 90
       50
176
     1
 90
       50
176
     1
290
     0
176
     1
 90
       50
176
     1
 62
     0
176
     0
 40
1.0
176
     0
 90
        2
176
     1
  1
strokes_ogs.tif
176
     1
290
     0
176
     1
 40
1.0
176
     1
 40
1.0
176
     1
  0
VISUALSTYLE
  5
E1F
102
{ACAD_REACTORS
330
E17
102
}
330
E17
100
AcDbVisualStyle
  2
Hidden
 70
     6
177
     2
291
     0
 70
    58
 90
        1
176
     1
 90
        2
176
     1
 90
        2
176
     1
 90
        0
176
     1
 40
0.6
176
     1
 40
30.0
176
     1
 62
     7
420
3271557119
176
     1
 90
        2
176
     1
 90
        2
176
     1
 62
     7
176
     1
 62
   257
176
     1
 90
        2
176
     1
 90
        1
176
     1
 40
40.0
176
     1
 90
        0
176
     1
 62
   257
176
     1
 40
1.0
176
     1
 90
        1
176
     1
 90
        6
176
     1
 90
        2
176
     1
 62
     7
176
     1
 90
        3
176
     1
 90
        0
176
     1
 90
        0
176
     1
290
     0
176
     1
 90
        1
176
     1
 40
0.0
176
     1
 90
        0
176
     1
290
     0
176
     1
290
     1
176
     1
290
     1
176
     1
290
     0
290
     0
176
     1
290
     0
290
     0
176
     1
290
     0
176
     1
290
     0
176
     1
 90
       50
176
     1
 40
0.0
176
     1
 40
1.0
176
     1
 90
        0
176
     1
 62
     0
420
3254779904
176
     1
 90
       50
176
     1
 90
        3
176
     1
 62
     5
420
3254780159
176
     1
290
     0
176
     1
 90
       50
176
     1
 90
       50
176
     1
 90
       50
176
     1
290
     0
176
     1
 90
       50
176
     1
 62
     0
176
     0
 40
1.0
176
     0
 90
        2
176
     1
  1
strokes_ogs.tif
176
     1
290
     0
176
     1
 40
1.0
176
     1
 40
1.0
176
     1
  0
VISUALSTYLE
  5
E20
102
{ACAD_REACTORS
330
E17
102
}
330
E17
100
AcDbVisualStyle
  2
Conceptual
 70
     9
177
     2
291
     0
 70
    58
 90
        3
176
     1
 90
        2
176
     1
 90
        0
176
     1
 90
        0
176
     1
 40
0.6
176
     1
 40
30.0
176
     1
 62
     7
420
3271557119
176
     1
 90
        2
176
     1
 90
        2
176
     1
 62
     7
176
     1
 62
   257
176
     1
 90
        1
176
     1
 90
        1
176
     1
 40
179.0
176
     1
 90
        8
176
     1
 62
     7
176
     1
 40
1.0
176
     1
 90
        1
176
     1
 90
        6
176
     1
 90
        2
176
     1
 62
     7
176
     1
 90
        3
176
     1
 90
        0
176
     1
 90
        0
176
     1
290
     0
176
     1
 90
        1
176
     1
 40
0.0
176
     1
 90
        0
176
     1
290
     0
176
     1
290
     1
176
     1
290
     1
176
     1
290
     0
290
     0
176
     1
290
     0
290
     0
176
     1
290
     0
176
     1
290
     0
176
     1
 90
       50
176
     1
 40
0.0
176
     1
 40
1.0
176
     1
 90
        0
176
     1
 62
     0
420
3254779904
176
     1
 90
       50
176
     1
 90
        3
176
     1
 62
     5
420
3254780159
176
     1
290
     0
176
     1
 90
       50
176
     1
 90
       50
176
     1
 90
       50
176
     1
290
     0
176
     1
 90
       50
176
     1
 62
     0
176
     0
 40
1.0
176
     0
 90
        2
176
     1
  1
strokes_ogs.tif
176
     1
290
     0
176
     1
 40
1.0
176
     1
 40
1.0
176
     1
  0
VISUALSTYLE
  5
E21
102
{ACAD_REACTORS
330
E17
102
}
330
E17
100
AcDbVisualStyle
  2
Realistic
 70
     8
177
     2
291
     0
 70
    58
 90
        2
176
     1
 90
        3
176
     1
 90
        0
176
     1
 90
        2
176
     1
 40
0.6
176
     1
 40
30.0
176
     1
 62
     7
420
3271557119
176
     1
 90
        0
176
     1
 90
        0
176
     1
 62
     7
176
     1
 62
   257
176
     1
 90
        1
176
     1
 90
        1
176
     1
 40
1.0
176
     1
 90
        8
176
     1
 62
   257
176
     1
 40
1.0
176
     1
 90
        1
176
     1
 90
        6
176
     1
 90
        2
176
     1
 62
     7
176
     1
 90
        3
176
     1
 90
        0
176
     1
 90
        0
176
     1
290
     0
176
     1
 90
       13
176
     1
 40
0.0
176
     1
 90
        0
176
     1
290
     0
176
     1
290
     1
176
     1
290
     1
176
     1
290
     0
290
     0
176
     1
290
     0
290
     0
176
     1
290
     0
176
     1
290
     0
176
     1
 90
       50
176
     1
 40
0.0
176
     1
 40
1.0
176
     1
 90
        0
176
     1
 62
     0
420
3254779904
176
     1
 90
       50
176
     1
 90
        3
176
     1
 62
     5
420
3254780159
176
     1
290
     0
176
     1
 90
       50
176
     1
 90
       50
176
     1
 90
       50
176
     1
290
     0
176
     1
 90
       50
176
     1
 62
     0
176
     0
 40
1.0
176
     0
 90
        2
176
     1
  1
strokes_ogs.tif
176
     1
290
     0
176
     1
 40
1.0
176
     1
 40
1.0
176
     1
  0
VISUALSTYLE
  5
E22
102
{ACAD_REACTORS
330
E17
102
}
330
E17
100
AcDbVisualStyle
  2
Dim
 70
    11
177
     2
291
     1
 70
    58
 90
        2
176
     1
 90
        2
176
     1
 90
        0
176
     1
 90
        0
176
     1
 40
0.6
176
     1
 40
30.0
176
     1
 62
     7
420
3271557119
176
     1
 90
        1
176
     1
 90
        4
176
     1
 62
     7
176
     1
 62
   257
176
     1
 90
        1
176
     1
 90
        1
176
     1
 40
1.0
176
     1
 90
        8
176
     1
 62
     7
176
     1
 40
1.0
176
     1
 90
        1
176
     1
 90
        6
176
     1
 90
        2
176
     1
 62
     7
176
     1
 90
        5
176
     1
 90
        0
176
     1
 90
        0
176
     1
290
     0
176
     1
 90
        1
176
     1
 40
-50.0
176
     1
 90
        0
176
     1
290
     0
176
     1
290
     1
176
     1
290
     1
176
     1
290
     0
290
     0
176
     1
290
     0
290
     0
176
     1
290
     0
176
     1
290
     0
176
     1
 90
       50
176
     1
 40
0.0
176
     1
 40
1.0
176
     1
 90
        0
176
     1
 62
     0
420
3254779904
176
     1
 90
       50
176
     1
 90
        3
176
     1
 62
     5
420
3254780159
176
     1
290
     0
176
     1
 90
       50
176
     1
 90
       50
176
     1
 90
       50
176
     1
290
     0
176
     1
 90
       50
176
     1
 62
     0
176
     0
 40
1.0
176
     0
 90
        2
176
     1
  1
strokes_ogs.tif
176
     1
290
     0
176
     1
 40
1.0
176
     1
 40
1.0
176
     1
  0
VISUALSTYLE
  5
E23
102
{ACAD_REACTORS
330
E17
102
}
330
E17
100
AcDbVisualStyle
  2
Brighten
 70
    12
177
     2
291
     1
 70
    58
 90
        2
176
     1
 90
        2
176
     1
 90
        0
176
     1
 90
        0
176
     1
 40
0.6
176
     1
 40
30.0
176
     1
 62
     7
420
3271557119
176
     1
 90
        1
176
     1
 90
        4
176
     1
 62
     7
176
     1
 62
   257
176
     1
 90
        1
176
     1
 90
        1
176
     1
 40
1.0
176
     1
 90
        8
176
     1
 62
     7
176
     1
 40
1.0
176
     1
 90
        1
176
     1
 90
        6
176
     1
 90
        2
176
     1
 62
     7
176
     1
 90
        5
176
     1
 90
        0
176
     1
 90
        0
176
     1
290
     0
176
     1
 90
        1
176
     1
 40
50.0
176
     1
 90
        0
176
     1
290
     0
176
     1
290
     1
176
     1
290
     1
176
     1
290
     0
290
     0
176
     1
290
     0
290
     0
176
     1
290
     0
176
     1
290
     0
176
     1
 90
       50
176
     1
 40
0.0
176
     1
 40
1.0
176
     1
 90
        0
176
     1
 62
     0
420
3254779904
176
     1
 90
       50
176
     1
 90
        3
176
     1
 62
     5
420
3254780159
176
     1
290
     0
176
     1
 90
       50
176
     1
 90
       50
176
     1
 90
       50
176
     1
290
     0
176
     1
 90
       50
176
     1
 62
     0
176
     0
 40
1.0
176
     0
 90
        2
176
     1
  1
strokes_ogs.tif
176
     1
290
     0
176
     1
 40
1.0
176
     1
 40
1.0
176
     1
  0
VISUALSTYLE
  5
E24
102
{ACAD_REACTORS
330
E17
102
}
330
E17
100
AcDbVisualStyle
  2
Thicken
 70
    13
177
     2
291
     1
 70
    58
 90
        2
176
     1
 90
        2
176
     1
 90
        0
176
     1
 90
        0
176
     1
 40
0.6
176
     1
 40
30.0
176
     1
 62
     7
420
3271557119
176
     1
 90
        1
176
     1
 90
        4
176
     1
 62
     7
176
     1
 62
   257
176
     1
 90
        1
176
     1
 90
        1
176
     1
 40
1.0
176
     1
 90
       12
176
     1
 62
     7
176
     1
 40
1.0
176
     1
 90
        1
176
     1
 90
        6
176
     1
 90
        2
176
     1
 62
     7
176
     1
 90
        5
176
     1
 90
        0
176
     1
 90
        0
176
     1
290
     0
176
     1
 90
        1
176
     1
 40
0.0
176
     1
 90
        0
176
     1
290
     0
176
     1
290
     1
176
     1
290
     1
176
     1
290
     0
290
     0
176
     1
290
     0
290
     0
176
     1
290
     0
176
     1
290
     0
176
     1
 90
       50
176
     1
 40
0.0
176
     1
 40
1.0
176
     1
 90
        0
176
     1
 62
     0
420
3254779904
176
     1
 90
       50
176
     1
 90
        3
176
     1
 62
     5
420
3254780159
176
     1
290
     0
176
     1
 90
       50
176
     1
 90
       50
176
     1
 90
       50
176
     1
290
     0
176
     1
 90
       50
176
     1
 62
     0
176
     0
 40
1.0
176
     0
 90
        2
176
     1
  1
strokes_ogs.tif
176
     1
290
     0
176
     1
 40
1.0
176
     1
 40
1.0
176
     1
  0
VISUALSTYLE
  5
E25
102
{ACAD_REACTORS
330
E17
102
}
330
E17
100
AcDbVisualStyle
  2
Linepattern
 70
    14
177
     2
291
     1
 70
    58
 90
        2
176
     1
 90
        2
176
     1
 90
        0
176
     1
 90
        0
176
     1
 40
0.6
176
     1
 40
30.0
176
     1
 62
     7
420
3271557119
176
     1
 90
        1
176
     1
 90
        4
176
     1
 62
     7
176
     1
 62
   257
176
     1
 90
        7
176
     1
 90
        7
176
     1
 40
1.0
176
     1
 90
        8
176
     1
 62
     7
176
     1
 40
1.0
176
     1
 90
        1
176
     1
 90
        6
176
     1
 90
        2
176
     1
 62
     7
176
     1
 90
        5
176
     1
 90
        0
176
     1
 90
        0
176
     1
290
     0
176
     1
 90
        1
176
     1
 40
0.0
176
     1
 90
        0
176
     1
290
     0
176
     1
290
     1
176
     1
290
     1
176
     1
290
     0
290
     0
176
     1
290
     0
290
     0
176
     1
290
     0
176
     1
290
     0
176
     1
 90
       50
176
     1
 40
0.0
176
     1
 40
1.0
176
     1
 90
        0
176
     1
 62
     0
420
3254779904
176
     1
 90
       50
176
     1
 90
        3
176
     1
 62
     5
420
3254780159
176
     1
290
     0
176
     1
 90
       50
176
     1
 90
       50
176
     1
 90
       50
176
     1
290
     0
176
     1
 90
       50
176
     1
 62
     0
176
     0
 40
1.0
176
     0
 90
        2
176
     1
  1
strokes_ogs.tif
176
     1
290
     0
176
     1
 40
1.0
176
     1
 40
1.0
176
     1
  0
VISUALSTYLE
  5
E26
102
{ACAD_REACTORS
330
E17
102
}
330
E17
100
AcDbVisualStyle
  2
Facepattern
 70
    15
177
     2
291
     1
 70
    58
 90
        2
176
     1
 90
        2
176
     1
 90
        0
176
     1
 90
        0
176
     1
 40
0.6
176
     1
 40
30.0
176
     1
 62
     7
420
3271557119
176
     1
 90
        1
176
     1
 90
        4
176
     1
 62
     7
176
     1
 62
   257
176
     1
 90
        1
176
     1
 90
        1
176
     1
 40
1.0
176
     1
 90
        8
176
     1
 62
     7
176
     1
 40
1.0
176
     1
 90
        1
176
     1
 90
        6
176
     1
 90
        2
176
     1
 62
     7
176
     1
 90
        5
176
     1
 90
        0
176
     1
 90
        0
176
     1
290
     0
176
     1
 90
        1
176
     1
 40
0.0
176
     1
 90
        0
176
     1
290
     0
176
     1
290
     1
176
     1
290
     1
176
     1
290
     0
290
     0
176
     1
290
     0
290
     0
176
     1
290
     0
176
     1
290
     0
176
     1
 90
       50
176
     1
 40
0.0
176
     1
 40
1.0
176
     1
 90
        0
176
     1
 62
     0
420
3254779904
176
     1
 90
       50
176
     1
 90
        3
176
     1
 62
     5
420
3254780159
176
     1
290
     0
176
     1
 90
       50
176
     1
 90
       50
176
     1
 90
       50
176
     1
290
     0
176
     1
 90
       50
176
     1
 62
     0
176
     0
 40
1.0
176
     0
 90
        2
176
     1
  1
strokes_ogs.tif
176
     1
290
     0
176
     1
 40
1.0
176
     1
 40
1.0
176
     1
  0
VISUALSTYLE
  5
E27
102
{ACAD_REACTORS
330
E17
102
}
330
E17
100
AcDbVisualStyle
  2
ColorChange
 70
    16
177
     2
291
     1
 70
    58
 90
        2
176
     1
 90
        2
176
     1
 90
        3
176
     1
 90
        0
176
     1
 40
0.6
176
     1
 40
30.0
176
     1
 62
     9
420
3263201408
176
     1
 90
        1
176
     1
 90
        4
176
     1
 62
     7
176
     1
 62
   257
176
     1
 90
        1
176
     1
 90
        1
176
     1
 40
1.0
176
     1
 90
        8
176
     1
 62
     9
420
3263201408
176
     1
 40
1.0
176
     1
 90
        1
176
     1
 90
        6
176
     1
 90
        2
176
     1
 62
     7
176
     1
 90
        5
176
     1
 90
        0
176
     1
 90
        0
176
     1
290
     0
176
     1
 90
        1
176
     1
 40
0.0
176
     1
 90
        0
176
     1
290
     0
176
     1
290
     1
176
     1
290
     1
176
     1
290
     0
290
     0
176
     1
290
     0
290
     0
176
     1
290
     0
176
     1
290
     0
176
     1
 90
       50
176
     1
 40
0.0
176
     1
 40
1.0
176
     1
 90
        0
176
     1
 62
     0
420
3254779904
176
     1
 90
       50
176
     1
 90
        3
176
     1
 62
     5
420
3254780159
176
     1
290
     0
176
     1
 90
       50
176
     1
 90
       50
176
     1
 90
       50
176
     1
290
     0
176
     1
 90
       50
176
     1
 62
     0
176
     0
 40
1.0
176
     0
 90
        2
176
     1
  1
strokes_ogs.tif
176
     1
290
     0
176
     1
 40
1.0
176
     1
 40
1.0
176
     1
  0
VISUALSTYLE
  5
E28
102
{ACAD_REACTORS
330
E17
102
}
330
E17
100
AcDbVisualStyle
  2
Shades of Gray
 70
    23
177
     2
291
     0
 70
    58
 90
        2
176
     1
 90
        2
176
     1
 90
        3
176
     1
 90
        0
176
     1
 40
0.6
176
     1
 40
30.0
176
     1
 62
     7
420
3271557119
176
     1
 90
        2
176
     1
 90
        2
176
     1
 62
     7
176
     1
 62
     7
176
     1
 90
        1
176
     1
 90
        1
176
     1
 40
40.0
176
     1
 90
        8
176
     1
 62
     7
176
     1
 40
1.0
176
     1
 90
        1
176
     1
 90
        6
176
     1
 90
        2
176
     1
 62
     7
176
     1
 90
        3
176
     1
 90
        0
176
     1
 90
        0
176
     1
290
     0
176
     1
 90
        1
176
     1
 40
0.0
176
     1
 90
        0
176
     1
290
     0
176
     1
290
     1
176
     1
290
     1
176
     1
290
     0
290
     0
176
     1
290
     0
290
     0
176
     1
290
     0
176
     1
290
     0
176
     1
 90
       50
176
     1
 40
0.0
176
     1
 40
1.0
176
     1
 90
        0
176
     1
 62
     0
420
3254779904
176
     1
 90
       50
176
     1
 90
        3
176
     1
 62
     5
420
3254780159
176
     1
290
     0
176
     1
 90
       50
176
     1
 90
       50
176
     1
 90
       50
176
     1
290
     0
176
     1
 90
       50
176
     1
 62
     0
176
     0
 40
1.0
176
     0
 90
        2
176
     1
  1
strokes_ogs.tif
176
     1
290
     0
176
     1
 40
1.0
176
     1
 40
1.0
176
     1
  0
VISUALSTYLE
  5
E29
102
{ACAD_REACTORS
330
E17
102
}
330
E17
100
AcDbVisualStyle
  2
Sketchy
 70
    24
177
     2
291
     0
 70
    58
 90
        1
176
     1
 90
        2
176
     1
 90
        2
176
     1
 90
        0
176
     1
 40
0.6
176
     1
 40
30.0
176
     1
 62
     7
420
3271557119
176
     1
 90
        2
176
     1
 90
        2
176
     1
 62
     7
176
     1
 62
     7
176
     1
 90
        1
176
     1
 90
        1
176
     1
 40
40.0
176
     1
 90
       11
176
     1
 62
     7
176
     1
 40
1.0
176
     1
 90
        1
176
     1
 90
        6
176
     1
 90
        2
176
     1
 62
     7
176
     1
 90
        6
176
     1
 90
        0
176
     1
 90
        0
176
     1
290
     0
176
     1
 90
        1
176
     1
 40
0.0
176
     1
 90
        0
176
     1
290
     0
176
     1
290
     1
176
     1
290
     1
176
     1
290
     0
290
     0
176
     1
290
     0
290
     0
176
     1
290
     0
176
     1
290
     0
176
     1
 90
       50
176
     1
 40
0.0
176
     1
 40
1.0
176
     1
 90
        0
176
     1
 62
     0
420
3254779904
176
     1
 90
       50
176
     1
 90
        3
176
     1
 62
     5
420
3254780159
176
     1
290
     0
176
     1
 90
       50
176
     1
 90
       50
176
     1
 90
       50
176
     1
290
     0
176
     1
 90
       50
176
     1
 62
     0
176
     0
 40
1.0
176
     0
 90
        2
176
     1
  1
strokes_ogs.tif
176
     1
290
     0
176
     1
 40
1.0
176
     1
 40
1.0
176
     1
  0
VISUALSTYLE
  5
E2A
102
{ACAD_REACTORS
330
E17
102
}
330
E17
100
AcDbVisualStyle
  2
X-Ray
 70
    25
177
     2
291
     0
 70
    58
 90
        2
176
     1
 90
        2
176
     1
 90
        1
176
     1
 90
        1
176
     1
 40
0.5
176
     1
 40
30.0
176
     1
 62
     7
420
3271557119
176
     1
 90
        1
176
     1
 90
        0
176
     1
 62
     7
176
     1
 62
   257
176
     1
 90
        1
176
     1
 90
        1
176
     1
 40
1.0
176
     1
 90
        8
176
     1
 62
     7
176
     1
 40
1.0
176
     1
 90
        1
176
     1
 90
        6
176
     1
 90
        2
176
     1
 62
     7
176
     1
 90
        3
176
     1
 90
        0
176
     1
 90
        0
176
     1
290
     0
176
     1
 90
       13
176
     1
 40
0.0
176
     1
 90
        0
176
     1
290
     0
176
     1
290
     1
176
     1
290
     1
176
     1
290
     0
290
     0
176
     1
290
     0
290
     0
176
     1
290
     0
176
     1
290
     0
176
     1
 90
       50
176
     1
 40
0.0
176
     1
 40
1.0
176
     1
 90
        0
176
     1
 62
     0
420
3254779904
176
     1
 90
       50
176
     1
 90
        3
176
     1
 62
     5
420
3254780159
176
     1
290
     0
176
     1
 90
       50
176
     1
 90
       50
176
     1
 90
       50
176
     1
290
     0
176
     1
 90
       50
176
     1
 62
     0
176
     0
 40
1.0
176
     0
 90
        2
176
     1
  1
strokes_ogs.tif
176
     1
290
     0
176
     1
 40
1.0
176
     1
 40
1.0
176
     1
  0
VISUALSTYLE
  5
E2B
102
{ACAD_REACTORS
330
E17
102
}
330
E17
100
AcDbVisualStyle
  2
Shaded with edges
 70
    26
177
     2
291
     0
 70
    58
 90
        2
176
     1
 90
        2
176
     1
 90
        1
176
     1
 90
        2
176
     1
 40
0.6
176
     1
 40
30.0
176
     1
 62
     7
420
3271557119
176
     1
 90
        1
176
     1
 90
        2
176
     1
 62
     7
176
     1
 62
   257
176
     1
 90
        2
176
     1
 90
        1
176
     1
 40
1.0
176
     1
 90
        8
176
     1
 62
   257
176
     1
 40
1.0
176
     1
 90
        1
176
     1
 90
        6
176
     1
 90
        2
176
     1
 62
     7
176
     1
 90
        3
176
     1
 90
        0
176
     1
 90
        0
176
     1
290
     0
176
     1
 90
        5
176
     1
 40
0.0
176
     1
 90
        0
176
     1
290
     0
176
     1
290
     1
176
     1
290
     1
176
     1
290
     0
290
     0
176
     1
290
     0
290
     0
176
     1
290
     0
176
     1
290
     0
176
     1
 90
       50
176
     1
 40
0.0
176
     1
 40
1.0
176
     1
 90
        0
176
     1
 62
     0
420
3254779904
176
     1
 90
       50
176
     1
 90
        3
176
     1
 62
     5
420
3254780159
176
     1
290
     0
176
     1
 90
       50
176
     1
 90
       50
176
     1
 90
       50
176
     1
290
     0
176
     1
 90
       50
176
     1
 62
     0
176
     0
 40
1.0
176
     0
 90
        2
176
     1
  1
strokes_ogs.tif
176
     1
290
     0
176
     1
 40
1.0
176
     1
 40
1.0
176
     1
  0
VISUALSTYLE
  5
E2C
102
{ACAD_REACTORS
330
E17
102
}
330
E17
100
AcDbVisualStyle
  2
Shaded
 70
    27
177
     2
291
     0
 70
    58
 90
        2
176
     1
 90
        2
176
     1
 90
        1
176
     1
 90
        2
176
     1
 40
0.6
176
     1
 40
30.0
176
     1
 62
     7
420
3271557119
176
     1
 90
        0
176
     1
 90
        4
176
     1
 62
     7
176
     1
 62
   257
176
     1
 90
        1
176
     1
 90
        1
176
     1
 40
1.0
176
     1
 90
        8
176
     1
 62
   257
176
     1
 40
1.0
176
     1
 90
        1
176
     1
 90
        6
176
     1
 90
        2
176
     1
 62
   256
420
3262675064
176
     1
 90
        3
176
     1
 90
        0
176
     1
 90
        0
176
     1
290
     0
176
     1
 90
        5
176
     1
 40
0.0
176
     1
 90
        0
176
     1
290
     0
176
     1
290
     1
176
     1
290
     1
176
     1
290
     0
290
     0
176
     1
290
     0
290
     0
176
     1
290
     0
176
     1
290
     0
176
     1
 90
       50
176
     1
 40
0.0
176
     1
 40
1.0
176
     1
 90
        0
176
     1
 62
     0
420
3254779904
176
     1
 90
       50
176
     1
 90
        3
176
     1
 62
     5
420
3254780159
176
     1
290
     0
176
     1
 90
       50
176
     1
 90
       50
176
     1
 90
       50
176
     1
290
     0
176
     1
 90
       50
176
     1
 62
     0
176
     0
 40
1.0
176
     0
 90
        2
176
     1
  1
strokes_ogs.tif
176
     1
290
     0
176
     1
 40
1.0
176
     1
 40
1.0
176
     1
  0
VISUALSTYLE
  5
E2D
102
{ACAD_REACTORS
330
E17
102
}
330
E17
100
AcDbVisualStyle
  2
JitterOff
 70
    20
177
     2
291
     1
 70
    58
 90
        2
176
     0
 90
        2
176
     0
 90
        0
176
     0
 90
        0
176
     0
 40
0.6
176
     0
 40
30.0
176
     0
 62
     7
420
3271557119
176
     0
 90
        1
176
     0
 90
        4
176
     0
 62
     7
176
     0
 62
   257
176
     0
 90
        1
176
     0
 90
        1
176
     0
 40
1.0
176
     0
 90
       10
176
     2
 62
     7
176
     0
 40
1.0
176
     0
 90
        1
176
     0
 90
        6
176
     0
 90
        2
176
     0
 62
     7
176
     0
 90
        5
176
     0
 90
        0
176
     0
 90
        0
176
     0
290
     0
176
     0
 90
        1
176
     0
 40
0.0
176
     0
 90
        0
176
     0
290
     0
176
     0
290
     1
176
     0
290
     1
176
     0
290
     0
290
     0
176
     0
290
     0
290
     0
176
     0
290
     0
176
     0
290
     0
176
     0
 90
       50
176
     0
 40
0.0
176
     0
 40
1.0
176
     0
 90
        0
176
     0
 62
     0
420
3254779904
176
     0
 90
       50
176
     0
 90
        3
176
     0
 62
     5
420
3254780159
176
     0
290
     0
176
     0
 90
       50
176
     0
 90
       50
176
     0
 90
       50
176
     0
290
     0
176
     0
 90
       50
176
     0
 62
     0
176
     0
 40
1.0
176
     0
 90
        2
176
     0
  1
strokes_ogs.tif
176
     0
290
     0
176
     0
 40
1.0
176
     0
 40
1.0
176
     0
  0
VISUALSTYLE
  5
E2E
102
{ACAD_REACTORS
330
E17
102
}
330
E17
100
AcDbVisualStyle
  2
OverhangOff
 70
    21
177
     2
291
     1
 70
    58
 90
        2
176
     0
 90
        2
176
     0
 90
        0
176
     0
 90
        0
176
     0
 40
0.6
176
     0
 40
30.0
176
     0
 62
     7
420
3271557119
176
     0
 90
        1
176
     0
 90
        4
176
     0
 62
     7
176
     0
 62
   257
176
     0
 90
        1
176
     0
 90
        1
176
     0
 40
1.0
176
     0
 90
        9
176
     2
 62
     7
176
     0
 40
1.0
176
     0
 90
        1
176
     0
 90
        6
176
     0
 90
        2
176
     0
 62
     7
176
     0
 90
        5
176
     0
 90
        0
176
     0
 90
        0
176
     0
290
     0
176
     0
 90
        1
176
     0
 40
0.0
176
     0
 90
        0
176
     0
290
     0
176
     0
290
     1
176
     0
290
     1
176
     0
290
     0
290
     0
176
     0
290
     0
290
     0
176
     0
290
     0
176
     0
290
     0
176
     0
 90
       50
176
     0
 40
0.0
176
     0
 40
1.0
176
     0
 90
        0
176
     0
 62
     0
420
3254779904
176
     0
 90
       50
176
     0
 90
        3
176
     0
 62
     5
420
3254780159
176
     0
290
     0
176
     0
 90
       50
176
     0
 90
       50
176
     0
 90
       50
176
     0
290
     0
176
     0
 90
       50
176
     0
 62
     0
176
     0
 40
1.0
176
     0
 90
        2
176
     0
  1
strokes_ogs.tif
176
     0
290
     0
176
     0
 40
1.0
176
     0
 40
1.0
176
     0
  0
VISUALSTYLE
  5
E2F
102
{ACAD_REACTORS
330
E17
102
}
330
E17
100
AcDbVisualStyle
  2
EdgeColorOff
 70
    22
177
     2
291
     1
 70
    58
 90
        2
176
     0
 90
        2
176
     0
 90
        0
176
     0
 90
        0
176
     0
 40
0.6
176
     0
 40
30.0
176
     0
 62
     7
420
3271557119
176
     0
 90
        1
176
     0
 90
        4
176
     0
 62
     7
176
     0
 62
   257
176
     0
 90
        1
176
     0
 90
        1
176
     0
 40
1.0
176
     0
 90
        8
176
     2
 62
     7
176
     0
 40
1.0
176
     0
 90
        1
176
     0
 90
        6
176
     0
 90
        2
176
     0
 62
     7
176
     0
 90
        5
176
     0
 90
        0
176
     0
 90
        0
176
     0
290
     0
176
     0
 90
        1
176
     0
 40
0.0
176
     0
 90
        0
176
     0
290
     0
176
     0
290
     1
176
     0
290
     1
176
     0
290
     0
290
     0
176
     0
290
     0
290
     0
176
     0
290
     0
176
     0
290
     0
176
     0
 90
       50
176
     0
 40
0.0
176
     0
 40
1.0
176
     0
 90
        0
176
     0
 62
     0
420
3254779904
176
     0
 90
       50
176
     0
 90
        3
176
     0
 62
     5
420
3254780159
176
     0
290
     0
176
     0
 90
       50
176
     0
 90
       50
176
     0
 90
       50
176
     0
290
     0
176
     0
 90
       50
176
     0
 62
     0
176
     0
 40
1.0
176
     0
 90
        2
176
     0
  1
strokes_ogs.tif
176
     0
290
     0
176
     0
 40
1.0
176
     0
 40
1.0
176
     0
  0
DICTIONARY
  5
E30
102
{ACAD_REACTORS
330
C
102
}
330
C
100
AcDbDictionary
281
     1
  0
DICTIONARY
  5
E31
102
{ACAD_REACTORS
330
C
102
}
330
C
100
AcDbDictionary
281
     1
  3
Standard
350
E32
  0
TABLESTYLE
  5
E32
102
{ACAD_REACTORS
330
E31
102
}
330
E31
100
AcDbTableStyle
 70
     0
  3
Standard
  1
TABLEFORMAT_BEGIN
 90
        5
170
     1
 91
        0
 92
        0
 62
   257
 93
        1
300
CONTENTFORMAT
  1
CONTENTFORMAT_BEGIN
 90
        0
 91
        0
 92
      512
 93
        0
300

 40
0.0
140
1.0
 94
        1
 62
     0
340
0
144
4.5
309
CONTENTFORMAT_END
171
     1
301
MARGIN
  1
CELLMARGIN_BEGIN
 40
1.5
 40
1.5
 40
1.5
 40
1.5
 40
4.5
 40
4.5
309
CELLMARGIN_END
 94
        6
 95
        1
302
GRIDFORMAT
  1
GRIDFORMAT_BEGIN
 90
        0
 91
        1
 62
     0
 92
       -2
340
0
 93
        0
 40
1.125
309
GRIDFORMAT_END
 95
        2
302
GRIDFORMAT
  1
GRIDFORMAT_BEGIN
 90
        0
 91
        1
 62
     0
 92
       -2
340
0
 93
        0
 40
1.125
309
GRIDFORMAT_END
 95
        4
302
GRIDFORMAT
  1
GRIDFORMAT_BEGIN
 90
        0
 91
        1
 62
     0
 92
       -2
340
0
 93
        0
 40
1.125
309
GRIDFORMAT_END
 95
        8
302
GRIDFORMAT
  1
GRIDFORMAT_BEGIN
 90
        0
 91
        1
 62
     0
 92
       -2
340
0
 93
        0
 40
1.125
309
GRIDFORMAT_END
 95
       16
302
GRIDFORMAT
  1
GRIDFORMAT_BEGIN
 90
        0
 91
        1
 62
     0
 92
       -2
340
0
 93
        0
 40
1.125
309
GRIDFORMAT_END
 95
       32
302
GRIDFORMAT
  1
GRIDFORMAT_BEGIN
 90
        0
 91
        1
 62
     0
 92
       -2
340
0
 93
        0
 40
1.125
309
GRIDFORMAT_END
309
TABLEFORMAT_END
  1
CELLSTYLE_BEGIN
 90
        4
 91
        2
300
Table
309
CELLSTYLE_END
  1
TABLEFORMAT_BEGIN
 90
        5
170
     1
 91
        0
 92
    32768
 62
   257
 93
        1
300
CONTENTFORMAT
  1
CONTENTFORMAT_BEGIN
 90
        0
 91
        0
 92
      512
 93
        0
300

 40
0.0
140
1.0
 94
        5
 62
     0
340
11
144
6.0
309
CONTENTFORMAT_END
171
     1
301
MARGIN
  1
CELLMARGIN_BEGIN
 40
1.5
 40
1.5
 40
1.5
 40
1.5
 40
4.5
 40
4.5
309
CELLMARGIN_END
 94
        6
 95
        1
302
GRIDFORMAT
  1
GRIDFORMAT_BEGIN
 90
        0
 91
        1
 62
     0
 92
       -2
340
0
 93
        0
 40
1.125
309
GRIDFORMAT_END
 95
        2
302
GRIDFORMAT
  1
GRIDFORMAT_BEGIN
 90
        0
 91
        1
 62
     0
 92
       -2
340
0
 93
        0
 40
1.125
309
GRIDFORMAT_END
 95
        4
302
GRIDFORMAT
  1
GRIDFORMAT_BEGIN
 90
        0
 91
        1
 62
     0
 92
       -2
340
0
 93
        0
 40
1.125
309
GRIDFORMAT_END
 95
        8
302
GRIDFORMAT
  1
GRIDFORMAT_BEGIN
 90
        0
 91
        1
 62
     0
 92
       -2
340
0
 93
        0
 40
1.125
309
GRIDFORMAT_END
 95
       16
302
GRIDFORMAT
  1
GRIDFORMAT_BEGIN
 90
        0
 91
        1
 62
     0
 92
       -2
340
0
 93
        0
 40
1.125
309
GRIDFORMAT_END
 95
       32
302
GRIDFORMAT
  1
GRIDFORMAT_BEGIN
 90
        0
 91
        1
 62
     0
 92
       -2
340
0
 93
        0
 40
1.125
309
GRIDFORMAT_END
309
TABLEFORMAT_END
  1
CELLSTYLE_BEGIN
 90
        1
 91
        1
300
_TITLE
309
CELLSTYLE_END
  0
DICTIONARY
  5
E33
102
{ACAD_REACTORS
330
C
102
}
330
C
100
AcDbDictionary
281
     1
  3
A0
350
E34
  3
A1
350
E35
  3
A2
350
E36
  3
A3
350
E37
  3
A4
350
E38
  3
A5
350
E39
  3
A6
350
E3A
  3
A7
350
E3B
  3
A8
350
E3C
  3
A9
350
E3D
  3
B0
350
E3E
  3
B1
350
E3F
  3
B2
350
E40
  3
B3
350
E41
  3
B4
350
E42
  3
B5
350
E43
  3
B6
350
E44
  0
SCALE
  5
E34
102
{ACAD_REACTORS
330
E33
102
}
330
E33
100
AcDbScale
 70
     0
300
1:1
140
1.0
141
1.0
290
     1
  0
SCALE
  5
E35
102
{ACAD_REACTORS
330
E33
102
}
330
E33
100
AcDbScale
 70
     0
300
1:2
140
1.0
141
2.0
290
     0
  0
SCALE
  5
E36
102
{ACAD_REACTORS
330
E33
102
}
330
E33
100
AcDbScale
 70
     0
300
1:4
140
1.0
141
4.0
290
     0
  0
SCALE
  5
E37
102
{ACAD_REACTORS
330
E33
102
}
330
E33
100
AcDbScale
 70
     0
300
1:5
140
1.0
141
5.0
290
     0
  0
SCALE
  5
E38
102
{ACAD_REACTORS
330
E33
102
}
330
E33
100
AcDbScale
 70
     0
300
1:8
140
1.0
141
8.0
290
     0
  0
SCALE
  5
E39
102
{ACAD_REACTORS
330
E33
102
}
330
E33
100
AcDbScale
 70
     0
300
1:10
140
1.0
141
10.0
290
     0
  0
SCALE
  5
E3A
102
{ACAD_REACTORS
330
E33
102
}
330
E33
100
AcDbScale
 70
     0
300
1:16
140
1.0
141
16.0
290
     0
  0
SCALE
  5
E3B
102
{ACAD_REACTORS
330
E33
102
}
330
E33
100
AcDbScale
 70
     0
300
1:20
140
1.0
141
20.0
290
     0
  0
SCALE
  5
E3C
102
{ACAD_REACTORS
330
E33
102
}
330
E33
100
AcDbScale
 70
     0
300
1:30
140
1.0
141
30.0
290
     0
  0
SCALE
  5
E3D
102
{ACAD_REACTORS
330
E33
102
}
330
E33
100
AcDbScale
 70
     0
300
1:40
140
1.0
141
40.0
290
     0
  0
SCALE
  5
E3E
102
{ACAD_REACTORS
330
E33
102
}
330
E33
100
AcDbScale
 70
     0
300
1:50
140
1.0
141
50.0
290
     0
  0
SCALE
  5
E3F
102
{ACAD_REACTORS
330
E33
102
}
330
E33
100
AcDbScale
 70
     0
300
1:100
140
1.0
141
100.0
290
     0
  0
SCALE
  5
E40
102
{ACAD_REACTORS
330
E33
102
}
330
E33
100
AcDbScale
 70
     0
300
2:1
140
2.0
141
1.0
290
     0
  0
SCALE
  5
E41
102
{ACAD_REACTORS
330
E33
102
}
330
E33
100
AcDbScale
 70
     0
300
4:1
140
4.0
141
1.0
290
     0
  0
SCALE
  5
E42
102
{ACAD_REACTORS
330
E33
102
}
330
E33
100
AcDbScale
 70
     0
300
8:1
140
8.0
141
1.0
290
     0
  0
SCALE
  5
E43
102
{ACAD_REACTORS
330
E33
102
}
330
E33
100
AcDbScale
 70
     0
300
10:1
140
10.0
141
1.0
290
     0
  0
SCALE
  5
E44
102
{ACAD_REACTORS
330
E33
102
}
330
E33
100
AcDbScale
 70
     0
300
100:1
140
100.0
141
1.0
290
     0
  0
DICTIONARY
  5
E45
102
{ACAD_REACTORS
330
C
102
}
330
C
100
AcDbDictionary
281
     1
  3
Standard
350
E46
  0
MLEADERSTYLE
  5
E46
102
{ACAD_REACTORS
330
E45
102
}
330
E45
100
AcDbMLeaderStyle
179
     2
170
     2
171
     1
172
     0
 90
        2
 40
0.0
 41
0.0
173
     1
 91
-1056964608
340
14
 92
       -2
290
     1
 42
2.0
291
     1
 43
0.36
  3
Standard
341
0
 44
4.0
300

342
11
174
     1
178
     6
175
     1
176
     0
 93
-1056964608
 45
4.0
292
     0
297
     0
 46
4.0
343
0
 94
-1056964608
 47
1.0
 49
1.0
140
1.0
293
     1
141
0.0
294
     1
177
     0
142
1.0
295
     0
296
     0
143
0.125
271
     0
273
     9
272
     9
298
     1
  0
DICTIONARY
  5
E47
102
{ACAD_REACTORS
330
C
102
}
330
C
100
AcDbDictionary
281
     1
  3
Metric50
350
E48
  0
ACDBSECTIONVIEWSTYLE
  5
E48
102
{ACAD_REACTORS
330
E47
102
}
330
E47
100
AcDbModelDocViewStyle
 70
     0
  3
Metric50
290
     0
300
Metric50
 90
        0
100
AcDbSectionViewStyle
 70
     0
 71
     0
 90
      102
 71
     1
340
11
 62
     0
 40
5.0
340
0
340
0
 62
     0
 40
5.0
300
I, O, Q, S, X, Z
 40
10.0
 90
        0
 40
2.5
 90
        0
 71
     2
340
16
 90
       25
 62
     0
340
16
 90
       50
 62
     0
 40
5.0
 40
2.5
 40
5.0
 71
     3
340
11
 62
     0
 40
5.0
 90
        0
 40
15.0
 90
        1
300
%<\AcVar ViewSectionStartId>%-%<\AcVar ViewSectionEndId>% (%<\AcVar ViewScale \f "%sn">%)
 71
     4
 62
     0
 62
   257
300
ANSI31
 40
1.0
 90
        0
290
     0
290
     0
 90
        6
 40
0.0
 40
1.570796326794897
 40
0.2617993877991494
 40
1.308996938995747
 40
-0.2617993877991494
 40
1.832595714594046
  0
DICTIONARY
  5
E49
102
{ACAD_REACTORS
330
C
102
}
330
C
100
AcDbDictionary
281
     1
  3
Metric50
350
E4A
  0
ACDBDETAILVIEWSTYLE
  5
E4A
102
{ACAD_REACTORS
330
E49
102
}
330
E49
100
AcDbModelDocViewStyle
 70
     0
  3
Metric50
290
     0
300
Metric50
 90
        0
100
AcDbDetailViewStyle
 70
     0
 71
     0
 90
        3
 71
     1
340
11
 62
     0
 40
5.0
340
0
 62
     0
 40
5.0
300

 40
0.0
280
     1
 71
     2
340
16
 90
       25
 62
     0
 71
     3
340
11
 62
     0
 40
5.0
 90
        0
 40
15.0
 90
        1
300
%<\AcVar ViewDetailId>% (%<\AcVar ViewScale \f "%sn">%)
 71
     4
340
16
 90
       25
 62
     0
340
16
 90
       25
 62
     0
280
     0
  0
DICTIONARY
  5
E4B
102
{ACAD_REACTORS
330
C
102
}
330
C
100
AcDbDictionary
281
     1
  3
CANNOSCALE
350
E50
  3
CMLEADERSTYLE
350
E4D
  3
CTABLESTYLE
350
E4C
  3
CVIEWDETAILSTYLE
350
E4E
  3
CVIEWSECTIONSTYLE
350
E4F
  0
DICTIONARYVAR
  5
E4C
102
{ACAD_REACTORS
330
E4B
102
}
330
E4B
100
DictionaryVariables
280
     0
  1
STANDARD
  0
DICTIONARYVAR
  5
E4D
102
{ACAD_REACTORS
330
E4B
102
}
330
E4B
100
DictionaryVariables
280
     0
  1
STANDARD
  0
DICTIONARYVAR
  5
E4E
102
{ACAD_REACTORS
330
E4B
102
}
330
E4B
100
DictionaryVariables
280
     0
  1
Metric50
  0
DICTIONARYVAR
  5
E4F
102
{ACAD_REACTORS
330
E4B
102
}
330
E4B
100
DictionaryVariables
280
     0
  1
Metric50
  0
DICTIONARYVAR
  5
E50
102
{ACAD_REACTORS
330
E4B
102
}
330
E4B
100
DictionaryVariables
280
     0
  1
1:1
  0
ENDSEC
  0
SECTION
  2
THUMBNAILIMAGE
 90
       94
310
5A0000000101DE010000500000000000000000000000000000000000000000000000000000000000000000000000000000000000000000000000000000000000000000000000000000000000000000000000000000000000000000000000
  0
ENDSEC
  0
EOF
