Command line invocation:
    /Applications/Xcode-beta.app/Contents/Developer/usr/bin/xcodebuild -project /var/folders/42/c0cl6_w541l5dyv2jjnh0f0w0000gn/T/tessera-native-services-debf4aya/project/TesseraInteractions.xcodeproj -scheme DeviceInteractionTests -destination id=9108AFCE-E437-42FF-A946-C41349BE6540 -derivedDataPath /var/folders/42/c0cl6_w541l5dyv2jjnh0f0w0000gn/T/tessera-native-services-debf4aya/build -resultBundlePath /var/folders/42/c0cl6_w541l5dyv2jjnh0f0w0000gn/T/tessera-native-services-debf4aya/run.xcresult -collect-test-diagnostics never test

Writing result bundle at path:
	/var/folders/42/c0cl6_w541l5dyv2jjnh0f0w0000gn/T/tessera-native-services-debf4aya/run.xcresult

ComputePackagePrebuildTargetDependencyGraph

Prepare packages

CreateBuildRequest

SendProjectDescription

CreateBuildOperation

ComputeTargetDependencyGraph
note: Building targets in dependency order
note: Target dependency graph (1 target)
    Target 'DeviceInteractionTests' in project 'TesseraInteractions' (no dependencies)

GatherProvisioningInputs

CreateBuildDescription

ExecuteExternalTool /Applications/Xcode-beta.app/Contents/Developer/Toolchains/XcodeDefault.xctoolchain/usr/bin/clang -v -E -dM -isysroot /Applications/Xcode-beta.app/Contents/Developer/Platforms/iPhoneSimulator.platform/Developer/SDKs/iPhoneSimulator27.0.sdk -x c -c /dev/null

ExecuteExternalTool /Applications/Xcode-beta.app/Contents/Developer/Toolchains/XcodeDefault.xctoolchain/usr/bin/swiftc --version

ExecuteExternalTool /Applications/Xcode-beta.app/Contents/Developer/Toolchains/XcodeDefault.xctoolchain/usr/bin/ld -version_details

Build description signature: 493fd7d812f99ec836ca483bbd686e40
Build description path: /var/folders/42/c0cl6_w541l5dyv2jjnh0f0w0000gn/T/tessera-native-services-debf4aya/build/Build/Intermediates.noindex/XCBuildData/493fd7d812f99ec836ca483bbd686e40.xcbuilddata
CreateBuildDirectory /var/folders/42/c0cl6_w541l5dyv2jjnh0f0w0000gn/T/tessera-native-services-debf4aya/build/SDKExplicitPrecompiledModules
    cd /var/folders/42/c0cl6_w541l5dyv2jjnh0f0w0000gn/T/tessera-native-services-debf4aya/project/TesseraInteractions.xcodeproj
    builtin-create-build-directory /var/folders/42/c0cl6_w541l5dyv2jjnh0f0w0000gn/T/tessera-native-services-debf4aya/build/SDKExplicitPrecompiledModules

CreateBuildDirectory /var/folders/42/c0cl6_w541l5dyv2jjnh0f0w0000gn/T/tessera-native-services-debf4aya/build/ModuleCache.noindex
    cd /var/folders/42/c0cl6_w541l5dyv2jjnh0f0w0000gn/T/tessera-native-services-debf4aya/project/TesseraInteractions.xcodeproj
    builtin-create-build-directory /var/folders/42/c0cl6_w541l5dyv2jjnh0f0w0000gn/T/tessera-native-services-debf4aya/build/ModuleCache.noindex

CreateBuildDirectory /var/folders/42/c0cl6_w541l5dyv2jjnh0f0w0000gn/T/tessera-native-services-debf4aya/build/CompilationCache.noindex
    cd /var/folders/42/c0cl6_w541l5dyv2jjnh0f0w0000gn/T/tessera-native-services-debf4aya/project/TesseraInteractions.xcodeproj
    builtin-create-build-directory /var/folders/42/c0cl6_w541l5dyv2jjnh0f0w0000gn/T/tessera-native-services-debf4aya/build/CompilationCache.noindex

CreateBuildDirectory /var/folders/42/c0cl6_w541l5dyv2jjnh0f0w0000gn/T/tessera-native-services-debf4aya/build/Build/Intermediates.noindex
    cd /var/folders/42/c0cl6_w541l5dyv2jjnh0f0w0000gn/T/tessera-native-services-debf4aya/project/TesseraInteractions.xcodeproj
    builtin-create-build-directory /var/folders/42/c0cl6_w541l5dyv2jjnh0f0w0000gn/T/tessera-native-services-debf4aya/build/Build/Intermediates.noindex

CreateBuildDirectory /var/folders/42/c0cl6_w541l5dyv2jjnh0f0w0000gn/T/tessera-native-services-debf4aya/build/Build/Products
    cd /var/folders/42/c0cl6_w541l5dyv2jjnh0f0w0000gn/T/tessera-native-services-debf4aya/project/TesseraInteractions.xcodeproj
    builtin-create-build-directory /var/folders/42/c0cl6_w541l5dyv2jjnh0f0w0000gn/T/tessera-native-services-debf4aya/build/Build/Products

ClangStatCache /Applications/Xcode-beta.app/Contents/Developer/Toolchains/XcodeDefault.xctoolchain/usr/bin/clang-stat-cache /Applications/Xcode-beta.app/Contents/Developer/Platforms/iPhoneSimulator.platform/Developer/SDKs/iPhoneSimulator27.0.sdk /var/folders/42/c0cl6_w541l5dyv2jjnh0f0w0000gn/T/tessera-native-services-debf4aya/build/SDKStatCaches.noindex/iphonesimulator27.0-24A5408c-be13878bbdcd767c5c3aec63d1bf53923243818bda632a4370e1cc7a9fd181c5.sdkstatcache
    cd /var/folders/42/c0cl6_w541l5dyv2jjnh0f0w0000gn/T/tessera-native-services-debf4aya/project/TesseraInteractions.xcodeproj
    /Applications/Xcode-beta.app/Contents/Developer/Toolchains/XcodeDefault.xctoolchain/usr/bin/clang-stat-cache /Applications/Xcode-beta.app/Contents/Developer/Platforms/iPhoneSimulator.platform/Developer/SDKs/iPhoneSimulator27.0.sdk -o /var/folders/42/c0cl6_w541l5dyv2jjnh0f0w0000gn/T/tessera-native-services-debf4aya/build/SDKStatCaches.noindex/iphonesimulator27.0-24A5408c-be13878bbdcd767c5c3aec63d1bf53923243818bda632a4370e1cc7a9fd181c5.sdkstatcache

CreateBuildDirectory /var/folders/42/c0cl6_w541l5dyv2jjnh0f0w0000gn/T/tessera-native-services-debf4aya/build/Build/Intermediates.noindex/ExplicitPrecompiledModules
    cd /var/folders/42/c0cl6_w541l5dyv2jjnh0f0w0000gn/T/tessera-native-services-debf4aya/project/TesseraInteractions.xcodeproj
    builtin-create-build-directory /var/folders/42/c0cl6_w541l5dyv2jjnh0f0w0000gn/T/tessera-native-services-debf4aya/build/Build/Intermediates.noindex/ExplicitPrecompiledModules

CreateBuildDirectory /var/folders/42/c0cl6_w541l5dyv2jjnh0f0w0000gn/T/tessera-native-services-debf4aya/build/Build/Intermediates.noindex/PrecompiledHeaders
    cd /var/folders/42/c0cl6_w541l5dyv2jjnh0f0w0000gn/T/tessera-native-services-debf4aya/project/TesseraInteractions.xcodeproj
    builtin-create-build-directory /var/folders/42/c0cl6_w541l5dyv2jjnh0f0w0000gn/T/tessera-native-services-debf4aya/build/Build/Intermediates.noindex/PrecompiledHeaders

CreateBuildDirectory /var/folders/42/c0cl6_w541l5dyv2jjnh0f0w0000gn/T/tessera-native-services-debf4aya/build/Build/Intermediates.noindex/SwiftExplicitPrecompiledModules
    cd /var/folders/42/c0cl6_w541l5dyv2jjnh0f0w0000gn/T/tessera-native-services-debf4aya/project/TesseraInteractions.xcodeproj
    builtin-create-build-directory /var/folders/42/c0cl6_w541l5dyv2jjnh0f0w0000gn/T/tessera-native-services-debf4aya/build/Build/Intermediates.noindex/SwiftExplicitPrecompiledModules

CreateBuildDirectory /var/folders/42/c0cl6_w541l5dyv2jjnh0f0w0000gn/T/tessera-native-services-debf4aya/build/Build/Intermediates.noindex/EagerLinkingTBDs/Debug-iphonesimulator
    cd /var/folders/42/c0cl6_w541l5dyv2jjnh0f0w0000gn/T/tessera-native-services-debf4aya/project/TesseraInteractions.xcodeproj
    builtin-create-build-directory /var/folders/42/c0cl6_w541l5dyv2jjnh0f0w0000gn/T/tessera-native-services-debf4aya/build/Build/Intermediates.noindex/EagerLinkingTBDs/Debug-iphonesimulator

WriteAuxiliaryFile /var/folders/42/c0cl6_w541l5dyv2jjnh0f0w0000gn/T/tessera-native-services-debf4aya/build/Build/Intermediates.noindex/TesseraInteractions.build/Debug-iphonesimulator/TesseraInteractions-38e5303e7335c4f66eba96000e6c6e20-VFS-iphonesimulator/all-product-headers.yaml
    cd /var/folders/42/c0cl6_w541l5dyv2jjnh0f0w0000gn/T/tessera-native-services-debf4aya/project/TesseraInteractions.xcodeproj
    write-file /var/folders/42/c0cl6_w541l5dyv2jjnh0f0w0000gn/T/tessera-native-services-debf4aya/build/Build/Intermediates.noindex/TesseraInteractions.build/Debug-iphonesimulator/TesseraInteractions-38e5303e7335c4f66eba96000e6c6e20-VFS-iphonesimulator/all-product-headers.yaml

CreateBuildDirectory /var/folders/42/c0cl6_w541l5dyv2jjnh0f0w0000gn/T/tessera-native-services-debf4aya/build/Build/Products/Debug-iphonesimulator
    cd /var/folders/42/c0cl6_w541l5dyv2jjnh0f0w0000gn/T/tessera-native-services-debf4aya/project/TesseraInteractions.xcodeproj
    builtin-create-build-directory /var/folders/42/c0cl6_w541l5dyv2jjnh0f0w0000gn/T/tessera-native-services-debf4aya/build/Build/Products/Debug-iphonesimulator

WriteAuxiliaryFile /var/folders/42/c0cl6_w541l5dyv2jjnh0f0w0000gn/T/tessera-native-services-debf4aya/build/Build/Intermediates.noindex/TesseraInteractions.build/Debug-iphonesimulator/DeviceInteractionTests.build/ProductTypeInfoPlistAdditions.plist (in target 'DeviceInteractionTests' from project 'TesseraInteractions')
    cd /var/folders/42/c0cl6_w541l5dyv2jjnh0f0w0000gn/T/tessera-native-services-debf4aya/project
    write-file /var/folders/42/c0cl6_w541l5dyv2jjnh0f0w0000gn/T/tessera-native-services-debf4aya/build/Build/Intermediates.noindex/TesseraInteractions.build/Debug-iphonesimulator/DeviceInteractionTests.build/ProductTypeInfoPlistAdditions.plist

WriteAuxiliaryFile /var/folders/42/c0cl6_w541l5dyv2jjnh0f0w0000gn/T/tessera-native-services-debf4aya/build/Build/Intermediates.noindex/TesseraInteractions.build/Debug-iphonesimulator/DeviceInteractionTests.build/DeviceInteractionTests.DependencyStaticMetadataFileList (in target 'DeviceInteractionTests' from project 'TesseraInteractions')
    cd /var/folders/42/c0cl6_w541l5dyv2jjnh0f0w0000gn/T/tessera-native-services-debf4aya/project
    write-file /var/folders/42/c0cl6_w541l5dyv2jjnh0f0w0000gn/T/tessera-native-services-debf4aya/build/Build/Intermediates.noindex/TesseraInteractions.build/Debug-iphonesimulator/DeviceInteractionTests.build/DeviceInteractionTests.DependencyStaticMetadataFileList

WriteAuxiliaryFile /var/folders/42/c0cl6_w541l5dyv2jjnh0f0w0000gn/T/tessera-native-services-debf4aya/build/Build/Intermediates.noindex/TesseraInteractions.build/Debug-iphonesimulator/DeviceInteractionTests.build/DeviceInteractionTests.hmap (in target 'DeviceInteractionTests' from project 'TesseraInteractions')
    cd /var/folders/42/c0cl6_w541l5dyv2jjnh0f0w0000gn/T/tessera-native-services-debf4aya/project
    write-file /var/folders/42/c0cl6_w541l5dyv2jjnh0f0w0000gn/T/tessera-native-services-debf4aya/build/Build/Intermediates.noindex/TesseraInteractions.build/Debug-iphonesimulator/DeviceInteractionTests.build/DeviceInteractionTests.hmap

WriteAuxiliaryFile /var/folders/42/c0cl6_w541l5dyv2jjnh0f0w0000gn/T/tessera-native-services-debf4aya/build/Build/Intermediates.noindex/TesseraInteractions.build/Debug-iphonesimulator/DeviceInteractionTests.build/DeviceInteractionTests.DependencyMetadataFileList (in target 'DeviceInteractionTests' from project 'TesseraInteractions')
    cd /var/folders/42/c0cl6_w541l5dyv2jjnh0f0w0000gn/T/tessera-native-services-debf4aya/project
    write-file /var/folders/42/c0cl6_w541l5dyv2jjnh0f0w0000gn/T/tessera-native-services-debf4aya/build/Build/Intermediates.noindex/TesseraInteractions.build/Debug-iphonesimulator/DeviceInteractionTests.build/DeviceInteractionTests.DependencyMetadataFileList

WriteAuxiliaryFile /var/folders/42/c0cl6_w541l5dyv2jjnh0f0w0000gn/T/tessera-native-services-debf4aya/build/Build/Intermediates.noindex/TesseraInteractions.build/Debug-iphonesimulator/DeviceInteractionTests.build/DeviceInteractionTests-project-headers.hmap (in target 'DeviceInteractionTests' from project 'TesseraInteractions')
    cd /var/folders/42/c0cl6_w541l5dyv2jjnh0f0w0000gn/T/tessera-native-services-debf4aya/project
    write-file /var/folders/42/c0cl6_w541l5dyv2jjnh0f0w0000gn/T/tessera-native-services-debf4aya/build/Build/Intermediates.noindex/TesseraInteractions.build/Debug-iphonesimulator/DeviceInteractionTests.build/DeviceInteractionTests-project-headers.hmap

WriteAuxiliaryFile /var/folders/42/c0cl6_w541l5dyv2jjnh0f0w0000gn/T/tessera-native-services-debf4aya/build/Build/Intermediates.noindex/TesseraInteractions.build/Debug-iphonesimulator/DeviceInteractionTests.build/empty-DeviceInteractionTests.plist (in target 'DeviceInteractionTests' from project 'TesseraInteractions')
    cd /var/folders/42/c0cl6_w541l5dyv2jjnh0f0w0000gn/T/tessera-native-services-debf4aya/project
    write-file /var/folders/42/c0cl6_w541l5dyv2jjnh0f0w0000gn/T/tessera-native-services-debf4aya/build/Build/Intermediates.noindex/TesseraInteractions.build/Debug-iphonesimulator/DeviceInteractionTests.build/empty-DeviceInteractionTests.plist

WriteAuxiliaryFile /var/folders/42/c0cl6_w541l5dyv2jjnh0f0w0000gn/T/tessera-native-services-debf4aya/build/Build/Intermediates.noindex/TesseraInteractions.build/Debug-iphonesimulator/DeviceInteractionTests.build/DeviceInteractionTests-own-target-headers.hmap (in target 'DeviceInteractionTests' from project 'TesseraInteractions')
    cd /var/folders/42/c0cl6_w541l5dyv2jjnh0f0w0000gn/T/tessera-native-services-debf4aya/project
    write-file /var/folders/42/c0cl6_w541l5dyv2jjnh0f0w0000gn/T/tessera-native-services-debf4aya/build/Build/Intermediates.noindex/TesseraInteractions.build/Debug-iphonesimulator/DeviceInteractionTests.build/DeviceInteractionTests-own-target-headers.hmap

WriteAuxiliaryFile /var/folders/42/c0cl6_w541l5dyv2jjnh0f0w0000gn/T/tessera-native-services-debf4aya/build/Build/Intermediates.noindex/TesseraInteractions.build/Debug-iphonesimulator/DeviceInteractionTests.build/DeviceInteractionTests-generated-files.hmap (in target 'DeviceInteractionTests' from project 'TesseraInteractions')
    cd /var/folders/42/c0cl6_w541l5dyv2jjnh0f0w0000gn/T/tessera-native-services-debf4aya/project
    write-file /var/folders/42/c0cl6_w541l5dyv2jjnh0f0w0000gn/T/tessera-native-services-debf4aya/build/Build/Intermediates.noindex/TesseraInteractions.build/Debug-iphonesimulator/DeviceInteractionTests.build/DeviceInteractionTests-generated-files.hmap

WriteAuxiliaryFile /var/folders/42/c0cl6_w541l5dyv2jjnh0f0w0000gn/T/tessera-native-services-debf4aya/build/Build/Intermediates.noindex/TesseraInteractions.build/Debug-iphonesimulator/DeviceInteractionTests.build/DeviceInteractionTests-all-target-headers.hmap (in target 'DeviceInteractionTests' from project 'TesseraInteractions')
    cd /var/folders/42/c0cl6_w541l5dyv2jjnh0f0w0000gn/T/tessera-native-services-debf4aya/project
    write-file /var/folders/42/c0cl6_w541l5dyv2jjnh0f0w0000gn/T/tessera-native-services-debf4aya/build/Build/Intermediates.noindex/TesseraInteractions.build/Debug-iphonesimulator/DeviceInteractionTests.build/DeviceInteractionTests-all-target-headers.hmap

WriteAuxiliaryFile /var/folders/42/c0cl6_w541l5dyv2jjnh0f0w0000gn/T/tessera-native-services-debf4aya/build/Build/Intermediates.noindex/TesseraInteractions.build/Debug-iphonesimulator/DeviceInteractionTests.build/Objects-normal/arm64/DeviceInteractionTests.LinkFileList (in target 'DeviceInteractionTests' from project 'TesseraInteractions')
    cd /var/folders/42/c0cl6_w541l5dyv2jjnh0f0w0000gn/T/tessera-native-services-debf4aya/project
    write-file /var/folders/42/c0cl6_w541l5dyv2jjnh0f0w0000gn/T/tessera-native-services-debf4aya/build/Build/Intermediates.noindex/TesseraInteractions.build/Debug-iphonesimulator/DeviceInteractionTests.build/Objects-normal/arm64/DeviceInteractionTests.LinkFileList

WriteAuxiliaryFile /var/folders/42/c0cl6_w541l5dyv2jjnh0f0w0000gn/T/tessera-native-services-debf4aya/build/Build/Intermediates.noindex/TesseraInteractions.build/Debug-iphonesimulator/DeviceInteractionTests.build/Objects-normal/arm64/DeviceInteractionTests.SwiftFileList (in target 'DeviceInteractionTests' from project 'TesseraInteractions')
    cd /var/folders/42/c0cl6_w541l5dyv2jjnh0f0w0000gn/T/tessera-native-services-debf4aya/project
    write-file /var/folders/42/c0cl6_w541l5dyv2jjnh0f0w0000gn/T/tessera-native-services-debf4aya/build/Build/Intermediates.noindex/TesseraInteractions.build/Debug-iphonesimulator/DeviceInteractionTests.build/Objects-normal/arm64/DeviceInteractionTests.SwiftFileList

WriteAuxiliaryFile /var/folders/42/c0cl6_w541l5dyv2jjnh0f0w0000gn/T/tessera-native-services-debf4aya/build/Build/Intermediates.noindex/TesseraInteractions.build/Debug-iphonesimulator/DeviceInteractionTests.build/Objects-normal/arm64/DeviceInteractionTests_const_extract_protocols.json (in target 'DeviceInteractionTests' from project 'TesseraInteractions')
    cd /var/folders/42/c0cl6_w541l5dyv2jjnh0f0w0000gn/T/tessera-native-services-debf4aya/project
    write-file /var/folders/42/c0cl6_w541l5dyv2jjnh0f0w0000gn/T/tessera-native-services-debf4aya/build/Build/Intermediates.noindex/TesseraInteractions.build/Debug-iphonesimulator/DeviceInteractionTests.build/Objects-normal/arm64/DeviceInteractionTests_const_extract_protocols.json

WriteAuxiliaryFile /var/folders/42/c0cl6_w541l5dyv2jjnh0f0w0000gn/T/tessera-native-services-debf4aya/build/Build/Intermediates.noindex/TesseraInteractions.build/Debug-iphonesimulator/DeviceInteractionTests.build/Objects-normal/arm64/DeviceInteractionTests.SwiftConstValuesFileList (in target 'DeviceInteractionTests' from project 'TesseraInteractions')
    cd /var/folders/42/c0cl6_w541l5dyv2jjnh0f0w0000gn/T/tessera-native-services-debf4aya/project
    write-file /var/folders/42/c0cl6_w541l5dyv2jjnh0f0w0000gn/T/tessera-native-services-debf4aya/build/Build/Intermediates.noindex/TesseraInteractions.build/Debug-iphonesimulator/DeviceInteractionTests.build/Objects-normal/arm64/DeviceInteractionTests.SwiftConstValuesFileList

WriteAuxiliaryFile /var/folders/42/c0cl6_w541l5dyv2jjnh0f0w0000gn/T/tessera-native-services-debf4aya/build/Build/Intermediates.noindex/TesseraInteractions.build/Debug-iphonesimulator/DeviceInteractionTests.build/Objects-normal/arm64/DeviceInteractionTests-OutputFileMap.json (in target 'DeviceInteractionTests' from project 'TesseraInteractions')
    cd /var/folders/42/c0cl6_w541l5dyv2jjnh0f0w0000gn/T/tessera-native-services-debf4aya/project
    write-file /var/folders/42/c0cl6_w541l5dyv2jjnh0f0w0000gn/T/tessera-native-services-debf4aya/build/Build/Intermediates.noindex/TesseraInteractions.build/Debug-iphonesimulator/DeviceInteractionTests.build/Objects-normal/arm64/DeviceInteractionTests-OutputFileMap.json

WriteAuxiliaryFile /var/folders/42/c0cl6_w541l5dyv2jjnh0f0w0000gn/T/tessera-native-services-debf4aya/build/Build/Intermediates.noindex/TesseraInteractions.build/Debug-iphonesimulator/DeviceInteractionTests.build/DeviceInteractionTests-all-non-framework-target-headers.hmap (in target 'DeviceInteractionTests' from project 'TesseraInteractions')
    cd /var/folders/42/c0cl6_w541l5dyv2jjnh0f0w0000gn/T/tessera-native-services-debf4aya/project
    write-file /var/folders/42/c0cl6_w541l5dyv2jjnh0f0w0000gn/T/tessera-native-services-debf4aya/build/Build/Intermediates.noindex/TesseraInteractions.build/Debug-iphonesimulator/DeviceInteractionTests.build/DeviceInteractionTests-all-non-framework-target-headers.hmap

MkDir /var/folders/42/c0cl6_w541l5dyv2jjnh0f0w0000gn/T/tessera-native-services-debf4aya/build/Build/Products/Debug-iphonesimulator/DeviceInteractionTests-Runner.app/PlugIns/DeviceInteractionTests.xctest (in target 'DeviceInteractionTests' from project 'TesseraInteractions')
    cd /var/folders/42/c0cl6_w541l5dyv2jjnh0f0w0000gn/T/tessera-native-services-debf4aya/project
    /bin/mkdir -p /var/folders/42/c0cl6_w541l5dyv2jjnh0f0w0000gn/T/tessera-native-services-debf4aya/build/Build/Products/Debug-iphonesimulator/DeviceInteractionTests-Runner.app/PlugIns/DeviceInteractionTests.xctest

ProcessInfoPlistFile /var/folders/42/c0cl6_w541l5dyv2jjnh0f0w0000gn/T/tessera-native-services-debf4aya/build/Build/Products/Debug-iphonesimulator/DeviceInteractionTests-Runner.app/PlugIns/DeviceInteractionTests.xctest/Info.plist /var/folders/42/c0cl6_w541l5dyv2jjnh0f0w0000gn/T/tessera-native-services-debf4aya/build/Build/Intermediates.noindex/TesseraInteractions.build/Debug-iphonesimulator/DeviceInteractionTests.build/empty-DeviceInteractionTests.plist (in target 'DeviceInteractionTests' from project 'TesseraInteractions')
    cd /var/folders/42/c0cl6_w541l5dyv2jjnh0f0w0000gn/T/tessera-native-services-debf4aya/project
    builtin-infoPlistUtility /var/folders/42/c0cl6_w541l5dyv2jjnh0f0w0000gn/T/tessera-native-services-debf4aya/build/Build/Intermediates.noindex/TesseraInteractions.build/Debug-iphonesimulator/DeviceInteractionTests.build/empty-DeviceInteractionTests.plist -producttype com.apple.product-type.bundle.ui-testing -expandbuildsettings -format binary -platform iphonesimulator -additionalcontentfile /var/folders/42/c0cl6_w541l5dyv2jjnh0f0w0000gn/T/tessera-native-services-debf4aya/build/Build/Intermediates.noindex/TesseraInteractions.build/Debug-iphonesimulator/DeviceInteractionTests.build/ProductTypeInfoPlistAdditions.plist -o /var/folders/42/c0cl6_w541l5dyv2jjnh0f0w0000gn/T/tessera-native-services-debf4aya/build/Build/Products/Debug-iphonesimulator/DeviceInteractionTests-Runner.app/PlugIns/DeviceInteractionTests.xctest/Info.plist

SwiftDriver DeviceInteractionTests normal arm64 com.apple.xcode.tools.swift.compiler (in target 'DeviceInteractionTests' from project 'TesseraInteractions')
    cd /var/folders/42/c0cl6_w541l5dyv2jjnh0f0w0000gn/T/tessera-native-services-debf4aya/project
    builtin-SwiftDriver -- /Applications/Xcode-beta.app/Contents/Developer/Toolchains/XcodeDefault.xctoolchain/usr/bin/swiftc -module-name DeviceInteractionTests -Onone @/var/folders/42/c0cl6_w541l5dyv2jjnh0f0w0000gn/T/tessera-native-services-debf4aya/build/Build/Intermediates.noindex/TesseraInteractions.build/Debug-iphonesimulator/DeviceInteractionTests.build/Objects-normal/arm64/DeviceInteractionTests.SwiftFileList -DDEBUG -module-alias Testing\=_Testing_Unavailable -plugin-path /Applications/Xcode-beta.app/Contents/Developer/Toolchains/XcodeDefault.xctoolchain/usr/lib/swift/host/plugins/testing -enable-bare-slash-regex -enable-experimental-feature DebugDescriptionMacro -sdk /Applications/Xcode-beta.app/Contents/Developer/Platforms/iPhoneSimulator.platform/Developer/SDKs/iPhoneSimulator27.0.sdk -target arm64-apple-ios18.0-simulator -g -module-cache-path /var/folders/42/c0cl6_w541l5dyv2jjnh0f0w0000gn/T/tessera-native-services-debf4aya/build/ModuleCache.noindex -Xfrontend -serialize-debugging-options -enable-testing -index-store-path /var/folders/42/c0cl6_w541l5dyv2jjnh0f0w0000gn/T/tessera-native-services-debf4aya/build/Index.noindex/DataStore -Xcc -D_LIBCPP_HARDENING_MODE\=_LIBCPP_HARDENING_MODE_DEBUG -swift-version 5 -I /var/folders/42/c0cl6_w541l5dyv2jjnh0f0w0000gn/T/tessera-native-services-debf4aya/build/Build/Products/Debug-iphonesimulator -Isystem /Applications/Xcode-beta.app/Contents/Developer/Platforms/iPhoneSimulator.platform/Developer/usr/lib -F /var/folders/42/c0cl6_w541l5dyv2jjnh0f0w0000gn/T/tessera-native-services-debf4aya/build/Build/Products/Debug-iphonesimulator -F /Applications/Xcode-beta.app/Contents/Developer/Platforms/iPhoneSimulator.platform/Developer/Library/Frameworks -F /Applications/Xcode-beta.app/Contents/Developer/Platforms/iPhoneSimulator.platform/Developer/SDKs/iPhoneSimulator27.0.sdk/Developer/Library/Frameworks -parse-as-library -c -j15 -enable-batch-mode -incremental -Xcc -ivfsstatcache -Xcc /var/folders/42/c0cl6_w541l5dyv2jjnh0f0w0000gn/T/tessera-native-services-debf4aya/build/SDKStatCaches.noindex/iphonesimulator27.0-24A5408c-be13878bbdcd767c5c3aec63d1bf53923243818bda632a4370e1cc7a9fd181c5.sdkstatcache -output-file-map /var/folders/42/c0cl6_w541l5dyv2jjnh0f0w0000gn/T/tessera-native-services-debf4aya/build/Build/Intermediates.noindex/TesseraInteractions.build/Debug-iphonesimulator/DeviceInteractionTests.build/Objects-normal/arm64/DeviceInteractionTests-OutputFileMap.json -save-temps -no-color-diagnostics -explicit-module-build -module-cache-path /var/folders/42/c0cl6_w541l5dyv2jjnh0f0w0000gn/T/tessera-native-services-debf4aya/build/Build/Intermediates.noindex/SwiftExplicitPrecompiledModules -clang-scanner-module-cache-path /var/folders/42/c0cl6_w541l5dyv2jjnh0f0w0000gn/T/tessera-native-services-debf4aya/build/ModuleCache.noindex -sdk-module-cache-path /var/folders/42/c0cl6_w541l5dyv2jjnh0f0w0000gn/T/tessera-native-services-debf4aya/build/SDKExplicitPrecompiledModules -emit-dependencies -emit-module -emit-module-path /var/folders/42/c0cl6_w541l5dyv2jjnh0f0w0000gn/T/tessera-native-services-debf4aya/build/Build/Intermediates.noindex/TesseraInteractions.build/Debug-iphonesimulator/DeviceInteractionTests.build/Objects-normal/arm64/DeviceInteractionTests.swiftmodule -serialize-diagnostics -dependency-scan-serialize-diagnostics-path /var/folders/42/c0cl6_w541l5dyv2jjnh0f0w0000gn/T/tessera-native-services-debf4aya/build/Build/Intermediates.noindex/TesseraInteractions.build/Debug-iphonesimulator/DeviceInteractionTests.build/Objects-normal/arm64/DeviceInteractionTests-dependency-scan.dia -validate-clang-modules-once -clang-build-session-file /var/folders/42/c0cl6_w541l5dyv2jjnh0f0w0000gn/T/tessera-native-services-debf4aya/build/ModuleCache.noindex/Session.modulevalidation -Xcc -fmodules-prune-interval\=86400 -Xcc -fmodules-prune-after\=345600 -emit-const-values -const-gather-protocols-list /var/folders/42/c0cl6_w541l5dyv2jjnh0f0w0000gn/T/tessera-native-services-debf4aya/build/Build/Intermediates.noindex/TesseraInteractions.build/Debug-iphonesimulator/DeviceInteractionTests.build/Objects-normal/arm64/DeviceInteractionTests_const_extract_protocols.json -Xcc -iquote -Xcc /var/folders/42/c0cl6_w541l5dyv2jjnh0f0w0000gn/T/tessera-native-services-debf4aya/build/Build/Intermediates.noindex/TesseraInteractions.build/Debug-iphonesimulator/DeviceInteractionTests.build/DeviceInteractionTests-generated-files.hmap -Xcc -I/var/folders/42/c0cl6_w541l5dyv2jjnh0f0w0000gn/T/tessera-native-services-debf4aya/build/Build/Intermediates.noindex/TesseraInteractions.build/Debug-iphonesimulator/DeviceInteractionTests.build/DeviceInteractionTests-own-target-headers.hmap -Xcc -I/var/folders/42/c0cl6_w541l5dyv2jjnh0f0w0000gn/T/tessera-native-services-debf4aya/build/Build/Intermediates.noindex/TesseraInteractions.build/Debug-iphonesimulator/DeviceInteractionTests.build/DeviceInteractionTests-all-target-headers.hmap -Xcc -iquote -Xcc /var/folders/42/c0cl6_w541l5dyv2jjnh0f0w0000gn/T/tessera-native-services-debf4aya/build/Build/Intermediates.noindex/TesseraInteractions.build/Debug-iphonesimulator/DeviceInteractionTests.build/DeviceInteractionTests-project-headers.hmap -Xcc -I/var/folders/42/c0cl6_w541l5dyv2jjnh0f0w0000gn/T/tessera-native-services-debf4aya/build/Build/Products/Debug-iphonesimulator/include -Xcc -I/var/folders/42/c0cl6_w541l5dyv2jjnh0f0w0000gn/T/tessera-native-services-debf4aya/build/Build/Intermediates.noindex/TesseraInteractions.build/Debug-iphonesimulator/DeviceInteractionTests.build/DerivedSources-normal/arm64 -Xcc -I/var/folders/42/c0cl6_w541l5dyv2jjnh0f0w0000gn/T/tessera-native-services-debf4aya/build/Build/Intermediates.noindex/TesseraInteractions.build/Debug-iphonesimulator/DeviceInteractionTests.build/DerivedSources/arm64 -Xcc -I/var/folders/42/c0cl6_w541l5dyv2jjnh0f0w0000gn/T/tessera-native-services-debf4aya/build/Build/Intermediates.noindex/TesseraInteractions.build/Debug-iphonesimulator/DeviceInteractionTests.build/DerivedSources -Xcc -DDEBUG\=1 -emit-objc-header -emit-objc-header-path /var/folders/42/c0cl6_w541l5dyv2jjnh0f0w0000gn/T/tessera-native-services-debf4aya/build/Build/Intermediates.noindex/TesseraInteractions.build/Debug-iphonesimulator/DeviceInteractionTests.build/Objects-normal/arm64/DeviceInteractionTests-Swift.h -working-directory /var/folders/42/c0cl6_w541l5dyv2jjnh0f0w0000gn/T/tessera-native-services-debf4aya/project -experimental-emit-module-separately -disable-cmo

SwiftExplicitDependencyGeneratePcm arm64 /var/folders/42/c0cl6_w541l5dyv2jjnh0f0w0000gn/T/tessera-native-services-debf4aya/build/SDKExplicitPrecompiledModules/ptrcheck-9S58A9M1E4U3CNYSOBN065YSX.pcm

SwiftExplicitDependencyGeneratePcm arm64 /var/folders/42/c0cl6_w541l5dyv2jjnh0f0w0000gn/T/tessera-native-services-debf4aya/build/SDKExplicitPrecompiledModules/_Builtin_float-38WKS435NE3NHU6BN129BP7TT.pcm

SwiftExplicitDependencyGeneratePcm arm64 /var/folders/42/c0cl6_w541l5dyv2jjnh0f0w0000gn/T/tessera-native-services-debf4aya/build/SDKExplicitPrecompiledModules/SwiftShims-1Q75DI7BJDU7N3Y35RUFZO9LA.pcm

SwiftExplicitDependencyGeneratePcm arm64 /var/folders/42/c0cl6_w541l5dyv2jjnh0f0w0000gn/T/tessera-native-services-debf4aya/build/SDKExplicitPrecompiledModules/_Builtin_stddef-4YWSESCKFP8Z50MPOUSYLXW0Y.pcm

SwiftExplicitDependencyGeneratePcm arm64 /var/folders/42/c0cl6_w541l5dyv2jjnh0f0w0000gn/T/tessera-native-services-debf4aya/build/SDKExplicitPrecompiledModules/ptrauth-BKKZSDCZOS7O44UC2ERX17N8W.pcm

SwiftExplicitDependencyGeneratePcm arm64 /var/folders/42/c0cl6_w541l5dyv2jjnh0f0w0000gn/T/tessera-native-services-debf4aya/build/SDKExplicitPrecompiledModules/_Builtin_stdbool-DTP1JR6C9NLO2076JTS4GKH42.pcm

SwiftExplicitDependencyGeneratePcm arm64 /var/folders/42/c0cl6_w541l5dyv2jjnh0f0w0000gn/T/tessera-native-services-debf4aya/build/SDKExplicitPrecompiledModules/_Builtin_stdarg-2OIN8ALB1EKL4ZOGPXOYZVIJU.pcm

SwiftExplicitDependencyGeneratePcm arm64 /var/folders/42/c0cl6_w541l5dyv2jjnh0f0w0000gn/T/tessera-native-services-debf4aya/build/SDKExplicitPrecompiledModules/_AvailabilityInternal-2NC5BLTA9247RR4QXLWF4Q76V.pcm

SwiftExplicitDependencyGeneratePcm arm64 /var/folders/42/c0cl6_w541l5dyv2jjnh0f0w0000gn/T/tessera-native-services-debf4aya/build/SDKExplicitPrecompiledModules/DeveloperToolsSupport-AJBFRYGR6RAI72ONW21RQGWT1.pcm

SwiftExplicitDependencyGeneratePcm arm64 /var/folders/42/c0cl6_w541l5dyv2jjnh0f0w0000gn/T/tessera-native-services-debf4aya/build/SDKExplicitPrecompiledModules/_SwiftConcurrencyShims-645CZNJK0LOFDES2L7J7ASWS8.pcm

SwiftExplicitDependencyGeneratePcm arm64 /var/folders/42/c0cl6_w541l5dyv2jjnh0f0w0000gn/T/tessera-native-services-debf4aya/build/SDKExplicitPrecompiledModules/_DarwinFoundation1-CZ43EBES631V42VOHJSE1O2U2.pcm

SwiftExplicitDependencyGeneratePcm arm64 /var/folders/42/c0cl6_w541l5dyv2jjnh0f0w0000gn/T/tessera-native-services-debf4aya/build/SDKExplicitPrecompiledModules/_DarwinFoundation2-11L7GJ7KOO2SVITU7OQ4Y2KLH.pcm

SwiftExplicitDependencyGeneratePcm arm64 /var/folders/42/c0cl6_w541l5dyv2jjnh0f0w0000gn/T/tessera-native-services-debf4aya/build/SDKExplicitPrecompiledModules/_Builtin_limits-INB3PPXI2P6I30OHOHGH47D9.pcm

SwiftExplicitDependencyGeneratePcm arm64 /var/folders/42/c0cl6_w541l5dyv2jjnh0f0w0000gn/T/tessera-native-services-debf4aya/build/SDKExplicitPrecompiledModules/_Builtin_stdint-SGTILUKHO39DQ70D46DRZD6K.pcm

SwiftExplicitDependencyGeneratePcm arm64 /var/folders/42/c0cl6_w541l5dyv2jjnh0f0w0000gn/T/tessera-native-services-debf4aya/build/SDKExplicitPrecompiledModules/sys_types-CPVYF0922KNTPZE9LZD6SHFKU.pcm

SwiftExplicitDependencyGeneratePcm arm64 /var/folders/42/c0cl6_w541l5dyv2jjnh0f0w0000gn/T/tessera-native-services-debf4aya/build/SDKExplicitPrecompiledModules/_Builtin_tgmath-BE9P53UFJMYVOWV7409DGAF75.pcm

SwiftExplicitDependencyGeneratePcm arm64 /var/folders/42/c0cl6_w541l5dyv2jjnh0f0w0000gn/T/tessera-native-services-debf4aya/build/SDKExplicitPrecompiledModules/string_h-312YFYNRCU4XX7SMZFSZT7RA9.pcm

SwiftExplicitDependencyGeneratePcm arm64 /var/folders/42/c0cl6_w541l5dyv2jjnh0f0w0000gn/T/tessera-native-services-debf4aya/build/SDKExplicitPrecompiledModules/_Builtin_intrinsics-EZ2PL30668UHNRQ4PY8VUIC6U.pcm

SwiftExplicitDependencyGeneratePcm arm64 /var/folders/42/c0cl6_w541l5dyv2jjnh0f0w0000gn/T/tessera-native-services-debf4aya/build/SDKExplicitPrecompiledModules/_DarwinFoundation3-106YT9FZGTBL4WQW8CNYT3RLB.pcm

SwiftExplicitDependencyGeneratePcm arm64 /var/folders/42/c0cl6_w541l5dyv2jjnh0f0w0000gn/T/tessera-native-services-debf4aya/build/SDKExplicitPrecompiledModules/_Builtin_stdatomic-10YH27K12QFMM52QDE03WDEIZ.pcm

SwiftExplicitDependencyGeneratePcm arm64 /var/folders/42/c0cl6_w541l5dyv2jjnh0f0w0000gn/T/tessera-native-services-debf4aya/build/SDKExplicitPrecompiledModules/_Builtin_inttypes-DB2D0MLFHGP57E0ELYVW6F8K2.pcm

SwiftExplicitDependencyGeneratePcm arm64 /var/folders/42/c0cl6_w541l5dyv2jjnh0f0w0000gn/T/tessera-native-services-debf4aya/build/SDKExplicitPrecompiledModules/Darwin-NM5KHXYHVI8I67H0UQL1BC2C.pcm

SwiftExplicitDependencyGeneratePcm arm64 /var/folders/42/c0cl6_w541l5dyv2jjnh0f0w0000gn/T/tessera-native-services-debf4aya/build/SDKExplicitPrecompiledModules/simd-4FLA19Z1799T41APOL6M0HJ3B.pcm

SwiftExplicitDependencyGeneratePcm arm64 /var/folders/42/c0cl6_w541l5dyv2jjnh0f0w0000gn/T/tessera-native-services-debf4aya/build/SDKExplicitPrecompiledModules/ObjectiveC-2JLVNPP26UG1G5OL8GUF1EAY6.pcm

SwiftExplicitDependencyGeneratePcm arm64 /var/folders/42/c0cl6_w541l5dyv2jjnh0f0w0000gn/T/tessera-native-services-debf4aya/build/SDKExplicitPrecompiledModules/MachO-25H5L73T3G4W73PQHUUHX3CMJ.pcm

SwiftExplicitDependencyGeneratePcm arm64 /var/folders/42/c0cl6_w541l5dyv2jjnh0f0w0000gn/T/tessera-native-services-debf4aya/build/SDKExplicitPrecompiledModules/os_object-N88WED1A4QPVMOQ630TMXWF8.pcm

SwiftExplicitDependencyGeneratePcm arm64 /var/folders/42/c0cl6_w541l5dyv2jjnh0f0w0000gn/T/tessera-native-services-debf4aya/build/SDKExplicitPrecompiledModules/Spatial-24IIEFA73HSBK7PJBU1V46V58.pcm

SwiftExplicitDependencyGeneratePcm arm64 /var/folders/42/c0cl6_w541l5dyv2jjnh0f0w0000gn/T/tessera-native-services-debf4aya/build/SDKExplicitPrecompiledModules/os_workgroup-DCAN9R77D5TY6RBH8DW95ARIL.pcm

SwiftExplicitDependencyGeneratePcm arm64 /var/folders/42/c0cl6_w541l5dyv2jjnh0f0w0000gn/T/tessera-native-services-debf4aya/build/SDKExplicitPrecompiledModules/Dispatch-20910CVAV808WQ9HI9JIBDY3D.pcm

SwiftExplicitDependencyGeneratePcm arm64 /var/folders/42/c0cl6_w541l5dyv2jjnh0f0w0000gn/T/tessera-native-services-debf4aya/build/SDKExplicitPrecompiledModules/XPC-C3QYSXNQSNLM0L05952DJZ2AU.pcm

SwiftExplicitDependencyGeneratePcm arm64 /var/folders/42/c0cl6_w541l5dyv2jjnh0f0w0000gn/T/tessera-native-services-debf4aya/build/SDKExplicitPrecompiledModules/CoreFoundation-2J35A9S2KD3YFDINJYY85ZNPE.pcm

SwiftExplicitDependencyGeneratePcm arm64 /var/folders/42/c0cl6_w541l5dyv2jjnh0f0w0000gn/T/tessera-native-services-debf4aya/build/SDKExplicitPrecompiledModules/os-4QAMOYO3QEC51QZL7N33KQTK4.pcm

SwiftExplicitDependencyGeneratePcm arm64 /var/folders/42/c0cl6_w541l5dyv2jjnh0f0w0000gn/T/tessera-native-services-debf4aya/build/SDKExplicitPrecompiledModules/CoreGraphics-D99I1F871HOZTDF4YJNZGU1RJ.pcm

SwiftExplicitDependencyGeneratePcm arm64 /var/folders/42/c0cl6_w541l5dyv2jjnh0f0w0000gn/T/tessera-native-services-debf4aya/build/SDKExplicitPrecompiledModules/Security-CZEYB6S7IC1Y4YY7BVZ4OO0U1.pcm

SwiftExplicitDependencyGeneratePcm arm64 /var/folders/42/c0cl6_w541l5dyv2jjnh0f0w0000gn/T/tessera-native-services-debf4aya/build/SDKExplicitPrecompiledModules/CFNetwork-3O1LH5AI8ELEKI83H5M10V1Y7.pcm

SwiftExplicitDependencyGeneratePcm arm64 /var/folders/42/c0cl6_w541l5dyv2jjnh0f0w0000gn/T/tessera-native-services-debf4aya/build/SDKExplicitPrecompiledModules/Foundation-2NOP4GT2OABMOIYIT7WPZJ5DX.pcm

SwiftExplicitDependencyGeneratePcm arm64 /var/folders/42/c0cl6_w541l5dyv2jjnh0f0w0000gn/T/tessera-native-services-debf4aya/build/SDKExplicitPrecompiledModules/ImageIO-722HDS5UPX0C7W2H9G109HVGP.pcm

SwiftExplicitDependencyGeneratePcm arm64 /var/folders/42/c0cl6_w541l5dyv2jjnh0f0w0000gn/T/tessera-native-services-debf4aya/build/SDKExplicitPrecompiledModules/CoreText-BHYRRUYW0U7EPSBDNKLW044L6.pcm

SwiftExplicitDependencyGeneratePcm arm64 /var/folders/42/c0cl6_w541l5dyv2jjnh0f0w0000gn/T/tessera-native-services-debf4aya/build/SDKExplicitPrecompiledModules/CoreTransferable-31L14W24USUFS8KLADJBLXP0A.pcm

SwiftExplicitDependencyGeneratePcm arm64 /var/folders/42/c0cl6_w541l5dyv2jjnh0f0w0000gn/T/tessera-native-services-debf4aya/build/SDKExplicitPrecompiledModules/IOSurface-80XU0Z58OWP6RN5ANUOA59B8D.pcm

SwiftExplicitDependencyGeneratePcm arm64 /var/folders/42/c0cl6_w541l5dyv2jjnh0f0w0000gn/T/tessera-native-services-debf4aya/build/SDKExplicitPrecompiledModules/_LocationEssentials-D1IHMKXYKVNTBTPRK19T3KVRE.pcm

SwiftExplicitDependencyGeneratePcm arm64 /var/folders/42/c0cl6_w541l5dyv2jjnh0f0w0000gn/T/tessera-native-services-debf4aya/build/SDKExplicitPrecompiledModules/Accessibility-4DHK4UIM8VULIUP6ODJ3ANBEV.pcm

SwiftExplicitDependencyGeneratePcm arm64 /var/folders/42/c0cl6_w541l5dyv2jjnh0f0w0000gn/T/tessera-native-services-debf4aya/build/SDKExplicitPrecompiledModules/UIUtilities-4ES5CLK21IWHCBXJASAII1CHR.pcm

SwiftExplicitDependencyGeneratePcm arm64 /var/folders/42/c0cl6_w541l5dyv2jjnh0f0w0000gn/T/tessera-native-services-debf4aya/build/SDKExplicitPrecompiledModules/DataDetection-YI45A43BP9MFRPJ3HW6GDEY3.pcm

SwiftExplicitDependencyGeneratePcm arm64 /var/folders/42/c0cl6_w541l5dyv2jjnh0f0w0000gn/T/tessera-native-services-debf4aya/build/SDKExplicitPrecompiledModules/OpenGLES-9QN39V9YQ74AHB23442IAP0GS.pcm

SwiftExplicitDependencyGeneratePcm arm64 /var/folders/42/c0cl6_w541l5dyv2jjnh0f0w0000gn/T/tessera-native-services-debf4aya/build/SDKExplicitPrecompiledModules/UserNotifications-19UFHMUOC246J02P8E7WTR4U8.pcm

SwiftExplicitDependencyGeneratePcm arm64 /var/folders/42/c0cl6_w541l5dyv2jjnh0f0w0000gn/T/tessera-native-services-debf4aya/build/SDKExplicitPrecompiledModules/Symbols-AIFCEXHSB3Y7YURHV4B00DOBY.pcm

SwiftExplicitDependencyGeneratePcm arm64 /var/folders/42/c0cl6_w541l5dyv2jjnh0f0w0000gn/T/tessera-native-services-debf4aya/build/SDKExplicitPrecompiledModules/OSLog-CGEDGLY2L6SQS901UB195JKOF.pcm

SwiftExplicitDependencyGeneratePcm arm64 /var/folders/42/c0cl6_w541l5dyv2jjnh0f0w0000gn/T/tessera-native-services-debf4aya/build/SDKExplicitPrecompiledModules/UniformTypeIdentifiers-E25KZVUR95H2XPTZAOVZ9LFR5.pcm

SwiftExplicitDependencyGeneratePcm arm64 /var/folders/42/c0cl6_w541l5dyv2jjnh0f0w0000gn/T/tessera-native-services-debf4aya/build/SDKExplicitPrecompiledModules/FileProvider-PY1SC9CSV6IGPX37V2CDEJ.pcm

SwiftExplicitDependencyGeneratePcm arm64 /var/folders/42/c0cl6_w541l5dyv2jjnh0f0w0000gn/T/tessera-native-services-debf4aya/build/SDKExplicitPrecompiledModules/CoreLocation-227ZBP5AFABHMD5YC6GJWSAUE.pcm

SwiftExplicitDependencyGeneratePcm arm64 /var/folders/42/c0cl6_w541l5dyv2jjnh0f0w0000gn/T/tessera-native-services-debf4aya/build/SDKExplicitPrecompiledModules/Metal-N0KJ0F8F5KSQ0ZTYLR7J5E0N.pcm

SwiftExplicitDependencyGeneratePcm arm64 /var/folders/42/c0cl6_w541l5dyv2jjnh0f0w0000gn/T/tessera-native-services-debf4aya/build/SDKExplicitPrecompiledModules/CoreMotion-AIB70RAZ4TB4ON4O9ESY8XF65.pcm

SwiftExplicitDependencyGeneratePcm arm64 /var/folders/42/c0cl6_w541l5dyv2jjnh0f0w0000gn/T/tessera-native-services-debf4aya/build/SDKExplicitPrecompiledModules/CoreVideo-9HFICE9VZU6X50I3JP6H6D955.pcm

SwiftExplicitDependencyGeneratePcm arm64 /var/folders/42/c0cl6_w541l5dyv2jjnh0f0w0000gn/T/tessera-native-services-debf4aya/build/SDKExplicitPrecompiledModules/QuartzCore-2F5K2FS5IWE76BWV7WFISLMWI.pcm

SwiftExplicitDependencyGeneratePcm arm64 /var/folders/42/c0cl6_w541l5dyv2jjnh0f0w0000gn/T/tessera-native-services-debf4aya/build/SDKExplicitPrecompiledModules/CoreImage-9G7I2UTJQ3WRQ4GGL5QNHE9J9.pcm

SwiftExplicitDependencyGeneratePcm arm64 /var/folders/42/c0cl6_w541l5dyv2jjnh0f0w0000gn/T/tessera-native-services-debf4aya/build/SDKExplicitPrecompiledModules/SwiftUICore-7Q4YQ280RXC29IAI521JNN7Q.pcm

SwiftExplicitDependencyGeneratePcm arm64 /var/folders/42/c0cl6_w541l5dyv2jjnh0f0w0000gn/T/tessera-native-services-debf4aya/build/SDKExplicitPrecompiledModules/UIKit-68KVZRS1CJXCZP8N4GU2T8KG3.pcm

SwiftExplicitDependencyGeneratePcm arm64 /var/folders/42/c0cl6_w541l5dyv2jjnh0f0w0000gn/T/tessera-native-services-debf4aya/build/Build/Intermediates.noindex/SwiftExplicitPrecompiledModules/XCUIAutomation-1E6ZJ69FB7VWPTWJE14GXBYTF.pcm

SwiftExplicitDependencyGeneratePcm arm64 /var/folders/42/c0cl6_w541l5dyv2jjnh0f0w0000gn/T/tessera-native-services-debf4aya/build/Build/Intermediates.noindex/SwiftExplicitPrecompiledModules/XCTest-AGVP9SOIXSIXEQFLRBVH7HHKJ.pcm

SwiftExplicitDependencyCompileModuleFromInterface arm64 /var/folders/42/c0cl6_w541l5dyv2jjnh0f0w0000gn/T/tessera-native-services-debf4aya/build/Build/Intermediates.noindex/SwiftExplicitPrecompiledModules/XCUIAutomation-28CPTPWABGFG4.swiftmodule

SwiftExplicitDependencyCompileModuleFromInterface arm64 /var/folders/42/c0cl6_w541l5dyv2jjnh0f0w0000gn/T/tessera-native-services-debf4aya/build/Build/Intermediates.noindex/SwiftExplicitPrecompiledModules/XCTest-31FO2QE6NYR8Y.swiftmodule

SwiftEmitModule normal arm64 Emitting\ module\ for\ DeviceInteractionTests (in target 'DeviceInteractionTests' from project 'TesseraInteractions')

SwiftCompile normal arm64 (in target 'DeviceInteractionTests' from project 'TesseraInteractions')
    cd /var/folders/42/c0cl6_w541l5dyv2jjnh0f0w0000gn/T/tessera-native-services-debf4aya/project


SwiftCompile normal arm64 Compiling\ DeviceInteractionTests.swift /tmp/tessera-weather-release-source/scripts/qa/device-services-uitests/DeviceInteractionTests.swift (in target 'DeviceInteractionTests' from project 'TesseraInteractions')

SwiftCompile normal arm64 /tmp/tessera-weather-release-source/scripts/qa/device-services-uitests/DeviceInteractionTests.swift (in target 'DeviceInteractionTests' from project 'TesseraInteractions')
    cd /var/folders/42/c0cl6_w541l5dyv2jjnh0f0w0000gn/T/tessera-native-services-debf4aya/project
    builtin-SwiftPerFileCompile DeviceInteractionTests.swift

SwiftDriverJobDiscovery normal arm64 Emitting module for DeviceInteractionTests (in target 'DeviceInteractionTests' from project 'TesseraInteractions')

SwiftDriver\ Compilation\ Requirements DeviceInteractionTests normal arm64 com.apple.xcode.tools.swift.compiler (in target 'DeviceInteractionTests' from project 'TesseraInteractions')
    cd /var/folders/42/c0cl6_w541l5dyv2jjnh0f0w0000gn/T/tessera-native-services-debf4aya/project
    builtin-Swift-Compilation-Requirements -- /Applications/Xcode-beta.app/Contents/Developer/Toolchains/XcodeDefault.xctoolchain/usr/bin/swiftc -module-name DeviceInteractionTests -Onone @/var/folders/42/c0cl6_w541l5dyv2jjnh0f0w0000gn/T/tessera-native-services-debf4aya/build/Build/Intermediates.noindex/TesseraInteractions.build/Debug-iphonesimulator/DeviceInteractionTests.build/Objects-normal/arm64/DeviceInteractionTests.SwiftFileList -DDEBUG -module-alias Testing\=_Testing_Unavailable -plugin-path /Applications/Xcode-beta.app/Contents/Developer/Toolchains/XcodeDefault.xctoolchain/usr/lib/swift/host/plugins/testing -enable-bare-slash-regex -enable-experimental-feature DebugDescriptionMacro -sdk /Applications/Xcode-beta.app/Contents/Developer/Platforms/iPhoneSimulator.platform/Developer/SDKs/iPhoneSimulator27.0.sdk -target arm64-apple-ios18.0-simulator -g -module-cache-path /var/folders/42/c0cl6_w541l5dyv2jjnh0f0w0000gn/T/tessera-native-services-debf4aya/build/ModuleCache.noindex -Xfrontend -serialize-debugging-options -enable-testing -index-store-path /var/folders/42/c0cl6_w541l5dyv2jjnh0f0w0000gn/T/tessera-native-services-debf4aya/build/Index.noindex/DataStore -Xcc -D_LIBCPP_HARDENING_MODE\=_LIBCPP_HARDENING_MODE_DEBUG -swift-version 5 -I /var/folders/42/c0cl6_w541l5dyv2jjnh0f0w0000gn/T/tessera-native-services-debf4aya/build/Build/Products/Debug-iphonesimulator -Isystem /Applications/Xcode-beta.app/Contents/Developer/Platforms/iPhoneSimulator.platform/Developer/usr/lib -F /var/folders/42/c0cl6_w541l5dyv2jjnh0f0w0000gn/T/tessera-native-services-debf4aya/build/Build/Products/Debug-iphonesimulator -F /Applications/Xcode-beta.app/Contents/Developer/Platforms/iPhoneSimulator.platform/Developer/Library/Frameworks -F /Applications/Xcode-beta.app/Contents/Developer/Platforms/iPhoneSimulator.platform/Developer/SDKs/iPhoneSimulator27.0.sdk/Developer/Library/Frameworks -parse-as-library -c -j15 -enable-batch-mode -incremental -Xcc -ivfsstatcache -Xcc /var/folders/42/c0cl6_w541l5dyv2jjnh0f0w0000gn/T/tessera-native-services-debf4aya/build/SDKStatCaches.noindex/iphonesimulator27.0-24A5408c-be13878bbdcd767c5c3aec63d1bf53923243818bda632a4370e1cc7a9fd181c5.sdkstatcache -output-file-map /var/folders/42/c0cl6_w541l5dyv2jjnh0f0w0000gn/T/tessera-native-services-debf4aya/build/Build/Intermediates.noindex/TesseraInteractions.build/Debug-iphonesimulator/DeviceInteractionTests.build/Objects-normal/arm64/DeviceInteractionTests-OutputFileMap.json -save-temps -no-color-diagnostics -explicit-module-build -module-cache-path /var/folders/42/c0cl6_w541l5dyv2jjnh0f0w0000gn/T/tessera-native-services-debf4aya/build/Build/Intermediates.noindex/SwiftExplicitPrecompiledModules -clang-scanner-module-cache-path /var/folders/42/c0cl6_w541l5dyv2jjnh0f0w0000gn/T/tessera-native-services-debf4aya/build/ModuleCache.noindex -sdk-module-cache-path /var/folders/42/c0cl6_w541l5dyv2jjnh0f0w0000gn/T/tessera-native-services-debf4aya/build/SDKExplicitPrecompiledModules -emit-dependencies -emit-module -emit-module-path /var/folders/42/c0cl6_w541l5dyv2jjnh0f0w0000gn/T/tessera-native-services-debf4aya/build/Build/Intermediates.noindex/TesseraInteractions.build/Debug-iphonesimulator/DeviceInteractionTests.build/Objects-normal/arm64/DeviceInteractionTests.swiftmodule -serialize-diagnostics -dependency-scan-serialize-diagnostics-path /var/folders/42/c0cl6_w541l5dyv2jjnh0f0w0000gn/T/tessera-native-services-debf4aya/build/Build/Intermediates.noindex/TesseraInteractions.build/Debug-iphonesimulator/DeviceInteractionTests.build/Objects-normal/arm64/DeviceInteractionTests-dependency-scan.dia -validate-clang-modules-once -clang-build-session-file /var/folders/42/c0cl6_w541l5dyv2jjnh0f0w0000gn/T/tessera-native-services-debf4aya/build/ModuleCache.noindex/Session.modulevalidation -Xcc -fmodules-prune-interval\=86400 -Xcc -fmodules-prune-after\=345600 -emit-const-values -const-gather-protocols-list /var/folders/42/c0cl6_w541l5dyv2jjnh0f0w0000gn/T/tessera-native-services-debf4aya/build/Build/Intermediates.noindex/TesseraInteractions.build/Debug-iphonesimulator/DeviceInteractionTests.build/Objects-normal/arm64/DeviceInteractionTests_const_extract_protocols.json -Xcc -iquote -Xcc /var/folders/42/c0cl6_w541l5dyv2jjnh0f0w0000gn/T/tessera-native-services-debf4aya/build/Build/Intermediates.noindex/TesseraInteractions.build/Debug-iphonesimulator/DeviceInteractionTests.build/DeviceInteractionTests-generated-files.hmap -Xcc -I/var/folders/42/c0cl6_w541l5dyv2jjnh0f0w0000gn/T/tessera-native-services-debf4aya/build/Build/Intermediates.noindex/TesseraInteractions.build/Debug-iphonesimulator/DeviceInteractionTests.build/DeviceInteractionTests-own-target-headers.hmap -Xcc -I/var/folders/42/c0cl6_w541l5dyv2jjnh0f0w0000gn/T/tessera-native-services-debf4aya/build/Build/Intermediates.noindex/TesseraInteractions.build/Debug-iphonesimulator/DeviceInteractionTests.build/DeviceInteractionTests-all-target-headers.hmap -Xcc -iquote -Xcc /var/folders/42/c0cl6_w541l5dyv2jjnh0f0w0000gn/T/tessera-native-services-debf4aya/build/Build/Intermediates.noindex/TesseraInteractions.build/Debug-iphonesimulator/DeviceInteractionTests.build/DeviceInteractionTests-project-headers.hmap -Xcc -I/var/folders/42/c0cl6_w541l5dyv2jjnh0f0w0000gn/T/tessera-native-services-debf4aya/build/Build/Products/Debug-iphonesimulator/include -Xcc -I/var/folders/42/c0cl6_w541l5dyv2jjnh0f0w0000gn/T/tessera-native-services-debf4aya/build/Build/Intermediates.noindex/TesseraInteractions.build/Debug-iphonesimulator/DeviceInteractionTests.build/DerivedSources-normal/arm64 -Xcc -I/var/folders/42/c0cl6_w541l5dyv2jjnh0f0w0000gn/T/tessera-native-services-debf4aya/build/Build/Intermediates.noindex/TesseraInteractions.build/Debug-iphonesimulator/DeviceInteractionTests.build/DerivedSources/arm64 -Xcc -I/var/folders/42/c0cl6_w541l5dyv2jjnh0f0w0000gn/T/tessera-native-services-debf4aya/build/Build/Intermediates.noindex/TesseraInteractions.build/Debug-iphonesimulator/DeviceInteractionTests.build/DerivedSources -Xcc -DDEBUG\=1 -emit-objc-header -emit-objc-header-path /var/folders/42/c0cl6_w541l5dyv2jjnh0f0w0000gn/T/tessera-native-services-debf4aya/build/Build/Intermediates.noindex/TesseraInteractions.build/Debug-iphonesimulator/DeviceInteractionTests.build/Objects-normal/arm64/DeviceInteractionTests-Swift.h -working-directory /var/folders/42/c0cl6_w541l5dyv2jjnh0f0w0000gn/T/tessera-native-services-debf4aya/project -experimental-emit-module-separately -disable-cmo

SwiftMergeGeneratedHeaders /var/folders/42/c0cl6_w541l5dyv2jjnh0f0w0000gn/T/tessera-native-services-debf4aya/build/Build/Intermediates.noindex/TesseraInteractions.build/Debug-iphonesimulator/DeviceInteractionTests.build/DerivedSources/DeviceInteractionTests-Swift.h /var/folders/42/c0cl6_w541l5dyv2jjnh0f0w0000gn/T/tessera-native-services-debf4aya/build/Build/Intermediates.noindex/TesseraInteractions.build/Debug-iphonesimulator/DeviceInteractionTests.build/Objects-normal/arm64/DeviceInteractionTests-Swift.h (in target 'DeviceInteractionTests' from project 'TesseraInteractions')
    cd /var/folders/42/c0cl6_w541l5dyv2jjnh0f0w0000gn/T/tessera-native-services-debf4aya/project
    builtin-swiftHeaderTool -arch arm64 /var/folders/42/c0cl6_w541l5dyv2jjnh0f0w0000gn/T/tessera-native-services-debf4aya/build/Build/Intermediates.noindex/TesseraInteractions.build/Debug-iphonesimulator/DeviceInteractionTests.build/Objects-normal/arm64/DeviceInteractionTests-Swift.h -o /var/folders/42/c0cl6_w541l5dyv2jjnh0f0w0000gn/T/tessera-native-services-debf4aya/build/Build/Intermediates.noindex/TesseraInteractions.build/Debug-iphonesimulator/DeviceInteractionTests.build/DerivedSources/DeviceInteractionTests-Swift.h

Copy /var/folders/42/c0cl6_w541l5dyv2jjnh0f0w0000gn/T/tessera-native-services-debf4aya/build/Build/Products/Debug-iphonesimulator/DeviceInteractionTests.swiftmodule/arm64-apple-ios-simulator.swiftmodule /var/folders/42/c0cl6_w541l5dyv2jjnh0f0w0000gn/T/tessera-native-services-debf4aya/build/Build/Intermediates.noindex/TesseraInteractions.build/Debug-iphonesimulator/DeviceInteractionTests.build/Objects-normal/arm64/DeviceInteractionTests.swiftmodule (in target 'DeviceInteractionTests' from project 'TesseraInteractions')
    cd /var/folders/42/c0cl6_w541l5dyv2jjnh0f0w0000gn/T/tessera-native-services-debf4aya/project
    builtin-copy -exclude .DS_Store -exclude CVS -exclude .svn -exclude .git -exclude .hg -resolve-src-symlinks -rename /var/folders/42/c0cl6_w541l5dyv2jjnh0f0w0000gn/T/tessera-native-services-debf4aya/build/Build/Intermediates.noindex/TesseraInteractions.build/Debug-iphonesimulator/DeviceInteractionTests.build/Objects-normal/arm64/DeviceInteractionTests.swiftmodule /var/folders/42/c0cl6_w541l5dyv2jjnh0f0w0000gn/T/tessera-native-services-debf4aya/build/Build/Products/Debug-iphonesimulator/DeviceInteractionTests.swiftmodule/arm64-apple-ios-simulator.swiftmodule

Copy /var/folders/42/c0cl6_w541l5dyv2jjnh0f0w0000gn/T/tessera-native-services-debf4aya/build/Build/Products/Debug-iphonesimulator/DeviceInteractionTests.swiftmodule/arm64-apple-ios-simulator.swiftdoc /var/folders/42/c0cl6_w541l5dyv2jjnh0f0w0000gn/T/tessera-native-services-debf4aya/build/Build/Intermediates.noindex/TesseraInteractions.build/Debug-iphonesimulator/DeviceInteractionTests.build/Objects-normal/arm64/DeviceInteractionTests.swiftdoc (in target 'DeviceInteractionTests' from project 'TesseraInteractions')
    cd /var/folders/42/c0cl6_w541l5dyv2jjnh0f0w0000gn/T/tessera-native-services-debf4aya/project
    builtin-copy -exclude .DS_Store -exclude CVS -exclude .svn -exclude .git -exclude .hg -resolve-src-symlinks -rename /var/folders/42/c0cl6_w541l5dyv2jjnh0f0w0000gn/T/tessera-native-services-debf4aya/build/Build/Intermediates.noindex/TesseraInteractions.build/Debug-iphonesimulator/DeviceInteractionTests.build/Objects-normal/arm64/DeviceInteractionTests.swiftdoc /var/folders/42/c0cl6_w541l5dyv2jjnh0f0w0000gn/T/tessera-native-services-debf4aya/build/Build/Products/Debug-iphonesimulator/DeviceInteractionTests.swiftmodule/arm64-apple-ios-simulator.swiftdoc

Copy /var/folders/42/c0cl6_w541l5dyv2jjnh0f0w0000gn/T/tessera-native-services-debf4aya/build/Build/Products/Debug-iphonesimulator/DeviceInteractionTests.swiftmodule/arm64-apple-ios-simulator.abi.json /var/folders/42/c0cl6_w541l5dyv2jjnh0f0w0000gn/T/tessera-native-services-debf4aya/build/Build/Intermediates.noindex/TesseraInteractions.build/Debug-iphonesimulator/DeviceInteractionTests.build/Objects-normal/arm64/DeviceInteractionTests.abi.json (in target 'DeviceInteractionTests' from project 'TesseraInteractions')
    cd /var/folders/42/c0cl6_w541l5dyv2jjnh0f0w0000gn/T/tessera-native-services-debf4aya/project
    builtin-copy -exclude .DS_Store -exclude CVS -exclude .svn -exclude .git -exclude .hg -resolve-src-symlinks -rename /var/folders/42/c0cl6_w541l5dyv2jjnh0f0w0000gn/T/tessera-native-services-debf4aya/build/Build/Intermediates.noindex/TesseraInteractions.build/Debug-iphonesimulator/DeviceInteractionTests.build/Objects-normal/arm64/DeviceInteractionTests.abi.json /var/folders/42/c0cl6_w541l5dyv2jjnh0f0w0000gn/T/tessera-native-services-debf4aya/build/Build/Products/Debug-iphonesimulator/DeviceInteractionTests.swiftmodule/arm64-apple-ios-simulator.abi.json

Copy /var/folders/42/c0cl6_w541l5dyv2jjnh0f0w0000gn/T/tessera-native-services-debf4aya/build/Build/Products/Debug-iphonesimulator/DeviceInteractionTests.swiftmodule/Project/arm64-apple-ios-simulator.swiftsourceinfo /var/folders/42/c0cl6_w541l5dyv2jjnh0f0w0000gn/T/tessera-native-services-debf4aya/build/Build/Intermediates.noindex/TesseraInteractions.build/Debug-iphonesimulator/DeviceInteractionTests.build/Objects-normal/arm64/DeviceInteractionTests.swiftsourceinfo (in target 'DeviceInteractionTests' from project 'TesseraInteractions')
    cd /var/folders/42/c0cl6_w541l5dyv2jjnh0f0w0000gn/T/tessera-native-services-debf4aya/project
    builtin-copy -exclude .DS_Store -exclude CVS -exclude .svn -exclude .git -exclude .hg -resolve-src-symlinks -rename /var/folders/42/c0cl6_w541l5dyv2jjnh0f0w0000gn/T/tessera-native-services-debf4aya/build/Build/Intermediates.noindex/TesseraInteractions.build/Debug-iphonesimulator/DeviceInteractionTests.build/Objects-normal/arm64/DeviceInteractionTests.swiftsourceinfo /var/folders/42/c0cl6_w541l5dyv2jjnh0f0w0000gn/T/tessera-native-services-debf4aya/build/Build/Products/Debug-iphonesimulator/DeviceInteractionTests.swiftmodule/Project/arm64-apple-ios-simulator.swiftsourceinfo

SwiftDriverJobDiscovery normal arm64 Compiling DeviceInteractionTests.swift (in target 'DeviceInteractionTests' from project 'TesseraInteractions')

SwiftDriver\ Compilation DeviceInteractionTests normal arm64 com.apple.xcode.tools.swift.compiler (in target 'DeviceInteractionTests' from project 'TesseraInteractions')
    cd /var/folders/42/c0cl6_w541l5dyv2jjnh0f0w0000gn/T/tessera-native-services-debf4aya/project
    builtin-Swift-Compilation -- /Applications/Xcode-beta.app/Contents/Developer/Toolchains/XcodeDefault.xctoolchain/usr/bin/swiftc -module-name DeviceInteractionTests -Onone @/var/folders/42/c0cl6_w541l5dyv2jjnh0f0w0000gn/T/tessera-native-services-debf4aya/build/Build/Intermediates.noindex/TesseraInteractions.build/Debug-iphonesimulator/DeviceInteractionTests.build/Objects-normal/arm64/DeviceInteractionTests.SwiftFileList -DDEBUG -module-alias Testing\=_Testing_Unavailable -plugin-path /Applications/Xcode-beta.app/Contents/Developer/Toolchains/XcodeDefault.xctoolchain/usr/lib/swift/host/plugins/testing -enable-bare-slash-regex -enable-experimental-feature DebugDescriptionMacro -sdk /Applications/Xcode-beta.app/Contents/Developer/Platforms/iPhoneSimulator.platform/Developer/SDKs/iPhoneSimulator27.0.sdk -target arm64-apple-ios18.0-simulator -g -module-cache-path /var/folders/42/c0cl6_w541l5dyv2jjnh0f0w0000gn/T/tessera-native-services-debf4aya/build/ModuleCache.noindex -Xfrontend -serialize-debugging-options -enable-testing -index-store-path /var/folders/42/c0cl6_w541l5dyv2jjnh0f0w0000gn/T/tessera-native-services-debf4aya/build/Index.noindex/DataStore -Xcc -D_LIBCPP_HARDENING_MODE\=_LIBCPP_HARDENING_MODE_DEBUG -swift-version 5 -I /var/folders/42/c0cl6_w541l5dyv2jjnh0f0w0000gn/T/tessera-native-services-debf4aya/build/Build/Products/Debug-iphonesimulator -Isystem /Applications/Xcode-beta.app/Contents/Developer/Platforms/iPhoneSimulator.platform/Developer/usr/lib -F /var/folders/42/c0cl6_w541l5dyv2jjnh0f0w0000gn/T/tessera-native-services-debf4aya/build/Build/Products/Debug-iphonesimulator -F /Applications/Xcode-beta.app/Contents/Developer/Platforms/iPhoneSimulator.platform/Developer/Library/Frameworks -F /Applications/Xcode-beta.app/Contents/Developer/Platforms/iPhoneSimulator.platform/Developer/SDKs/iPhoneSimulator27.0.sdk/Developer/Library/Frameworks -parse-as-library -c -j15 -enable-batch-mode -incremental -Xcc -ivfsstatcache -Xcc /var/folders/42/c0cl6_w541l5dyv2jjnh0f0w0000gn/T/tessera-native-services-debf4aya/build/SDKStatCaches.noindex/iphonesimulator27.0-24A5408c-be13878bbdcd767c5c3aec63d1bf53923243818bda632a4370e1cc7a9fd181c5.sdkstatcache -output-file-map /var/folders/42/c0cl6_w541l5dyv2jjnh0f0w0000gn/T/tessera-native-services-debf4aya/build/Build/Intermediates.noindex/TesseraInteractions.build/Debug-iphonesimulator/DeviceInteractionTests.build/Objects-normal/arm64/DeviceInteractionTests-OutputFileMap.json -save-temps -no-color-diagnostics -explicit-module-build -module-cache-path /var/folders/42/c0cl6_w541l5dyv2jjnh0f0w0000gn/T/tessera-native-services-debf4aya/build/Build/Intermediates.noindex/SwiftExplicitPrecompiledModules -clang-scanner-module-cache-path /var/folders/42/c0cl6_w541l5dyv2jjnh0f0w0000gn/T/tessera-native-services-debf4aya/build/ModuleCache.noindex -sdk-module-cache-path /var/folders/42/c0cl6_w541l5dyv2jjnh0f0w0000gn/T/tessera-native-services-debf4aya/build/SDKExplicitPrecompiledModules -emit-dependencies -emit-module -emit-module-path /var/folders/42/c0cl6_w541l5dyv2jjnh0f0w0000gn/T/tessera-native-services-debf4aya/build/Build/Intermediates.noindex/TesseraInteractions.build/Debug-iphonesimulator/DeviceInteractionTests.build/Objects-normal/arm64/DeviceInteractionTests.swiftmodule -serialize-diagnostics -dependency-scan-serialize-diagnostics-path /var/folders/42/c0cl6_w541l5dyv2jjnh0f0w0000gn/T/tessera-native-services-debf4aya/build/Build/Intermediates.noindex/TesseraInteractions.build/Debug-iphonesimulator/DeviceInteractionTests.build/Objects-normal/arm64/DeviceInteractionTests-dependency-scan.dia -validate-clang-modules-once -clang-build-session-file /var/folders/42/c0cl6_w541l5dyv2jjnh0f0w0000gn/T/tessera-native-services-debf4aya/build/ModuleCache.noindex/Session.modulevalidation -Xcc -fmodules-prune-interval\=86400 -Xcc -fmodules-prune-after\=345600 -emit-const-values -const-gather-protocols-list /var/folders/42/c0cl6_w541l5dyv2jjnh0f0w0000gn/T/tessera-native-services-debf4aya/build/Build/Intermediates.noindex/TesseraInteractions.build/Debug-iphonesimulator/DeviceInteractionTests.build/Objects-normal/arm64/DeviceInteractionTests_const_extract_protocols.json -Xcc -iquote -Xcc /var/folders/42/c0cl6_w541l5dyv2jjnh0f0w0000gn/T/tessera-native-services-debf4aya/build/Build/Intermediates.noindex/TesseraInteractions.build/Debug-iphonesimulator/DeviceInteractionTests.build/DeviceInteractionTests-generated-files.hmap -Xcc -I/var/folders/42/c0cl6_w541l5dyv2jjnh0f0w0000gn/T/tessera-native-services-debf4aya/build/Build/Intermediates.noindex/TesseraInteractions.build/Debug-iphonesimulator/DeviceInteractionTests.build/DeviceInteractionTests-own-target-headers.hmap -Xcc -I/var/folders/42/c0cl6_w541l5dyv2jjnh0f0w0000gn/T/tessera-native-services-debf4aya/build/Build/Intermediates.noindex/TesseraInteractions.build/Debug-iphonesimulator/DeviceInteractionTests.build/DeviceInteractionTests-all-target-headers.hmap -Xcc -iquote -Xcc /var/folders/42/c0cl6_w541l5dyv2jjnh0f0w0000gn/T/tessera-native-services-debf4aya/build/Build/Intermediates.noindex/TesseraInteractions.build/Debug-iphonesimulator/DeviceInteractionTests.build/DeviceInteractionTests-project-headers.hmap -Xcc -I/var/folders/42/c0cl6_w541l5dyv2jjnh0f0w0000gn/T/tessera-native-services-debf4aya/build/Build/Products/Debug-iphonesimulator/include -Xcc -I/var/folders/42/c0cl6_w541l5dyv2jjnh0f0w0000gn/T/tessera-native-services-debf4aya/build/Build/Intermediates.noindex/TesseraInteractions.build/Debug-iphonesimulator/DeviceInteractionTests.build/DerivedSources-normal/arm64 -Xcc -I/var/folders/42/c0cl6_w541l5dyv2jjnh0f0w0000gn/T/tessera-native-services-debf4aya/build/Build/Intermediates.noindex/TesseraInteractions.build/Debug-iphonesimulator/DeviceInteractionTests.build/DerivedSources/arm64 -Xcc -I/var/folders/42/c0cl6_w541l5dyv2jjnh0f0w0000gn/T/tessera-native-services-debf4aya/build/Build/Intermediates.noindex/TesseraInteractions.build/Debug-iphonesimulator/DeviceInteractionTests.build/DerivedSources -Xcc -DDEBUG\=1 -emit-objc-header -emit-objc-header-path /var/folders/42/c0cl6_w541l5dyv2jjnh0f0w0000gn/T/tessera-native-services-debf4aya/build/Build/Intermediates.noindex/TesseraInteractions.build/Debug-iphonesimulator/DeviceInteractionTests.build/Objects-normal/arm64/DeviceInteractionTests-Swift.h -working-directory /var/folders/42/c0cl6_w541l5dyv2jjnh0f0w0000gn/T/tessera-native-services-debf4aya/project -experimental-emit-module-separately -disable-cmo

Ld /var/folders/42/c0cl6_w541l5dyv2jjnh0f0w0000gn/T/tessera-native-services-debf4aya/build/Build/Products/Debug-iphonesimulator/DeviceInteractionTests-Runner.app/PlugIns/DeviceInteractionTests.xctest/DeviceInteractionTests normal (in target 'DeviceInteractionTests' from project 'TesseraInteractions')
    cd /var/folders/42/c0cl6_w541l5dyv2jjnh0f0w0000gn/T/tessera-native-services-debf4aya/project
    /Applications/Xcode-beta.app/Contents/Developer/Toolchains/XcodeDefault.xctoolchain/usr/bin/clang -Xlinker -reproducible -target arm64-apple-ios18.0-simulator -bundle -isysroot /Applications/Xcode-beta.app/Contents/Developer/Platforms/iPhoneSimulator.platform/Developer/SDKs/iPhoneSimulator27.0.sdk -O0 -Xlinker -no_warn_duplicate_libraries -L/var/folders/42/c0cl6_w541l5dyv2jjnh0f0w0000gn/T/tessera-native-services-debf4aya/build/Build/Intermediates.noindex/EagerLinkingTBDs/Debug-iphonesimulator -L/var/folders/42/c0cl6_w541l5dyv2jjnh0f0w0000gn/T/tessera-native-services-debf4aya/build/Build/Products/Debug-iphonesimulator -L/Applications/Xcode-beta.app/Contents/Developer/Platforms/iPhoneSimulator.platform/Developer/usr/lib -F/var/folders/42/c0cl6_w541l5dyv2jjnh0f0w0000gn/T/tessera-native-services-debf4aya/build/Build/Intermediates.noindex/EagerLinkingTBDs/Debug-iphonesimulator -F/var/folders/42/c0cl6_w541l5dyv2jjnh0f0w0000gn/T/tessera-native-services-debf4aya/build/Build/Products/Debug-iphonesimulator -iframework /Applications/Xcode-beta.app/Contents/Developer/Platforms/iPhoneSimulator.platform/Developer/Library/Frameworks -iframework /Applications/Xcode-beta.app/Contents/Developer/Platforms/iPhoneSimulator.platform/Developer/SDKs/iPhoneSimulator27.0.sdk/Developer/Library/Frameworks -filelist /var/folders/42/c0cl6_w541l5dyv2jjnh0f0w0000gn/T/tessera-native-services-debf4aya/build/Build/Intermediates.noindex/TesseraInteractions.build/Debug-iphonesimulator/DeviceInteractionTests.build/Objects-normal/arm64/DeviceInteractionTests.LinkFileList -Xlinker -rpath -Xlinker /usr/lib/swift -Xlinker -rpath -Xlinker @loader_path/Frameworks -Xlinker -rpath -Xlinker @executable_path/Frameworks -Xlinker -dead_strip -Xlinker -object_path_lto -Xlinker /var/folders/42/c0cl6_w541l5dyv2jjnh0f0w0000gn/T/tessera-native-services-debf4aya/build/Build/Intermediates.noindex/TesseraInteractions.build/Debug-iphonesimulator/DeviceInteractionTests.build/Objects-normal/arm64/DeviceInteractionTests_lto.o -rdynamic -Xlinker -no_deduplicate -Xlinker -objc_abi_version -Xlinker 2 -Xlinker -dependency_info -Xlinker /var/folders/42/c0cl6_w541l5dyv2jjnh0f0w0000gn/T/tessera-native-services-debf4aya/build/Build/Intermediates.noindex/TesseraInteractions.build/Debug-iphonesimulator/DeviceInteractionTests.build/Objects-normal/arm64/DeviceInteractionTests_dependency_info.dat -fobjc-link-runtime -L/Applications/Xcode-beta.app/Contents/Developer/Toolchains/XcodeDefault.xctoolchain/usr/lib/swift/iphonesimulator -L/usr/lib/swift -Xlinker -add_ast_path -Xlinker /var/folders/42/c0cl6_w541l5dyv2jjnh0f0w0000gn/T/tessera-native-services-debf4aya/build/Build/Intermediates.noindex/TesseraInteractions.build/Debug-iphonesimulator/DeviceInteractionTests.build/Objects-normal/arm64/DeviceInteractionTests.swiftmodule -Xlinker -needed_framework -Xlinker XCTest -framework XCTest -Xlinker -needed-lXCTestSwiftSupport -lXCTestSwiftSupport -o /var/folders/42/c0cl6_w541l5dyv2jjnh0f0w0000gn/T/tessera-native-services-debf4aya/build/Build/Products/Debug-iphonesimulator/DeviceInteractionTests-Runner.app/PlugIns/DeviceInteractionTests.xctest/DeviceInteractionTests

CopySwiftLibs /var/folders/42/c0cl6_w541l5dyv2jjnh0f0w0000gn/T/tessera-native-services-debf4aya/build/Build/Products/Debug-iphonesimulator/DeviceInteractionTests-Runner.app/PlugIns/DeviceInteractionTests.xctest (in target 'DeviceInteractionTests' from project 'TesseraInteractions')
    cd /var/folders/42/c0cl6_w541l5dyv2jjnh0f0w0000gn/T/tessera-native-services-debf4aya/project
    builtin-swiftStdLibTool --copy --verbose --scan-executable /var/folders/42/c0cl6_w541l5dyv2jjnh0f0w0000gn/T/tessera-native-services-debf4aya/build/Build/Products/Debug-iphonesimulator/DeviceInteractionTests-Runner.app/PlugIns/DeviceInteractionTests.xctest/DeviceInteractionTests --scan-folder /var/folders/42/c0cl6_w541l5dyv2jjnh0f0w0000gn/T/tessera-native-services-debf4aya/build/Build/Products/Debug-iphonesimulator/DeviceInteractionTests-Runner.app/PlugIns/DeviceInteractionTests.xctest/Frameworks --scan-folder /var/folders/42/c0cl6_w541l5dyv2jjnh0f0w0000gn/T/tessera-native-services-debf4aya/build/Build/Products/Debug-iphonesimulator/DeviceInteractionTests-Runner.app/PlugIns/DeviceInteractionTests.xctest/PlugIns --scan-folder /var/folders/42/c0cl6_w541l5dyv2jjnh0f0w0000gn/T/tessera-native-services-debf4aya/build/Build/Products/Debug-iphonesimulator/DeviceInteractionTests-Runner.app/PlugIns/DeviceInteractionTests.xctest/SystemExtensions --scan-folder /var/folders/42/c0cl6_w541l5dyv2jjnh0f0w0000gn/T/tessera-native-services-debf4aya/build/Build/Products/Debug-iphonesimulator/DeviceInteractionTests-Runner.app/PlugIns/DeviceInteractionTests.xctest/Extensions --platform iphonesimulator --toolchain /var/run/com.apple.security.cryptexd/mnt/com.apple.MobileAsset.MetalToolchain-v27.1.5237.12.5oW8SR/Metal.xctoolchain --toolchain /Applications/Xcode-beta.app/Contents/Developer/Toolchains/XcodeDefault.xctoolchain --destination /var/folders/42/c0cl6_w541l5dyv2jjnh0f0w0000gn/T/tessera-native-services-debf4aya/build/Build/Products/Debug-iphonesimulator/DeviceInteractionTests-Runner.app/PlugIns/DeviceInteractionTests.xctest/Frameworks --strip-bitcode --scan-executable /Applications/Xcode-beta.app/Contents/Developer/Platforms/iPhoneSimulator.platform/Developer/usr/lib/libXCTestSwiftSupport.dylib --strip-bitcode-tool /Applications/Xcode-beta.app/Contents/Developer/Toolchains/XcodeDefault.xctoolchain/usr/bin/bitcode_strip --emit-dependency-info /var/folders/42/c0cl6_w541l5dyv2jjnh0f0w0000gn/T/tessera-native-services-debf4aya/build/Build/Intermediates.noindex/TesseraInteractions.build/Debug-iphonesimulator/DeviceInteractionTests.build/SwiftStdLibToolInputDependencies.dep --filter-for-swift-os
Ignoring --strip-bitcode because --sign was not passed

ExtractAppIntentsMetadata (in target 'DeviceInteractionTests' from project 'TesseraInteractions')
    cd /var/folders/42/c0cl6_w541l5dyv2jjnh0f0w0000gn/T/tessera-native-services-debf4aya/project
    /Applications/Xcode-beta.app/Contents/Developer/Toolchains/XcodeDefault.xctoolchain/usr/bin/appintentsmetadataprocessor --toolchain-dir /var/run/com.apple.security.cryptexd/mnt/com.apple.MobileAsset.MetalToolchain-v27.1.5237.12.5oW8SR/Metal.xctoolchain --module-name DeviceInteractionTests --sdk-root /Applications/Xcode-beta.app/Contents/Developer/Platforms/iPhoneSimulator.platform/Developer/SDKs/iPhoneSimulator27.0.sdk --xcode-version 27A5237l --platform-family iOS --deployment-target 18.0 --bundle-identifier com.jalenedusei.qa.games --output /var/folders/42/c0cl6_w541l5dyv2jjnh0f0w0000gn/T/tessera-native-services-debf4aya/build/Build/Products/Debug-iphonesimulator/DeviceInteractionTests-Runner.app/PlugIns/DeviceInteractionTests.xctest --target-triple arm64-apple-ios18.0-simulator --binary-file /var/folders/42/c0cl6_w541l5dyv2jjnh0f0w0000gn/T/tessera-native-services-debf4aya/build/Build/Products/Debug-iphonesimulator/DeviceInteractionTests-Runner.app/PlugIns/DeviceInteractionTests.xctest/DeviceInteractionTests --dependency-file /var/folders/42/c0cl6_w541l5dyv2jjnh0f0w0000gn/T/tessera-native-services-debf4aya/build/Build/Intermediates.noindex/TesseraInteractions.build/Debug-iphonesimulator/DeviceInteractionTests.build/Objects-normal/arm64/DeviceInteractionTests_dependency_info.dat --stringsdata-file /var/folders/42/c0cl6_w541l5dyv2jjnh0f0w0000gn/T/tessera-native-services-debf4aya/build/Build/Intermediates.noindex/TesseraInteractions.build/Debug-iphonesimulator/DeviceInteractionTests.build/Objects-normal/arm64/ExtractedAppShortcutsMetadata.stringsdata --source-file-list /var/folders/42/c0cl6_w541l5dyv2jjnh0f0w0000gn/T/tessera-native-services-debf4aya/build/Build/Intermediates.noindex/TesseraInteractions.build/Debug-iphonesimulator/DeviceInteractionTests.build/Objects-normal/arm64/DeviceInteractionTests.SwiftFileList --metadata-file-list /var/folders/42/c0cl6_w541l5dyv2jjnh0f0w0000gn/T/tessera-native-services-debf4aya/build/Build/Intermediates.noindex/TesseraInteractions.build/Debug-iphonesimulator/DeviceInteractionTests.build/DeviceInteractionTests.DependencyMetadataFileList --static-metadata-file-list /var/folders/42/c0cl6_w541l5dyv2jjnh0f0w0000gn/T/tessera-native-services-debf4aya/build/Build/Intermediates.noindex/TesseraInteractions.build/Debug-iphonesimulator/DeviceInteractionTests.build/DeviceInteractionTests.DependencyStaticMetadataFileList --swift-const-vals-list /var/folders/42/c0cl6_w541l5dyv2jjnh0f0w0000gn/T/tessera-native-services-debf4aya/build/Build/Intermediates.noindex/TesseraInteractions.build/Debug-iphonesimulator/DeviceInteractionTests.build/Objects-normal/arm64/DeviceInteractionTests.SwiftConstValuesFileList --compile-time-extraction --deployment-aware-processing --no-app-shortcuts-localization
2026-09-27 06:59:08.254 appintentsmetadataprocessor[4050:26242646] Starting appintentsmetadataprocessor export
2026-09-27 06:59:08.256 appintentsmetadataprocessor[4050:26242646] warning: Metadata extraction skipped, no AppIntents.framework dependency found

AppIntentsSSUTraining (in target 'DeviceInteractionTests' from project 'TesseraInteractions')
    cd /var/folders/42/c0cl6_w541l5dyv2jjnh0f0w0000gn/T/tessera-native-services-debf4aya/project
    /Applications/Xcode-beta.app/Contents/Developer/Toolchains/XcodeDefault.xctoolchain/usr/bin/appintentsnltrainingprocessor --infoplist-path /var/folders/42/c0cl6_w541l5dyv2jjnh0f0w0000gn/T/tessera-native-services-debf4aya/build/Build/Products/Debug-iphonesimulator/DeviceInteractionTests-Runner.app/PlugIns/DeviceInteractionTests.xctest/Info.plist --temp-dir-path /var/folders/42/c0cl6_w541l5dyv2jjnh0f0w0000gn/T/tessera-native-services-debf4aya/build/Build/Intermediates.noindex/TesseraInteractions.build/Debug-iphonesimulator/DeviceInteractionTests.build/ssu --bundle-id com.jalenedusei.qa.games --product-path /var/folders/42/c0cl6_w541l5dyv2jjnh0f0w0000gn/T/tessera-native-services-debf4aya/build/Build/Products/Debug-iphonesimulator/DeviceInteractionTests-Runner.app/PlugIns/DeviceInteractionTests.xctest --extracted-metadata-path /var/folders/42/c0cl6_w541l5dyv2jjnh0f0w0000gn/T/tessera-native-services-debf4aya/build/Build/Products/Debug-iphonesimulator/DeviceInteractionTests-Runner.app/PlugIns/DeviceInteractionTests.xctest/Metadata.appintents --metadata-file-list /var/folders/42/c0cl6_w541l5dyv2jjnh0f0w0000gn/T/tessera-native-services-debf4aya/build/Build/Intermediates.noindex/TesseraInteractions.build/Debug-iphonesimulator/DeviceInteractionTests.build/DeviceInteractionTests.DependencyMetadataFileList --source-file /var/folders/42/c0cl6_w541l5dyv2jjnh0f0w0000gn/T/tessera-native-services-debf4aya/build/Build/Products/Debug-iphonesimulator/DeviceInteractionTests-Runner.app/PlugIns/DeviceInteractionTests.xctest/Info.plist --archive-ssu-assets
2026-09-27 06:59:08.278 appintentsnltrainingprocessor[4051:26242649] Parsing options for appintentsnltrainingprocessor
2026-09-27 06:59:08.278 appintentsnltrainingprocessor[4051:26242649] Starting AppIntents SSU YAML Generation
2026-09-27 06:59:08.280 appintentsnltrainingprocessor[4051:26242649] No AppShortcuts found - Skipping.

MkDir /var/folders/42/c0cl6_w541l5dyv2jjnh0f0w0000gn/T/tessera-native-services-debf4aya/build/Build/Products/Debug-iphonesimulator/DeviceInteractionTests-Runner.app (in target 'DeviceInteractionTests' from project 'TesseraInteractions')
    cd /var/folders/42/c0cl6_w541l5dyv2jjnh0f0w0000gn/T/tessera-native-services-debf4aya/project
    /bin/mkdir -p /var/folders/42/c0cl6_w541l5dyv2jjnh0f0w0000gn/T/tessera-native-services-debf4aya/build/Build/Products/Debug-iphonesimulator/DeviceInteractionTests-Runner.app

CopyAndPreserveArchs /var/folders/42/c0cl6_w541l5dyv2jjnh0f0w0000gn/T/tessera-native-services-debf4aya/build/Build/Products/Debug-iphonesimulator/DeviceInteractionTests-Runner.app/DeviceInteractionTests-Runner (in target 'DeviceInteractionTests' from project 'TesseraInteractions')
    cd /var/folders/42/c0cl6_w541l5dyv2jjnh0f0w0000gn/T/tessera-native-services-debf4aya/project
    /Applications/Xcode-beta.app/Contents/Developer/Toolchains/XcodeDefault.xctoolchain/usr/bin/lipo /Applications/Xcode-beta.app/Contents/Developer/Platforms/iPhoneSimulator.platform/Developer/Library/Xcode/Agents/XCTRunner.app/XCTRunner -output /var/folders/42/c0cl6_w541l5dyv2jjnh0f0w0000gn/T/tessera-native-services-debf4aya/build/Build/Products/Debug-iphonesimulator/DeviceInteractionTests-Runner.app/DeviceInteractionTests-Runner -extract arm64

CopyPlistFile /var/folders/42/c0cl6_w541l5dyv2jjnh0f0w0000gn/T/tessera-native-services-debf4aya/build/Build/Products/Debug-iphonesimulator/DeviceInteractionTests-Runner.app/Info.plist /Applications/Xcode-beta.app/Contents/Developer/Platforms/iPhoneSimulator.platform/Developer/Library/Xcode/Agents/XCTRunner.app/Info.plist (in target 'DeviceInteractionTests' from project 'TesseraInteractions')
    cd /var/folders/42/c0cl6_w541l5dyv2jjnh0f0w0000gn/T/tessera-native-services-debf4aya/project
    builtin-copyPlist --validate --convert xml1 --macro-expansion WRAPPEDPRODUCTNAME DeviceInteractionTests-Runner --macro-expansion WRAPPEDPRODUCTBUNDLEIDENTIFIER com.jalenedusei.qa.games.xctrunner --macro-expansion TESTPRODUCTNAME DeviceInteractionTests --macro-expansion TESTPRODUCTBUNDLEIDENTIFIER com.jalenedusei.qa.games --copy-value UIDeviceFamily /var/folders/42/c0cl6_w541l5dyv2jjnh0f0w0000gn/T/tessera-native-services-debf4aya/build/Build/Products/Debug-iphonesimulator/DeviceInteractionTests-Runner.app/PlugIns/DeviceInteractionTests.xctest/Info.plist --outdir /var/folders/42/c0cl6_w541l5dyv2jjnh0f0w0000gn/T/tessera-native-services-debf4aya/build/Build/Products/Debug-iphonesimulator/DeviceInteractionTests-Runner.app -- /Applications/Xcode-beta.app/Contents/Developer/Platforms/iPhoneSimulator.platform/Developer/Library/Xcode/Agents/XCTRunner.app/Info.plist

Copy /var/folders/42/c0cl6_w541l5dyv2jjnh0f0w0000gn/T/tessera-native-services-debf4aya/build/Build/Products/Debug-iphonesimulator/DeviceInteractionTests-Runner.app/PkgInfo /Applications/Xcode-beta.app/Contents/Developer/Platforms/iPhoneSimulator.platform/Developer/Library/Xcode/Agents/XCTRunner.app/PkgInfo (in target 'DeviceInteractionTests' from project 'TesseraInteractions')
    cd /var/folders/42/c0cl6_w541l5dyv2jjnh0f0w0000gn/T/tessera-native-services-debf4aya/project
    builtin-copy -exclude .DS_Store -exclude CVS -exclude .svn -exclude .git -exclude .hg -resolve-src-symlinks /Applications/Xcode-beta.app/Contents/Developer/Platforms/iPhoneSimulator.platform/Developer/Library/Xcode/Agents/XCTRunner.app/PkgInfo /var/folders/42/c0cl6_w541l5dyv2jjnh0f0w0000gn/T/tessera-native-services-debf4aya/build/Build/Products/Debug-iphonesimulator/DeviceInteractionTests-Runner.app

RegisterExecutionPolicyException /var/folders/42/c0cl6_w541l5dyv2jjnh0f0w0000gn/T/tessera-native-services-debf4aya/build/Build/Products/Debug-iphonesimulator/DeviceInteractionTests-Runner.app/PlugIns/DeviceInteractionTests.xctest (in target 'DeviceInteractionTests' from project 'TesseraInteractions')
    cd /var/folders/42/c0cl6_w541l5dyv2jjnh0f0w0000gn/T/tessera-native-services-debf4aya/project
    builtin-RegisterExecutionPolicyException /var/folders/42/c0cl6_w541l5dyv2jjnh0f0w0000gn/T/tessera-native-services-debf4aya/build/Build/Products/Debug-iphonesimulator/DeviceInteractionTests-Runner.app/PlugIns/DeviceInteractionTests.xctest

Touch /var/folders/42/c0cl6_w541l5dyv2jjnh0f0w0000gn/T/tessera-native-services-debf4aya/build/Build/Products/Debug-iphonesimulator/DeviceInteractionTests-Runner.app/PlugIns/DeviceInteractionTests.xctest (in target 'DeviceInteractionTests' from project 'TesseraInteractions')
    cd /var/folders/42/c0cl6_w541l5dyv2jjnh0f0w0000gn/T/tessera-native-services-debf4aya/project
    /usr/bin/touch -c /var/folders/42/c0cl6_w541l5dyv2jjnh0f0w0000gn/T/tessera-native-services-debf4aya/build/Build/Products/Debug-iphonesimulator/DeviceInteractionTests-Runner.app/PlugIns/DeviceInteractionTests.xctest

PruneExplicitPrecompiledModules /var/folders/42/c0cl6_w541l5dyv2jjnh0f0w0000gn/T/tessera-native-services-debf4aya/build/Build/Intermediates.noindex/ExplicitPrecompiledModules

PruneExplicitPrecompiledModules /var/folders/42/c0cl6_w541l5dyv2jjnh0f0w0000gn/T/tessera-native-services-debf4aya/build/SDKExplicitPrecompiledModules

PruneExplicitPrecompiledModules /var/folders/42/c0cl6_w541l5dyv2jjnh0f0w0000gn/T/tessera-native-services-debf4aya/build/Build/Intermediates.noindex/SwiftExplicitPrecompiledModules

2026-09-27 06:59:09.417218-0400 DeviceInteractionTests-Runner[4070:26242820] [Default] Running tests...
    t =      nans Interface orientation changed to Portrait
Test Suite 'All tests' started at 2026-09-27 06:59:10.239.
Test Suite 'DeviceInteractionTests.xctest' started at 2026-09-27 06:59:10.239.
Test Suite 'DeviceInteractionTests' started at 2026-09-27 06:59:10.239.
Test Case '-[DeviceInteractionTests.DeviceInteractionTests testAirPlayExternalCannotBeRenamed]' started.
    t =     0.00s Start Test at 2026-09-27 06:59:10.241
objc[4070]: Class UIAccessibilityLoaderWebShared is implemented in both /Library/Developer/CoreSimulator/Volumes/iOS_23F77/Library/Developer/CoreSimulator/Profiles/Runtimes/iOS 26.5.simruntime/Contents/Resources/RuntimeRoot/System/Library/AccessibilityBundles/WebCore.axbundle/WebCore (0x104f50310) and /Library/Developer/CoreSimulator/Volumes/iOS_23F77/Library/Developer/CoreSimulator/Profiles/Runtimes/iOS 26.5.simruntime/Contents/Resources/RuntimeRoot/System/Library/AccessibilityBundles/WebKit.axbundle/WebKit (0x104fec398). This may cause spurious casting failures and mysterious crashes. One of the duplicates must be removed or renamed.
    t =     0.07s Set Up
    t =     0.14s Open com.jalenedusei.tessera
    t =     0.14s     Launch com.jalenedusei.tessera
    t =     0.14s         Terminate com.jalenedusei.tessera:3871
    t =     1.26s         Wait for accessibility to load
    t =     1.26s         Setting up automation session
    t =     1.65s         Wait for com.jalenedusei.tessera to idle
    t =     3.88s Wait for com.jalenedusei.tessera to become Running Foreground
    t =     3.88s Waiting 12.0s for NavigationBar (First Match) to exist
    t =     4.92s     Checking `Expect predicate `existsNoRetry == 1` for object NavigationBar (First Match)`
    t =     4.92s         Checking existence of `NavigationBar (First Match)`
    t =     4.95s Checking existence of `"airplay.external" Any`
    t =     5.03s Checking existence of `"airplay.external" Any`
    t =     5.08s Checking existence of `"airplay.editName" Button`
    t =     5.11s Tear Down
Test Case '-[DeviceInteractionTests.DeviceInteractionTests testAirPlayExternalCannotBeRenamed]' passed (5.352 seconds).
Test Case '-[DeviceInteractionTests.DeviceInteractionTests testAirPlayFailedRenameKeepsDraft]' started.
    t =     0.00s Start Test at 2026-09-27 06:59:15.594
    t =     0.02s Set Up
    t =     0.02s Open com.jalenedusei.tessera
    t =     0.03s     Launch com.jalenedusei.tessera
    t =     0.03s         Terminate com.jalenedusei.tessera:4099
    t =     1.16s         Setting up automation session
    t =     1.52s         Wait for com.jalenedusei.tessera to idle
    t =     3.83s Wait for com.jalenedusei.tessera to become Running Foreground
    t =     3.83s Waiting 12.0s for NavigationBar (First Match) to exist
    t =     4.86s     Checking `Expect predicate `existsNoRetry == 1` for object NavigationBar (First Match)`
    t =     4.86s         Checking existence of `NavigationBar (First Match)`
    t =     4.90s Waiting 8.0s for "airplay.editName" Button to exist
    t =     5.93s     Checking `Expect predicate `existsNoRetry == 1` for object "airplay.editName" Button`
    t =     5.93s         Checking existence of `"airplay.editName" Button`
    t =     5.97s Checking existence of `"airplay.editName" Button`
    t =     5.99s Tap "airplay.editName" Button
    t =     5.99s     Wait for com.jalenedusei.tessera to idle
    t =     6.00s     Find the "airplay.editName" Button
    t =     6.02s     Check for interrupting elements affecting "airplay.editName" Button
    t =     6.06s     Synthesize event
    t =     6.36s     Wait for com.jalenedusei.tessera to idle
    t =     6.53s Checking existence of `"airplay.name" TextField`
    t =     6.60s Tap "airplay.name" TextField
    t =     6.60s     Wait for com.jalenedusei.tessera to idle
    t =     6.93s     Find the "airplay.name" TextField
    t =     6.97s     Check for interrupting elements affecting "airplay.name" TextField
    t =     7.01s     Synthesize event
    t =     7.01s         Scroll element to visible
    t =     7.02s         Find the "airplay.name" TextField
    t =     7.05s         Computed hit point {201, 393.6666666666668} after scrolling to visible
    t =     7.34s     Wait for com.jalenedusei.tessera to idle
    t =     8.19s Find the "airplay.name" TextField
    t =     8.23s Type 'Studio wall' into "airplay.name" TextField
    t =     8.23s     Wait for com.jalenedusei.tessera to idle
    t =     8.23s     Find the "airplay.name" TextField
    t =     8.27s     Check for interrupting elements affecting "airplay.name" TextField
    t =     8.30s     Synthesize event
    t =     8.80s     Wait for com.jalenedusei.tessera to idle
    t =     8.81s Swipe up Application 'com.jalenedusei.tessera'
    t =     8.81s     Wait for com.jalenedusei.tessera to idle
    t =     8.82s     Find the Application 'com.jalenedusei.tessera'
    t =     8.84s     Check for interrupting elements affecting "Tessera" Application
    t =     8.87s     Synthesize event
    t =     9.29s     Wait for com.jalenedusei.tessera to idle
    t =    10.69s Waiting 8.0s for "airplay.saveName" Button to exist
    t =    11.72s     Checking `Expect predicate `existsNoRetry == 1` for object "airplay.saveName" Button`
    t =    11.72s         Checking existence of `"airplay.saveName" Button`
    t =    11.76s Checking existence of `"airplay.saveName" Button`
    t =    11.79s Tap "airplay.saveName" Button
    t =    11.79s     Wait for com.jalenedusei.tessera to idle
    t =    11.79s     Find the "airplay.saveName" Button
    t =    11.82s     Check for interrupting elements affecting "airplay.saveName" Button
    t =    11.85s     Synthesize event
    t =    11.86s         Scroll element to visible
    t =    11.86s         Find the "airplay.saveName" Button
    t =    11.90s         Computed hit point {80.5, 181.33333333333337} after scrolling to visible
    t =    12.18s     Wait for com.jalenedusei.tessera to idle
    t =    13.02s Waiting 8.0s for "airplay.problem" Other to exist
    t =    14.05s     Checking `Expect predicate `existsNoRetry == 1` for object "airplay.problem" Other`
    t =    14.05s         Checking existence of `"airplay.problem" Other`
    t =    14.08s         Capturing element debug description
    t =    15.12s     Checking `Expect predicate `existsNoRetry == 1` for object "airplay.problem" Other`
    t =    15.12s         Checking existence of `"airplay.problem" Other`
    t =    15.15s         Capturing element debug description
    t =    16.08s     Checking `Expect predicate `existsNoRetry == 1` for object "airplay.problem" Other`
    t =    16.08s         Checking existence of `"airplay.problem" Other`
    t =    16.11s         Capturing element debug description
    t =    17.04s     Checking `Expect predicate `existsNoRetry == 1` for object "airplay.problem" Other`
    t =    17.04s         Checking existence of `"airplay.problem" Other`
    t =    17.07s         Capturing element debug description
    t =    18.10s     Checking `Expect predicate `existsNoRetry == 1` for object "airplay.problem" Other`
    t =    18.11s         Checking existence of `"airplay.problem" Other`
    t =    18.13s         Capturing element debug description
    t =    19.06s     Checking `Expect predicate `existsNoRetry == 1` for object "airplay.problem" Other`
    t =    19.06s         Checking existence of `"airplay.problem" Other`
    t =    19.09s         Capturing element debug description
    t =    20.03s     Checking `Expect predicate `existsNoRetry == 1` for object "airplay.problem" Other`
    t =    20.03s         Checking existence of `"airplay.problem" Other`
    t =    20.06s         Capturing element debug description
    t =    21.02s     Checking `Expect predicate `existsNoRetry == 1` for object "airplay.problem" Other`
    t =    21.02s         Checking existence of `"airplay.problem" Other`
    t =    21.05s         Capturing element debug description
    t =    21.05s     Checking existence of `"airplay.problem" Other`
    t =    21.08s Collecting debug information to assist test failure triage
    t =    21.08s     Requesting snapshot of accessibility hierarchy for app with pid 4167
    t =    21.12s Checking existence of `"airplay.problem" StaticText`
    t =    21.15s Find the "airplay.name" TextField
    t =    21.17s Tear Down
Test Case '-[DeviceInteractionTests.DeviceInteractionTests testAirPlayFailedRenameKeepsDraft]' passed (21.430 seconds).
Test Case '-[DeviceInteractionTests.DeviceInteractionTests testHomeKitCodeShowsAndHides]' started.
    t =     0.00s Start Test at 2026-09-27 06:59:37.025
    t =     0.03s Set Up
    t =     0.04s Open com.jalenedusei.tessera
    t =     0.04s     Launch com.jalenedusei.tessera
    t =     0.04s         Terminate com.jalenedusei.tessera:4167
    t =     1.18s         Setting up automation session
    t =     1.61s         Wait for com.jalenedusei.tessera to idle
    t =     4.31s Wait for com.jalenedusei.tessera to become Running Foreground
    t =     4.31s Waiting 12.0s for NavigationBar (First Match) to exist
    t =     5.34s     Checking `Expect predicate `existsNoRetry == 1` for object NavigationBar (First Match)`
    t =     5.35s         Checking existence of `NavigationBar (First Match)`
    t =     5.39s Waiting 8.0s for "homekit.showCode" Button to exist
    t =     6.42s     Checking `Expect predicate `existsNoRetry == 1` for object "homekit.showCode" Button`
    t =     6.42s         Checking existence of `"homekit.showCode" Button`
    t =     6.47s Checking existence of `"homekit.showCode" Button`
    t =     6.49s Tap "homekit.showCode" Button
    t =     6.49s     Wait for com.jalenedusei.tessera to idle
    t =     6.49s     Find the "homekit.showCode" Button
    t =     6.51s     Check for interrupting elements affecting "homekit.showCode" Button
    t =     6.54s     Synthesize event
    t =     6.82s     Wait for com.jalenedusei.tessera to idle
    t =     6.83s Waiting 8.0s for "Setup code is on the wall." StaticText to exist
    t =     7.86s     Checking `Expect predicate `existsNoRetry == 1` for object "Setup code is on the wall." StaticText`
    t =     7.86s         Checking existence of `"Setup code is on the wall." StaticText`
    t =     7.89s Waiting 8.0s for "homekit.showCode" Button to exist
    t =     8.92s     Checking `Expect predicate `existsNoRetry == 1` for object "homekit.showCode" Button`
    t =     8.92s         Checking existence of `"homekit.showCode" Button`
    t =     8.95s Checking existence of `"homekit.showCode" Button`
    t =     8.98s Tap "homekit.showCode" Button
    t =     8.98s     Wait for com.jalenedusei.tessera to idle
    t =     8.98s     Find the "homekit.showCode" Button
    t =     9.00s     Check for interrupting elements affecting "homekit.showCode" Button
    t =     9.03s     Synthesize event
    t =     9.32s     Wait for com.jalenedusei.tessera to idle
    t =     9.32s Waiting 8.0s for "The wall has returned to its previous view." StaticText to exist
    t =    10.36s     Checking `Expect predicate `existsNoRetry == 1` for object "The wall has returned to its previous view." StaticText`
    t =    10.36s         Checking existence of `"The wall has returned to its previous view." StaticText`
    t =    10.39s Tear Down
Test Case '-[DeviceInteractionTests.DeviceInteractionTests testHomeKitCodeShowsAndHides]' passed (10.622 seconds).
Test Case '-[DeviceInteractionTests.DeviceInteractionTests testHomeKitPairedHidesSetupCode]' started.
    t =     0.00s Start Test at 2026-09-27 06:59:47.649
    t =     0.02s Set Up
    t =     0.03s Open com.jalenedusei.tessera
    t =     0.03s     Launch com.jalenedusei.tessera
    t =     0.03s         Terminate com.jalenedusei.tessera:4358
    t =     1.15s         Setting up automation session
    t =     1.53s         Wait for com.jalenedusei.tessera to idle
    t =     3.43s Wait for com.jalenedusei.tessera to become Running Foreground
    t =     3.43s Waiting 12.0s for NavigationBar (First Match) to exist
    t =     4.45s     Checking `Expect predicate `existsNoRetry == 1` for object NavigationBar (First Match)`
    t =     4.45s         Checking existence of `NavigationBar (First Match)`
    t =     4.48s Checking existence of `"homekit.paired" Any`
    t =     4.55s Checking existence of `"homekit.paired" Any`
    t =     4.59s Checking existence of `"homekit.code" StaticText`
    t =     4.62s Checking existence of `"homekit.showCode" Button`
    t =     4.65s Tear Down
Test Case '-[DeviceInteractionTests.DeviceInteractionTests testHomeKitPairedHidesSetupCode]' passed (4.878 seconds).
Test Case '-[DeviceInteractionTests.DeviceInteractionTests testImagesKeyRemainsSecure]' started.
    t =     0.00s Start Test at 2026-09-27 06:59:52.527
    t =     0.02s Set Up
    t =     0.02s Open com.jalenedusei.tessera
    t =     0.02s     Launch com.jalenedusei.tessera
    t =     0.02s         Terminate com.jalenedusei.tessera:4733
    t =     1.14s         Setting up automation session
    t =     1.50s         Wait for com.jalenedusei.tessera to idle
    t =     3.48s Wait for com.jalenedusei.tessera to become Running Foreground
    t =     3.48s Waiting 12.0s for NavigationBar (First Match) to exist
    t =     4.52s     Checking `Expect predicate `existsNoRetry == 1` for object NavigationBar (First Match)`
    t =     4.52s         Checking existence of `NavigationBar (First Match)`
    t =     4.55s Checking existence of `"images.key" SecureTextField`
    t =     4.62s Tap "images.key" SecureTextField
    t =     4.62s     Wait for com.jalenedusei.tessera to idle
    t =     4.63s     Find the "images.key" SecureTextField
    t =     4.67s     Check for interrupting elements affecting "images.key" SecureTextField
    t =     4.70s     Synthesize event
    t =     4.99s     Wait for com.jalenedusei.tessera to idle
    t =     5.03s Type '<redacted>' into "images.key" SecureTextField
    t =     5.03s     Wait for com.jalenedusei.tessera to idle
    t =     6.50s     Find the "images.key" SecureTextField
    t =     6.54s     Check for interrupting elements affecting "images.key" SecureTextField
    t =     6.57s     Synthesize event
    t =     6.82s     Wait for com.jalenedusei.tessera to idle
    t =     6.82s Find the "images.save" Button
    t =     6.86s Tear Down
Test Case '-[DeviceInteractionTests.DeviceInteractionTests testImagesKeyRemainsSecure]' passed (7.081 seconds).
Test Case '-[DeviceInteractionTests.DeviceInteractionTests testImagesSwitchClearsKeyWithoutGenerating]' started.
    t =     0.00s Start Test at 2026-09-27 06:59:59.608
    t =     0.02s Set Up
    t =     0.03s Open com.jalenedusei.tessera
    t =     0.03s     Launch com.jalenedusei.tessera
    t =     0.03s         Terminate com.jalenedusei.tessera:4837
    t =     1.16s         Setting up automation session
    t =     1.53s         Wait for com.jalenedusei.tessera to idle
    t =     4.08s Wait for com.jalenedusei.tessera to become Running Foreground
    t =     4.08s Waiting 12.0s for NavigationBar (First Match) to exist
    t =     5.12s     Checking `Expect predicate `existsNoRetry == 1` for object NavigationBar (First Match)`
    t =     5.12s         Checking existence of `NavigationBar (First Match)`
    t =     5.15s Waiting 8.0s for "images.provider.google" Button to exist
    t =     6.18s     Checking `Expect predicate `existsNoRetry == 1` for object "images.provider.google" Button`
    t =     6.18s         Checking existence of `"images.provider.google" Button`
    t =     6.22s Checking existence of `"images.provider.google" Button`
    t =     6.25s Tap "images.provider.google" Button
    t =     6.25s     Wait for com.jalenedusei.tessera to idle
    t =     6.25s     Find the "images.provider.google" Button
    t =     6.27s     Check for interrupting elements affecting "images.provider.google" Button
    t =     6.30s     Synthesize event
    t =     6.58s     Wait for com.jalenedusei.tessera to idle
    t =     6.58s Waiting 8.0s for "images.confirmSwitch" Button to exist
    t =     7.61s     Checking `Expect predicate `existsNoRetry == 1` for object "images.confirmSwitch" Button`
    t =     7.62s         Checking existence of `"images.confirmSwitch" Button`
    t =     7.65s Checking existence of `"images.confirmSwitch" Button`
    t =     7.67s Tap "images.confirmSwitch" Button
    t =     7.67s     Wait for com.jalenedusei.tessera to idle
    t =     7.67s     Find the "images.confirmSwitch" Button
    t =     7.70s     Check for interrupting elements affecting "images.confirmSwitch" Button
    t =     7.72s     Synthesize event
    t =     8.01s     Wait for com.jalenedusei.tessera to idle
    t =     8.01s Waiting 8.0s for "images.notice" StaticText to exist
    t =     9.04s     Checking `Expect predicate `existsNoRetry == 1` for object "images.notice" StaticText`
    t =     9.05s         Checking existence of `"images.notice" StaticText`
    t =     9.08s Tear Down
Test Case '-[DeviceInteractionTests.DeviceInteractionTests testImagesSwitchClearsKeyWithoutGenerating]' passed (9.292 seconds).
Test Case '-[DeviceInteractionTests.DeviceInteractionTests testMacDisconnectPersists]' started.
    t =     0.00s Start Test at 2026-09-27 07:00:08.901
    t =     0.02s Set Up
    t =     0.03s Open com.jalenedusei.tessera
    t =     0.03s     Launch com.jalenedusei.tessera
    t =     0.03s         Terminate com.jalenedusei.tessera:4895
    t =     1.16s         Setting up automation session
    t =     1.52s         Wait for com.jalenedusei.tessera to idle
    t =     3.80s Wait for com.jalenedusei.tessera to become Running Foreground
    t =     3.80s Waiting 12.0s for NavigationBar (First Match) to exist
    t =     4.83s     Checking `Expect predicate `existsNoRetry == 1` for object NavigationBar (First Match)`
    t =     4.83s         Checking existence of `NavigationBar (First Match)`
    t =     4.85s Waiting 8.0s for "mac.disconnect" Button to exist
    t =     5.88s     Checking `Expect predicate `existsNoRetry == 1` for object "mac.disconnect" Button`
    t =     5.88s         Checking existence of `"mac.disconnect" Button`
    t =     5.92s Checking existence of `"mac.disconnect" Button`
    t =     5.94s Tap "mac.disconnect" Button
    t =     5.94s     Wait for com.jalenedusei.tessera to idle
    t =     5.95s     Find the "mac.disconnect" Button
    t =     5.97s     Check for interrupting elements affecting "mac.disconnect" Button
    t =     5.99s     Synthesize event
    t =     6.28s     Wait for com.jalenedusei.tessera to idle
    t =     6.28s Waiting 8.0s for "mac.confirmDisconnect" Button to exist
    t =     7.31s     Checking `Expect predicate `existsNoRetry == 1` for object "mac.confirmDisconnect" Button`
    t =     7.31s         Checking existence of `"mac.confirmDisconnect" Button`
    t =     7.34s Checking existence of `"mac.confirmDisconnect" Button`
    t =     7.37s Tap "mac.confirmDisconnect" Button
    t =     7.37s     Wait for com.jalenedusei.tessera to idle
    t =     7.37s     Find the "mac.confirmDisconnect" Button
    t =     7.39s     Check for interrupting elements affecting "mac.confirmDisconnect" Button
    t =     7.42s     Synthesize event
    t =     7.70s     Wait for com.jalenedusei.tessera to idle
    t =     7.70s Waiting 8.0s for "Mac disconnected." StaticText to exist
    t =     8.73s     Checking `Expect predicate `existsNoRetry == 1` for object "Mac disconnected." StaticText`
    t =     8.74s         Checking existence of `"Mac disconnected." StaticText`
    t =     8.76s Pressing Home button
    t =     9.23s Open com.jalenedusei.tessera
    t =     9.23s     Activate com.jalenedusei.tessera
    t =     9.72s         Wait for com.jalenedusei.tessera to idle
    t =    10.86s Tear Down
Test Case '-[DeviceInteractionTests.DeviceInteractionTests testMacDisconnectPersists]' passed (11.103 seconds).
Test Case '-[DeviceInteractionTests.DeviceInteractionTests testMacInvalidAddressCannotSave]' started.
    t =     0.00s Start Test at 2026-09-27 07:00:20.004
    t =     0.02s Set Up
    t =     0.03s Open com.jalenedusei.tessera
    t =     0.03s     Launch com.jalenedusei.tessera
    t =     0.03s         Terminate com.jalenedusei.tessera:5011
    t =     1.16s         Setting up automation session
    t =     1.53s         Wait for com.jalenedusei.tessera to idle
    t =     4.15s Wait for com.jalenedusei.tessera to become Running Foreground
    t =     4.15s Waiting 12.0s for NavigationBar (First Match) to exist
    t =     5.17s     Checking `Expect predicate `existsNoRetry == 1` for object NavigationBar (First Match)`
    t =     5.17s         Checking existence of `NavigationBar (First Match)`
    t =     5.20s Checking existence of `"mac.address" TextField`
    t =     5.26s Tap "mac.address" TextField
    t =     5.26s     Wait for com.jalenedusei.tessera to idle
    t =     5.27s     Find the "mac.address" TextField
    t =     5.30s     Check for interrupting elements affecting "mac.address" TextField
    t =     5.32s     Synthesize event
    t =     5.61s     Wait for com.jalenedusei.tessera to idle
    t =     5.64s Type 'http://user:secret...' into "mac.address" TextField
    t =     5.64s     Wait for com.jalenedusei.tessera to idle
    t =     6.01s     Find the "mac.address" TextField
    t =     6.05s     Check for interrupting elements affecting "mac.address" TextField
    t =     6.08s     Synthesize event
    t =     6.73s     Wait for com.jalenedusei.tessera to idle
    t =     6.97s Find the "mac.save" Button
    t =     7.01s Tear Down
Test Case '-[DeviceInteractionTests.DeviceInteractionTests testMacInvalidAddressCannotSave]' passed (7.259 seconds).
Test Case '-[DeviceInteractionTests.DeviceInteractionTests testPosterLookupDoesNotChangeWallMode]' started.
    t =     0.00s Start Test at 2026-09-27 07:00:27.263
    t =     0.02s Set Up
    t =     0.02s Open com.jalenedusei.tessera
    t =     0.02s     Launch com.jalenedusei.tessera
    t =     0.02s         Terminate com.jalenedusei.tessera:5065
    t =     1.14s         Setting up automation session
    t =     1.51s         Wait for com.jalenedusei.tessera to idle
    t =     3.79s Wait for com.jalenedusei.tessera to become Running Foreground
    t =     3.79s Waiting 12.0s for NavigationBar (First Match) to exist
    t =     4.83s     Checking `Expect predicate `existsNoRetry == 1` for object NavigationBar (First Match)`
    t =     4.83s         Checking existence of `NavigationBar (First Match)`
    t =     4.86s Checking existence of `"posters.title" TextField`
    t =     4.93s Tap "posters.title" TextField
    t =     4.93s     Wait for com.jalenedusei.tessera to idle
    t =     4.95s     Find the "posters.title" TextField
    t =     4.98s     Check for interrupting elements affecting "posters.title" TextField
    t =     5.01s     Synthesize event
    t =     5.30s     Wait for com.jalenedusei.tessera to idle
    t =     5.40s Type 'Unknown film
' into "posters.title" TextField
    t =     5.40s     Wait for com.jalenedusei.tessera to idle
    t =     5.75s     Find the "posters.title" TextField
    t =     5.80s     Check for interrupting elements affecting "posters.title" TextField
    t =     5.85s     Synthesize event
    t =     6.27s     Wait for com.jalenedusei.tessera to idle
    t =     7.22s Checking existence of `"posters.noMatch" Any`
    t =     7.27s Waiting 8.0s for "posters.noMatch" Any to exist
    t =     8.31s     Checking `Expect predicate `existsNoRetry == 1` for object "posters.noMatch" Any`
    t =     8.31s         Checking existence of `"posters.noMatch" Any`
    t =     8.37s Tear Down
Test Case '-[DeviceInteractionTests.DeviceInteractionTests testPosterLookupDoesNotChangeWallMode]' passed (8.611 seconds).
Test Suite 'DeviceInteractionTests' passed at 2026-09-27 07:00:35.874.
	 Executed 9 tests, with 0 failures (0 unexpected) in 85.628 (85.635) seconds
Test Suite 'DeviceInteractionTests.xctest' passed at 2026-09-27 07:00:35.875.
	 Executed 9 tests, with 0 failures (0 unexpected) in 85.628 (85.636) seconds
Test Suite 'All tests' passed at 2026-09-27 07:00:35.876.
	 Executed 9 tests, with 0 failures (0 unexpected) in 85.628 (85.637) seconds
2026-09-27 07:00:36.216 xcodebuild[3850:26241296] [MT] IDETestOperationsObserverDebug: 87.906 elapsed -- Testing started completed.
2026-09-27 07:00:36.216 xcodebuild[3850:26241296] [MT] IDETestOperationsObserverDebug: 0.000 sec, +0.000 sec -- start
2026-09-27 07:00:36.216 xcodebuild[3850:26241296] [MT] IDETestOperationsObserverDebug: 87.906 sec, +87.906 sec -- end

Test session results, code coverage, and logs:
	/var/folders/42/c0cl6_w541l5dyv2jjnh0f0w0000gn/T/tessera-native-services-debf4aya/run.xcresult

** TEST SUCCEEDED **

Testing started
